id,dish_id,customer_id,placed_at
ORD_PNR_00001,DISH_PNR_001,CUST_00001,2026-09-18T12:00:00
ORD_PNR_00002,DISH_PNR_002,CUST_00002,2026-09-18T12:02:00
ORD_PNR_00003,DISH_PNR_003,CUST_00003,2026-09-18T12:04:00
ORD_PNR_00004,DISH_PNR_004,CUST_00004,2026-09-18T12:06:00
ORD_PNR_00005,DISH_PNR_005,CUST_00005,2026-09-18T12:08:00
ORD_PNR_00006,DISH_PNR_006,CUST_00006,2026-09-18T12:10:00
ORD_PNR_00007,DISH_PNR_007,CUST_00007,2026-09-18T12:12:00
ORD_PNR_00008,DISH_PNR_008,CUST_00008,2026-09-18T12:14:00
ORD_PNR_00009,DISH_PNR_009,CUST_00009,2026-09-18T12:16:00
ORD_PNR_00010,DISH_PNR_010,CUST_00010,2026-09-18T12:18:00
ORD_PNR_00011,DISH_PNR_011,CUST_00011,2026-09-18T12:20:00
ORD_PNR_00012,DISH_PNR_012,CUST_00012,2026-09-18T12:22:00
ORD_PNR_00013,DISH_PNR_013,CUST_00013,2026-09-18T12:24:00
ORD_PNR_00014,DISH_PNR_014,CUST_00014,2026-09-18T12:26:00
ORD_PNR_00015,DISH_PNR_015,CUST_00015,2026-09-18T12:28:00
ORD_PNR_00016,DISH_PNR_016,CUST_00016,2026-09-18T12:30:00
ORD_PNR_00017,DISH_PNR_017,CUST_00017,2026-09-18T12:32:00
ORD_PNR_00018,DISH_PNR_018,CUST_00018,2026-09-18T12:34:00
ORD_PNR_00019,DISH_PNR_019,CUST_00019,2026-09-18T12:36:00
ORD_PNR_00020,DISH_PNR_020,CUST_00020,2026-09-18T12:38:00
ORD_PNR_00021,DISH_PNR_021,CUST_00021,2026-09-18T12:40:00
ORD_PNR_00022,DISH_PNR_022,CUST_00022,2026-09-18T12:42:00
ORD_PNR_00023,DISH_PNR_023,CUST_00023,2026-09-18T12:44:00
ORD_PNR_00024,DISH_PNR_024,CUST_00024,2026-09-18T12:46:00
ORD_PNR_00025,DISH_PNR_025,CUST_00025,2026-09-18T12:48:00
ORD_PNR_00026,DISH_PNR_026,CUST_00026,2026-09-18T12:50:00
ORD_PNR_00027,DISH_PNR_027,CUST_00027,2026-09-18T12:52:00
ORD_PNR_00028,DISH_PNR_028,CUST_00028,2026-09-18T12:54:00
ORD_PNR_00029,DISH_PNR_029,CUST_00029,2026-09-18T12:56:00
ORD_PNR_00030,DISH_PNR_030,CUST_00030,2026-09-18T12:58:00
ORD_PNR_00031,DISH_PNR_031,CUST_00031,2026-09-18T13:00:00
ORD_PNR_00032,DISH_PNR_032,CUST_00032,2026-09-18T13:02:00
ORD_PNR_00033,DISH_PNR_033,CUST_00033,2026-09-18T13:04:00
ORD_PNR_00034,DISH_PNR_034,CUST_00034,2026-09-18T13:06:00
ORD_PNR_00035,DISH_PNR_035,CUST_00035,2026-09-18T13:08:00
ORD_PNR_00036,DISH_PNR_036,CUST_00036,2026-09-18T13:10:00
ORD_PNR_00037,DISH_PNR_037,CUST_00037,2026-09-18T13:12:00
ORD_PNR_00038,DISH_PNR_038,CUST_00038,2026-09-18T13:14:00
ORD_PNR_00039,DISH_PNR_039,CUST_00039,2026-09-18T13:16:00
ORD_PNR_00040,DISH_PNR_040,CUST_00040,2026-09-18T13:18:00
ORD_PNR_00041,DISH_PNR_041,CUST_00041,2026-09-18T13:20:00
ORD_PNR_00042,DISH_PNR_042,CUST_00042,2026-09-18T13:22:00
ORD_PNR_00043,DISH_PNR_043,CUST_00043,2026-09-18T13:24:00
ORD_PNR_00044,DISH_PNR_044,CUST_00044,2026-09-18T13:26:00
ORD_PNR_00045,DISH_PNR_045,CUST_00045,2026-09-18T13:28:00
ORD_PNR_00046,DISH_PNR_046,CUST_00046,2026-09-18T13:30:00
ORD_PNR_00047,DISH_PNR_047,CUST_00047,2026-09-18T13:32:00
ORD_PNR_00048,DISH_PNR_001,CUST_00048,2026-09-18T13:34:00
ORD_PNR_00049,DISH_PNR_002,CUST_00049,2026-09-18T13:36:00
ORD_PNR_00050,DISH_PNR_003,CUST_00050,2026-09-18T13:38:00
ORD_PNR_00051,DISH_PNR_004,CUST_00051,2026-09-18T13:40:00
ORD_PNR_00052,DISH_PNR_005,CUST_00052,2026-09-18T13:42:00
ORD_PNR_00053,DISH_PNR_006,CUST_00053,2026-09-18T13:44:00
ORD_PNR_00054,DISH_PNR_007,CUST_00054,2026-09-18T13:46:00
ORD_PNR_00055,DISH_PNR_008,CUST_00055,2026-09-18T13:48:00
ORD_PNR_00056,DISH_PNR_009,CUST_00056,2026-09-18T13:50:00
ORD_PNR_00057,DISH_PNR_010,CUST_00057,2026-09-18T13:52:00
ORD_PNR_00058,DISH_PNR_011,CUST_00058,2026-09-18T13:54:00
ORD_PNR_00059,DISH_PNR_012,CUST_00059,2026-09-18T13:56:00
ORD_PNR_00060,DISH_PNR_013,CUST_00060,2026-09-18T13:58:00
ORD_PNR_00061,DISH_PNR_014,CUST_00061,2026-09-18T14:00:00
ORD_PNR_00062,DISH_PNR_015,CUST_00062,2026-09-18T14:02:00
ORD_PNR_00063,DISH_PNR_016,CUST_00063,2026-09-18T14:04:00
ORD_PNR_00064,DISH_PNR_017,CUST_00064,2026-09-18T14:06:00
ORD_PNR_00065,DISH_PNR_018,CUST_00065,2026-09-18T14:08:00
ORD_PNR_00066,DISH_PNR_019,CUST_00066,2026-09-18T14:10:00
ORD_PNR_00067,DISH_PNR_020,CUST_00067,2026-09-18T14:12:00
ORD_PNR_00068,DISH_PNR_021,CUST_00068,2026-09-18T14:14:00
ORD_PNR_00069,DISH_PNR_022,CUST_00069,2026-09-18T14:16:00
ORD_PNR_00070,DISH_PNR_023,CUST_00070,2026-09-18T14:18:00
ORD_PNR_00071,DISH_PNR_024,CUST_00071,2026-09-18T14:20:00
ORD_PNR_00072,DISH_PNR_025,CUST_00072,2026-09-18T14:22:00
ORD_PNR_00073,DISH_PNR_026,CUST_00073,2026-09-18T14:24:00
ORD_PNR_00074,DISH_PNR_027,CUST_00074,2026-09-18T14:26:00
ORD_PNR_00075,DISH_PNR_028,CUST_00075,2026-09-18T14:28:00
ORD_PNR_00076,DISH_PNR_029,CUST_00076,2026-09-18T14:30:00
ORD_PNR_00077,DISH_PNR_030,CUST_00077,2026-09-18T14:32:00
ORD_PNR_00078,DISH_PNR_031,CUST_00078,2026-09-18T14:34:00
ORD_PNR_00079,DISH_PNR_032,CUST_00079,2026-09-18T14:36:00
ORD_PNR_00080,DISH_PNR_033,CUST_00080,2026-09-18T14:38:00
ORD_PNR_00081,DISH_PNR_034,CUST_00081,2026-09-18T14:40:00
ORD_PNR_00082,DISH_PNR_035,CUST_00082,2026-09-18T14:42:00
ORD_PNR_00083,DISH_PNR_036,CUST_00083,2026-09-18T14:44:00
ORD_PNR_00084,DISH_PNR_037,CUST_00084,2026-09-18T14:46:00
ORD_PNR_00085,DISH_PNR_038,CUST_00085,2026-09-18T14:48:00
ORD_PNR_00086,DISH_PNR_039,CUST_00086,2026-09-18T14:50:00
ORD_PNR_00087,DISH_PNR_040,CUST_00087,2026-09-18T14:52:00
ORD_PNR_00088,DISH_PNR_041,CUST_00088,2026-09-18T14:54:00
ORD_PNR_00089,DISH_PNR_042,CUST_00089,2026-09-18T14:56:00
ORD_PNR_00090,DISH_PNR_043,CUST_00090,2026-09-18T14:58:00
ORD_PNR_00091,DISH_PNR_044,CUST_00091,2026-09-18T15:00:00
ORD_PNR_00092,DISH_PNR_045,CUST_00092,2026-09-18T15:02:00
ORD_PNR_00093,DISH_PNR_046,CUST_00093,2026-09-18T15:04:00
ORD_PNR_00094,DISH_PNR_047,CUST_00094,2026-09-18T15:06:00
ORD_PNR_00095,DISH_PNR_001,CUST_00095,2026-09-18T15:08:00
ORD_PNR_00096,DISH_PNR_002,CUST_00096,2026-09-18T15:10:00
ORD_PNR_00097,DISH_PNR_003,CUST_00097,2026-09-18T15:12:00
ORD_PNR_00098,DISH_PNR_004,CUST_00098,2026-09-18T15:14:00
ORD_PNR_00099,DISH_PNR_005,CUST_00099,2026-09-18T15:16:00
ORD_PNR_00100,DISH_PNR_006,CUST_00100,2026-09-18T15:18:00
ORD_PNR_00101,DISH_PNR_007,CUST_00101,2026-09-18T15:20:00
ORD_PNR_00102,DISH_PNR_008,CUST_00102,2026-09-18T15:22:00
ORD_PNR_00103,DISH_PNR_009,CUST_00103,2026-09-18T15:24:00
ORD_PNR_00104,DISH_PNR_010,CUST_00104,2026-09-18T15:26:00
ORD_PNR_00105,DISH_PNR_011,CUST_00105,2026-09-18T15:28:00
ORD_PNR_00106,DISH_PNR_012,CUST_00106,2026-09-18T15:30:00
ORD_PNR_00107,DISH_PNR_013,CUST_00107,2026-09-18T15:32:00
ORD_PNR_00108,DISH_PNR_014,CUST_00108,2026-09-18T15:34:00
ORD_PNR_00109,DISH_PNR_015,CUST_00109,2026-09-18T15:36:00
ORD_PNR_00110,DISH_PNR_016,CUST_00110,2026-09-18T15:38:00
ORD_PNR_00111,DISH_PNR_017,CUST_00111,2026-09-18T15:40:00
ORD_PNR_00112,DISH_PNR_018,CUST_00112,2026-09-18T15:42:00
ORD_PNR_00113,DISH_PNR_019,CUST_00113,2026-09-18T15:44:00
ORD_PNR_00114,DISH_PNR_020,CUST_00114,2026-09-18T15:46:00
ORD_PNR_00115,DISH_PNR_021,CUST_00115,2026-09-18T15:48:00
ORD_PNR_00116,DISH_PNR_022,CUST_00116,2026-09-18T15:50:00
ORD_PNR_00117,DISH_PNR_023,CUST_00117,2026-09-18T15:52:00
ORD_PNR_00118,DISH_PNR_024,CUST_00118,2026-09-18T15:54:00
ORD_PNR_00119,DISH_PNR_025,CUST_00119,2026-09-18T15:56:00
ORD_PNR_00120,DISH_PNR_026,CUST_00120,2026-09-18T15:58:00
ORD_PNR_00121,DISH_PNR_027,CUST_00121,2026-09-18T16:00:00
ORD_PNR_00122,DISH_PNR_028,CUST_00122,2026-09-18T16:02:00
ORD_PNR_00123,DISH_PNR_029,CUST_00123,2026-09-18T16:04:00
ORD_PNR_00124,DISH_PNR_030,CUST_00124,2026-09-18T16:06:00
ORD_PNR_00125,DISH_PNR_031,CUST_00125,2026-09-18T16:08:00
ORD_PNR_00126,DISH_PNR_032,CUST_00126,2026-09-18T16:10:00
ORD_PNR_00127,DISH_PNR_033,CUST_00127,2026-09-18T16:12:00
ORD_PNR_00128,DISH_PNR_034,CUST_00128,2026-09-18T16:14:00
ORD_PNR_00129,DISH_PNR_035,CUST_00129,2026-09-18T16:16:00
ORD_PNR_00130,DISH_PNR_036,CUST_00130,2026-09-18T16:18:00
ORD_PNR_00131,DISH_PNR_037,CUST_00131,2026-09-18T16:20:00
ORD_PNR_00132,DISH_PNR_038,CUST_00132,2026-09-18T16:22:00
ORD_PNR_00133,DISH_PNR_039,CUST_00133,2026-09-18T16:24:00
ORD_PNR_00134,DISH_PNR_040,CUST_00134,2026-09-18T16:26:00
ORD_PNR_00135,DISH_PNR_041,CUST_00135,2026-09-18T16:28:00
ORD_PNR_00136,DISH_PNR_042,CUST_00136,2026-09-18T16:30:00
ORD_PNR_00137,DISH_PNR_043,CUST_00137,2026-09-18T16:32:00
ORD_PNR_00138,DISH_PNR_044,CUST_00138,2026-09-18T16:34:00
ORD_PNR_00139,DISH_PNR_045,CUST_00139,2026-09-18T16:36:00
ORD_PNR_00140,DISH_PNR_046,CUST_00140,2026-09-18T16:38:00
ORD_PNR_00141,DISH_PNR_047,CUST_00141,2026-09-18T16:40:00
ORD_PNR_00142,DISH_PNR_001,CUST_00142,2026-09-18T16:42:00
ORD_PNR_00143,DISH_PNR_002,CUST_00143,2026-09-18T16:44:00
ORD_PNR_00144,DISH_PNR_003,CUST_00144,2026-09-18T16:46:00
ORD_PNR_00145,DISH_PNR_004,CUST_00145,2026-09-18T16:48:00
ORD_PNR_00146,DISH_PNR_005,CUST_00146,2026-09-18T16:50:00
ORD_PNR_00147,DISH_PNR_006,CUST_00147,2026-09-18T16:52:00
ORD_PNR_00148,DISH_PNR_007,CUST_00148,2026-09-18T16:54:00
ORD_PNR_00149,DISH_PNR_008,CUST_00149,2026-09-18T16:56:00
ORD_PNR_00150,DISH_PNR_009,CUST_00150,2026-09-18T16:58:00
ORD_PNR_00151,DISH_PNR_010,CUST_00151,2026-09-18T17:00:00
ORD_PNR_00152,DISH_PNR_011,CUST_00152,2026-09-18T17:02:00
ORD_PNR_00153,DISH_PNR_012,CUST_00153,2026-09-18T17:04:00
ORD_PNR_00154,DISH_PNR_013,CUST_00154,2026-09-18T17:06:00
ORD_PNR_00155,DISH_PNR_014,CUST_00155,2026-09-18T17:08:00
ORD_PNR_00156,DISH_PNR_015,CUST_00156,2026-09-18T17:10:00
ORD_PNR_00157,DISH_PNR_016,CUST_00157,2026-09-18T17:12:00
ORD_PNR_00158,DISH_PNR_017,CUST_00158,2026-09-18T17:14:00
ORD_PNR_00159,DISH_PNR_018,CUST_00159,2026-09-18T17:16:00
ORD_PNR_00160,DISH_PNR_019,CUST_00160,2026-09-18T17:18:00
ORD_PNR_00161,DISH_PNR_020,CUST_00161,2026-09-18T17:20:00
ORD_PNR_00162,DISH_PNR_021,CUST_00162,2026-09-18T17:22:00
ORD_PNR_00163,DISH_PNR_022,CUST_00163,2026-09-18T17:24:00
ORD_PNR_00164,DISH_PNR_023,CUST_00164,2026-09-18T17:26:00
ORD_PNR_00165,DISH_PNR_024,CUST_00165,2026-09-18T17:28:00
ORD_PNR_00166,DISH_PNR_025,CUST_00166,2026-09-18T17:30:00
ORD_PNR_00167,DISH_PNR_026,CUST_00167,2026-09-18T17:32:00
ORD_PNR_00168,DISH_PNR_027,CUST_00168,2026-09-18T17:34:00
ORD_PNR_00169,DISH_PNR_028,CUST_00169,2026-09-18T17:36:00
ORD_PNR_00170,DISH_PNR_029,CUST_00170,2026-09-18T17:38:00
ORD_PNR_00171,DISH_PNR_030,CUST_00171,2026-09-18T17:40:00
ORD_PNR_00172,DISH_PNR_031,CUST_00172,2026-09-18T17:42:00
ORD_PNR_00173,DISH_PNR_032,CUST_00173,2026-09-18T17:44:00
ORD_PNR_00174,DISH_PNR_033,CUST_00174,2026-09-18T17:46:00
ORD_PNR_00175,DISH_PNR_034,CUST_00175,2026-09-18T17:48:00
ORD_PNR_00176,DISH_PNR_035,CUST_00176,2026-09-18T17:50:00
ORD_PNR_00177,DISH_PNR_036,CUST_00177,2026-09-18T17:52:00
ORD_PNR_00178,DISH_PNR_037,CUST_00178,2026-09-18T17:54:00
ORD_PNR_00179,DISH_PNR_038,CUST_00179,2026-09-18T17:56:00
ORD_PNR_00180,DISH_PNR_039,CUST_00180,2026-09-18T17:58:00
ORD_PNR_00181,DISH_PNR_040,CUST_00181,2026-09-18T18:00:00
ORD_PNR_00182,DISH_PNR_041,CUST_00182,2026-09-18T18:02:00
ORD_PNR_00183,DISH_PNR_042,CUST_00183,2026-09-18T18:04:00
ORD_PNR_00184,DISH_PNR_043,CUST_00184,2026-09-18T18:06:00
ORD_PNR_00185,DISH_PNR_044,CUST_00185,2026-09-18T18:08:00
ORD_PNR_00186,DISH_PNR_045,CUST_00186,2026-09-18T18:10:00
ORD_PNR_00187,DISH_PNR_046,CUST_00187,2026-09-18T18:12:00
ORD_PNR_00188,DISH_PNR_047,CUST_00188,2026-09-18T18:14:00
ORD_PNR_00189,DISH_PNR_001,CUST_00189,2026-09-18T18:16:00
ORD_PNR_00190,DISH_PNR_002,CUST_00190,2026-09-18T18:18:00
ORD_PNR_00191,DISH_PNR_003,CUST_00191,2026-09-18T18:20:00
ORD_PNR_00192,DISH_PNR_004,CUST_00192,2026-09-18T18:22:00
ORD_PNR_00193,DISH_PNR_005,CUST_00193,2026-09-18T18:24:00
ORD_PNR_00194,DISH_PNR_006,CUST_00194,2026-09-18T18:26:00
ORD_PNR_00195,DISH_PNR_007,CUST_00195,2026-09-18T18:28:00
ORD_PNR_00196,DISH_PNR_008,CUST_00196,2026-09-18T18:30:00
ORD_PNR_00197,DISH_PNR_009,CUST_00197,2026-09-18T18:32:00
ORD_PNR_00198,DISH_PNR_010,CUST_00198,2026-09-18T18:34:00
ORD_PNR_00199,DISH_PNR_011,CUST_00199,2026-09-18T18:36:00
ORD_PNR_00200,DISH_PNR_012,CUST_00200,2026-09-18T18:38:00
ORD_PNR_00201,DISH_PNR_013,CUST_00201,2026-09-18T18:40:00
ORD_PNR_00202,DISH_PNR_014,CUST_00202,2026-09-18T18:42:00
ORD_PNR_00203,DISH_PNR_015,CUST_00203,2026-09-18T18:44:00
ORD_PNR_00204,DISH_PNR_016,CUST_00204,2026-09-18T18:46:00
ORD_PNR_00205,DISH_PNR_017,CUST_00205,2026-09-18T18:48:00
ORD_PNR_00206,DISH_PNR_018,CUST_00206,2026-09-18T18:50:00
ORD_PNR_00207,DISH_PNR_019,CUST_00207,2026-09-18T18:52:00
ORD_PNR_00208,DISH_PNR_020,CUST_00208,2026-09-18T18:54:00
ORD_PNR_00209,DISH_PNR_021,CUST_00209,2026-09-18T18:56:00
ORD_PNR_00210,DISH_PNR_022,CUST_00210,2026-09-18T18:58:00
ORD_PNR_00211,DISH_PNR_023,CUST_00211,2026-09-18T19:00:00
ORD_PNR_00212,DISH_PNR_024,CUST_00212,2026-09-18T19:02:00
ORD_PNR_00213,DISH_PNR_025,CUST_00213,2026-09-18T19:04:00
ORD_PNR_00214,DISH_PNR_026,CUST_00214,2026-09-18T19:06:00
ORD_PNR_00215,DISH_PNR_027,CUST_00215,2026-09-18T19:08:00
ORD_PNR_00216,DISH_PNR_028,CUST_00216,2026-09-18T19:10:00
ORD_PNR_00217,DISH_PNR_029,CUST_00217,2026-09-18T19:12:00
ORD_PNR_00218,DISH_PNR_030,CUST_00218,2026-09-18T19:14:00
ORD_PNR_00219,DISH_PNR_031,CUST_00219,2026-09-18T19:16:00
ORD_PNR_00220,DISH_PNR_032,CUST_00220,2026-09-18T19:18:00
ORD_PNR_00221,DISH_PNR_033,CUST_00221,2026-09-18T19:20:00
ORD_PNR_00222,DISH_PNR_034,CUST_00222,2026-09-18T19:22:00
ORD_PNR_00223,DISH_PNR_035,CUST_00223,2026-09-18T19:24:00
ORD_PNR_00224,DISH_PNR_036,CUST_00224,2026-09-18T19:26:00
ORD_PNR_00225,DISH_PNR_037,CUST_00225,2026-09-18T19:28:00
ORD_PNR_00226,DISH_PNR_038,CUST_00226,2026-09-18T19:30:00
ORD_PNR_00227,DISH_PNR_039,CUST_00227,2026-09-18T19:32:00
ORD_PNR_00228,DISH_PNR_040,CUST_00228,2026-09-18T19:34:00
ORD_PNR_00229,DISH_PNR_041,CUST_00229,2026-09-18T19:36:00
ORD_PNR_00230,DISH_PNR_042,CUST_00230,2026-09-18T19:38:00
ORD_PNR_00231,DISH_PNR_043,CUST_00231,2026-09-18T19:40:00
ORD_PNR_00232,DISH_PNR_044,CUST_00232,2026-09-18T19:42:00
ORD_PNR_00233,DISH_PNR_045,CUST_00233,2026-09-18T19:44:00
ORD_PNR_00234,DISH_PNR_046,CUST_00234,2026-09-18T19:46:00
ORD_PNR_00235,DISH_PNR_047,CUST_00235,2026-09-18T19:48:00
ORD_PNR_00236,DISH_PNR_001,CUST_00236,2026-09-18T19:50:00
ORD_PNR_00237,DISH_PNR_002,CUST_00237,2026-09-18T19:52:00
ORD_PNR_00238,DISH_PNR_003,CUST_00238,2026-09-18T19:54:00
ORD_PNR_00239,DISH_PNR_004,CUST_00239,2026-09-18T19:56:00
ORD_PNR_00240,DISH_PNR_005,CUST_00240,2026-09-18T19:58:00
ORD_PNR_00241,DISH_PNR_006,CUST_00241,2026-09-18T20:00:00
ORD_PNR_00242,DISH_PNR_007,CUST_00242,2026-09-18T20:02:00
ORD_PNR_00243,DISH_PNR_008,CUST_00243,2026-09-18T20:04:00
ORD_PNR_00244,DISH_PNR_009,CUST_00244,2026-09-18T20:06:00
ORD_PNR_00245,DISH_PNR_010,CUST_00245,2026-09-18T20:08:00
ORD_PNR_00246,DISH_PNR_011,CUST_00246,2026-09-18T20:10:00
ORD_PNR_00247,DISH_PNR_012,CUST_00247,2026-09-18T20:12:00
ORD_PNR_00248,DISH_PNR_013,CUST_00248,2026-09-18T20:14:00
ORD_PNR_00249,DISH_PNR_014,CUST_00249,2026-09-18T20:16:00
ORD_PNR_00250,DISH_PNR_015,CUST_00250,2026-09-18T20:18:00
ORD_PNR_00251,DISH_PNR_016,CUST_00251,2026-09-18T20:20:00
ORD_PNR_00252,DISH_PNR_017,CUST_00252,2026-09-18T20:22:00
ORD_PNR_00253,DISH_PNR_018,CUST_00253,2026-09-18T20:24:00
ORD_PNR_00254,DISH_PNR_019,CUST_00254,2026-09-18T20:26:00
ORD_PNR_00255,DISH_PNR_020,CUST_00255,2026-09-18T20:28:00
ORD_PNR_00256,DISH_PNR_021,CUST_00256,2026-09-18T20:30:00
ORD_PNR_00257,DISH_PNR_022,CUST_00257,2026-09-18T20:32:00
ORD_PNR_00258,DISH_PNR_023,CUST_00258,2026-09-18T20:34:00
ORD_PNR_00259,DISH_PNR_024,CUST_00259,2026-09-18T20:36:00
ORD_PNR_00260,DISH_PNR_025,CUST_00260,2026-09-18T20:38:00
ORD_PNR_00261,DISH_PNR_026,CUST_00261,2026-09-18T20:40:00
ORD_PNR_00262,DISH_PNR_027,CUST_00262,2026-09-18T20:42:00
ORD_PNR_00263,DISH_PNR_028,CUST_00263,2026-09-18T20:44:00
ORD_PNR_00264,DISH_PNR_029,CUST_00264,2026-09-18T20:46:00
ORD_PNR_00265,DISH_PNR_030,CUST_00265,2026-09-18T20:48:00
ORD_PNR_00266,DISH_PNR_031,CUST_00266,2026-09-18T20:50:00
ORD_PNR_00267,DISH_PNR_032,CUST_00267,2026-09-18T20:52:00
ORD_PNR_00268,DISH_PNR_033,CUST_00268,2026-09-18T20:54:00
ORD_PNR_00269,DISH_PNR_034,CUST_00269,2026-09-18T20:56:00
ORD_PNR_00270,DISH_PNR_035,CUST_00270,2026-09-18T20:58:00
ORD_PNR_00271,DISH_PNR_036,CUST_00271,2026-09-18T21:00:00
ORD_PNR_00272,DISH_PNR_037,CUST_00272,2026-09-18T21:02:00
ORD_PNR_00273,DISH_PNR_038,CUST_00273,2026-09-18T21:04:00
ORD_PNR_00274,DISH_PNR_039,CUST_00274,2026-09-18T21:06:00
ORD_PNR_00275,DISH_PNR_040,CUST_00275,2026-09-18T21:08:00
ORD_PNR_00276,DISH_PNR_041,CUST_00276,2026-09-18T21:10:00
ORD_PNR_00277,DISH_PNR_042,CUST_00277,2026-09-18T21:12:00
ORD_PNR_00278,DISH_PNR_043,CUST_00278,2026-09-18T21:14:00
ORD_PNR_00279,DISH_PNR_044,CUST_00279,2026-09-18T21:16:00
ORD_PNR_00280,DISH_PNR_045,CUST_00280,2026-09-18T21:18:00
ORD_PNR_00281,DISH_PNR_046,CUST_00281,2026-09-18T21:20:00
ORD_PNR_00282,DISH_PNR_047,CUST_00282,2026-09-18T21:22:00
ORD_PNR_00283,DISH_PNR_001,CUST_00283,2026-09-18T21:24:00
ORD_PNR_00284,DISH_PNR_002,CUST_00284,2026-09-18T21:26:00
ORD_PNR_00285,DISH_PNR_003,CUST_00285,2026-09-18T21:28:00
ORD_PNR_00286,DISH_PNR_004,CUST_00286,2026-09-18T21:30:00
ORD_PNR_00287,DISH_PNR_005,CUST_00287,2026-09-18T21:32:00
ORD_PNR_00288,DISH_PNR_006,CUST_00288,2026-09-18T21:34:00
ORD_PNR_00289,DISH_PNR_007,CUST_00289,2026-09-18T21:36:00
ORD_PNR_00290,DISH_PNR_008,CUST_00290,2026-09-18T21:38:00
ORD_PNR_00291,DISH_PNR_009,CUST_00291,2026-09-18T21:40:00
ORD_PNR_00292,DISH_PNR_010,CUST_00292,2026-09-18T21:42:00
ORD_PNR_00293,DISH_PNR_011,CUST_00293,2026-09-18T21:44:00
ORD_PNR_00294,DISH_PNR_012,CUST_00294,2026-09-18T21:46:00
ORD_PNR_00295,DISH_PNR_013,CUST_00295,2026-09-18T21:48:00
ORD_PNR_00296,DISH_PNR_014,CUST_00296,2026-09-18T21:50:00
ORD_PNR_00297,DISH_PNR_015,CUST_00297,2026-09-18T21:52:00
ORD_PNR_00298,DISH_PNR_016,CUST_00298,2026-09-18T21:54:00
ORD_PNR_00299,DISH_PNR_017,CUST_00299,2026-09-18T21:56:00
ORD_PNR_00300,DISH_PNR_018,CUST_00300,2026-09-18T21:58:00
ORD_PNR_00301,DISH_PNR_019,CUST_00301,2026-09-18T22:00:00
ORD_PNR_00302,DISH_PNR_020,CUST_00302,2026-09-18T22:02:00
ORD_PNR_00303,DISH_PNR_021,CUST_00303,2026-09-18T22:04:00
ORD_PNR_00304,DISH_PNR_022,CUST_00304,2026-09-18T22:06:00
ORD_PNR_00305,DISH_PNR_023,CUST_00305,2026-09-18T22:08:00
ORD_PNR_00306,DISH_PNR_024,CUST_00306,2026-09-18T22:10:00
ORD_PNR_00307,DISH_PNR_025,CUST_00307,2026-09-18T22:12:00
ORD_PNR_00308,DISH_PNR_026,CUST_00308,2026-09-18T22:14:00
ORD_PNR_00309,DISH_PNR_027,CUST_00309,2026-09-18T22:16:00
ORD_PNR_00310,DISH_PNR_028,CUST_00310,2026-09-18T22:18:00
ORD_PNR_00311,DISH_PNR_029,CUST_00311,2026-09-18T22:20:00
ORD_PNR_00312,DISH_PNR_030,CUST_00312,2026-09-18T22:22:00
ORD_PNR_00313,DISH_PNR_031,CUST_00313,2026-09-18T22:24:00
ORD_PNR_00314,DISH_PNR_032,CUST_00314,2026-09-18T22:26:00
ORD_PNR_00315,DISH_PNR_033,CUST_00315,2026-09-18T22:28:00
ORD_PNR_00316,DISH_PNR_034,CUST_00316,2026-09-18T22:30:00
ORD_PNR_00317,DISH_PNR_035,CUST_00317,2026-09-18T22:32:00
ORD_PNR_00318,DISH_PNR_036,CUST_00318,2026-09-18T22:34:00
ORD_PNR_00319,DISH_PNR_037,CUST_00319,2026-09-18T22:36:00
ORD_PNR_00320,DISH_PNR_038,CUST_00320,2026-09-18T22:38:00
ORD_PNR_00321,DISH_PNR_039,CUST_00321,2026-09-18T22:40:00
ORD_PNR_00322,DISH_PNR_040,CUST_00322,2026-09-18T22:42:00
ORD_PNR_00323,DISH_PNR_041,CUST_00323,2026-09-18T22:44:00
ORD_PNR_00324,DISH_PNR_042,CUST_00324,2026-09-18T22:46:00
ORD_PNR_00325,DISH_PNR_043,CUST_00325,2026-09-18T22:48:00
ORD_PNR_00326,DISH_PNR_044,CUST_00326,2026-09-18T22:50:00
ORD_PNR_00327,DISH_PNR_045,CUST_00327,2026-09-18T22:52:00
ORD_PNR_00328,DISH_PNR_046,CUST_00328,2026-09-18T22:54:00
ORD_PNR_00329,DISH_PNR_047,CUST_00329,2026-09-18T22:56:00
ORD_PNR_00330,DISH_PNR_001,CUST_00330,2026-09-18T22:58:00
ORD_PNR_00331,DISH_PNR_002,CUST_00331,2026-09-18T23:00:00
ORD_PNR_00332,DISH_PNR_003,CUST_00332,2026-09-18T23:02:00
ORD_PNR_00333,DISH_PNR_004,CUST_00333,2026-09-18T23:04:00
ORD_PNR_00334,DISH_PNR_005,CUST_00334,2026-09-18T23:06:00
ORD_PNR_00335,DISH_PNR_006,CUST_00335,2026-09-18T23:08:00
ORD_PNR_00336,DISH_PNR_007,CUST_00336,2026-09-18T23:10:00
ORD_PNR_00337,DISH_PNR_008,CUST_00337,2026-09-18T23:12:00
ORD_PNR_00338,DISH_PNR_009,CUST_00338,2026-09-18T23:14:00
ORD_PNR_00339,DISH_PNR_010,CUST_00339,2026-09-18T23:16:00
ORD_PNR_00340,DISH_PNR_011,CUST_00340,2026-09-18T23:18:00
ORD_PNR_00341,DISH_PNR_012,CUST_00341,2026-09-18T23:20:00
ORD_PNR_00342,DISH_PNR_013,CUST_00342,2026-09-18T23:22:00
ORD_PNR_00343,DISH_PNR_014,CUST_00343,2026-09-18T23:24:00
ORD_PNR_00344,DISH_PNR_015,CUST_00344,2026-09-18T23:26:00
ORD_PNR_00345,DISH_PNR_016,CUST_00345,2026-09-18T23:28:00
ORD_PNR_00346,DISH_PNR_017,CUST_00346,2026-09-18T23:30:00
ORD_PNR_00347,DISH_PNR_018,CUST_00347,2026-09-18T23:32:00
ORD_PNR_00348,DISH_PNR_019,CUST_00348,2026-09-18T23:34:00
ORD_PNR_00349,DISH_PNR_020,CUST_00349,2026-09-18T23:36:00
ORD_PNR_00350,DISH_PNR_021,CUST_00350,2026-09-18T23:38:00
ORD_PNR_00351,DISH_PNR_022,CUST_00351,2026-09-18T23:40:00
ORD_PNR_00352,DISH_PNR_023,CUST_00352,2026-09-18T23:42:00
ORD_PNR_00353,DISH_PNR_024,CUST_00353,2026-09-18T23:44:00
ORD_PNR_00354,DISH_PNR_025,CUST_00354,2026-09-18T23:46:00
ORD_PNR_00355,DISH_PNR_026,CUST_00355,2026-09-18T23:48:00
ORD_PNR_00356,DISH_PNR_027,CUST_00356,2026-09-18T23:50:00
ORD_PNR_00357,DISH_PNR_028,CUST_00357,2026-09-18T23:52:00
ORD_PNR_00358,DISH_PNR_029,CUST_00358,2026-09-18T23:54:00
ORD_PNR_00359,DISH_PNR_030,CUST_00359,2026-09-18T23:56:00
ORD_PNR_00360,DISH_PNR_031,CUST_00360,2026-09-18T23:58:00
ORD_PNR_00361,DISH_PNR_032,CUST_00361,2026-09-19T00:00:00
ORD_PNR_00362,DISH_PNR_033,CUST_00362,2026-09-19T00:02:00
ORD_PNR_00363,DISH_PNR_034,CUST_00363,2026-09-19T00:04:00
ORD_PNR_00364,DISH_PNR_035,CUST_00364,2026-09-19T00:06:00
ORD_PNR_00365,DISH_PNR_036,CUST_00365,2026-09-19T00:08:00
ORD_PNR_00366,DISH_PNR_037,CUST_00366,2026-09-19T00:10:00
ORD_PNR_00367,DISH_PNR_038,CUST_00367,2026-09-19T00:12:00
ORD_PNR_00368,DISH_PNR_039,CUST_00368,2026-09-19T00:14:00
ORD_PNR_00369,DISH_PNR_040,CUST_00369,2026-09-19T00:16:00
ORD_PNR_00370,DISH_PNR_041,CUST_00370,2026-09-19T00:18:00
ORD_PNR_00371,DISH_PNR_042,CUST_00371,2026-09-19T00:20:00
ORD_PNR_00372,DISH_PNR_043,CUST_00372,2026-09-19T00:22:00
ORD_PNR_00373,DISH_PNR_044,CUST_00373,2026-09-19T00:24:00
ORD_PNR_00374,DISH_PNR_045,CUST_00374,2026-09-19T00:26:00
ORD_PNR_00375,DISH_PNR_046,CUST_00375,2026-09-19T00:28:00
ORD_PNR_00376,DISH_PNR_047,CUST_00376,2026-09-19T00:30:00
ORD_PNR_00377,DISH_PNR_001,CUST_00377,2026-09-19T00:32:00
ORD_PNR_00378,DISH_PNR_002,CUST_00378,2026-09-19T00:34:00
ORD_PNR_00379,DISH_PNR_003,CUST_00379,2026-09-19T00:36:00
ORD_PNR_00380,DISH_PNR_004,CUST_00380,2026-09-19T00:38:00
ORD_PNR_00381,DISH_PNR_005,CUST_00381,2026-09-19T00:40:00
ORD_PNR_00382,DISH_PNR_006,CUST_00382,2026-09-19T00:42:00
ORD_PNR_00383,DISH_PNR_007,CUST_00383,2026-09-19T00:44:00
ORD_PNR_00384,DISH_PNR_008,CUST_00384,2026-09-19T00:46:00
ORD_PNR_00385,DISH_PNR_009,CUST_00385,2026-09-19T00:48:00
ORD_PNR_00386,DISH_PNR_010,CUST_00386,2026-09-19T00:50:00
ORD_PNR_00387,DISH_PNR_011,CUST_00387,2026-09-19T00:52:00
ORD_PNR_00388,DISH_PNR_012,CUST_00388,2026-09-19T00:54:00
ORD_PNR_00389,DISH_PNR_013,CUST_00389,2026-09-19T00:56:00
ORD_PNR_00390,DISH_PNR_014,CUST_00390,2026-09-19T00:58:00
ORD_PNR_00391,DISH_PNR_015,CUST_00391,2026-09-19T01:00:00
ORD_PNR_00392,DISH_PNR_016,CUST_00392,2026-09-19T01:02:00
ORD_PNR_00393,DISH_PNR_017,CUST_00393,2026-09-19T01:04:00
ORD_PNR_00394,DISH_PNR_018,CUST_00394,2026-09-19T01:06:00
ORD_PNR_00395,DISH_PNR_019,CUST_00395,2026-09-19T01:08:00
ORD_PNR_00396,DISH_PNR_020,CUST_00396,2026-09-19T01:10:00
ORD_PNR_00397,DISH_PNR_021,CUST_00397,2026-09-19T01:12:00
ORD_PNR_00398,DISH_PNR_022,CUST_00398,2026-09-19T01:14:00
ORD_PNR_00399,DISH_PNR_023,CUST_00399,2026-09-19T01:16:00
ORD_PNR_00400,DISH_PNR_024,CUST_00400,2026-09-19T01:18:00
ORD_PNR_00401,DISH_PNR_025,CUST_00401,2026-09-19T01:20:00
ORD_PNR_00402,DISH_PNR_026,CUST_00402,2026-09-19T01:22:00
ORD_PNR_00403,DISH_PNR_027,CUST_00403,2026-09-19T01:24:00
ORD_PNR_00404,DISH_PNR_028,CUST_00404,2026-09-19T01:26:00
ORD_PNR_00405,DISH_PNR_029,CUST_00405,2026-09-19T01:28:00
ORD_PNR_00406,DISH_PNR_030,CUST_00406,2026-09-19T01:30:00
ORD_PNR_00407,DISH_PNR_031,CUST_00407,2026-09-19T01:32:00
ORD_PNR_00408,DISH_PNR_032,CUST_00408,2026-09-19T01:34:00
ORD_PNR_00409,DISH_PNR_033,CUST_00409,2026-09-19T01:36:00
ORD_PNR_00410,DISH_PNR_034,CUST_00410,2026-09-19T01:38:00
ORD_PNR_00411,DISH_PNR_035,CUST_00411,2026-09-19T01:40:00
ORD_PNR_00412,DISH_PNR_036,CUST_00412,2026-09-19T01:42:00
ORD_PNR_00413,DISH_PNR_037,CUST_00413,2026-09-19T01:44:00
ORD_PNR_00414,DISH_PNR_038,CUST_00414,2026-09-19T01:46:00
ORD_PNR_00415,DISH_PNR_039,CUST_00415,2026-09-19T01:48:00
ORD_PNR_00416,DISH_PNR_040,CUST_00416,2026-09-19T01:50:00
ORD_PNR_00417,DISH_PNR_041,CUST_00417,2026-09-19T01:52:00
ORD_PNR_00418,DISH_PNR_042,CUST_00418,2026-09-19T01:54:00
ORD_PNR_00419,DISH_PNR_043,CUST_00419,2026-09-19T01:56:00
ORD_PNR_00420,DISH_PNR_044,CUST_00420,2026-09-19T01:58:00
ORD_PNR_00421,DISH_PNR_045,CUST_00421,2026-09-19T02:00:00
ORD_PNR_00422,DISH_PNR_046,CUST_00422,2026-09-19T02:02:00
ORD_PNR_00423,DISH_PNR_047,CUST_00423,2026-09-19T02:04:00
ORD_PNR_00424,DISH_PNR_001,CUST_00424,2026-09-19T02:06:00
ORD_PNR_00425,DISH_PNR_002,CUST_00425,2026-09-19T02:08:00
ORD_PNR_00426,DISH_PNR_003,CUST_00426,2026-09-19T02:10:00
ORD_PNR_00427,DISH_PNR_004,CUST_00427,2026-09-19T02:12:00
ORD_PNR_00428,DISH_PNR_005,CUST_00428,2026-09-19T02:14:00
ORD_PNR_00429,DISH_PNR_006,CUST_00429,2026-09-19T02:16:00
ORD_PNR_00430,DISH_PNR_007,CUST_00430,2026-09-19T02:18:00
ORD_PNR_00431,DISH_PNR_008,CUST_00431,2026-09-19T02:20:00
ORD_PNR_00432,DISH_PNR_009,CUST_00432,2026-09-19T02:22:00
ORD_PNR_00433,DISH_PNR_010,CUST_00433,2026-09-19T02:24:00
ORD_PNR_00434,DISH_PNR_011,CUST_00434,2026-09-19T02:26:00
ORD_PNR_00435,DISH_PNR_012,CUST_00435,2026-09-19T02:28:00
ORD_PNR_00436,DISH_PNR_013,CUST_00436,2026-09-19T02:30:00
ORD_PNR_00437,DISH_PNR_014,CUST_00437,2026-09-19T02:32:00
ORD_PNR_00438,DISH_PNR_015,CUST_00438,2026-09-19T02:34:00
ORD_PNR_00439,DISH_PNR_016,CUST_00439,2026-09-19T02:36:00
ORD_PNR_00440,DISH_PNR_017,CUST_00440,2026-09-19T02:38:00
ORD_PNR_00441,DISH_PNR_018,CUST_00441,2026-09-19T02:40:00
ORD_PNR_00442,DISH_PNR_019,CUST_00442,2026-09-19T02:42:00
ORD_PNR_00443,DISH_PNR_020,CUST_00443,2026-09-19T02:44:00
ORD_PNR_00444,DISH_PNR_021,CUST_00444,2026-09-19T02:46:00
ORD_PNR_00445,DISH_PNR_022,CUST_00445,2026-09-19T02:48:00
ORD_PNR_00446,DISH_PNR_023,CUST_00446,2026-09-19T02:50:00
ORD_PNR_00447,DISH_PNR_024,CUST_00447,2026-09-19T02:52:00
ORD_PNR_00448,DISH_PNR_025,CUST_00448,2026-09-19T02:54:00
ORD_PNR_00449,DISH_PNR_026,CUST_00449,2026-09-19T02:56:00
ORD_PNR_00450,DISH_PNR_027,CUST_00450,2026-09-19T02:58:00
ORD_PNR_00451,DISH_PNR_028,CUST_00451,2026-09-19T03:00:00
ORD_PNR_00452,DISH_PNR_029,CUST_00452,2026-09-19T03:02:00
ORD_PNR_00453,DISH_PNR_030,CUST_00453,2026-09-19T03:04:00
ORD_PNR_00454,DISH_PNR_031,CUST_00454,2026-09-19T03:06:00
ORD_PNR_00455,DISH_PNR_032,CUST_00455,2026-09-19T03:08:00
ORD_PNR_00456,DISH_PNR_033,CUST_00456,2026-09-19T03:10:00
ORD_PNR_00457,DISH_PNR_034,CUST_00457,2026-09-19T03:12:00
ORD_PNR_00458,DISH_PNR_035,CUST_00458,2026-09-19T03:14:00
ORD_PNR_00459,DISH_PNR_036,CUST_00459,2026-09-19T03:16:00
ORD_PNR_00460,DISH_PNR_037,CUST_00460,2026-09-19T03:18:00
ORD_PNR_00461,DISH_PNR_038,CUST_00461,2026-09-19T03:20:00
ORD_PNR_00462,DISH_PNR_039,CUST_00462,2026-09-19T03:22:00
ORD_PNR_00463,DISH_PNR_040,CUST_00463,2026-09-19T03:24:00
ORD_PNR_00464,DISH_PNR_041,CUST_00464,2026-09-19T03:26:00
ORD_PNR_00465,DISH_PNR_042,CUST_00465,2026-09-19T03:28:00
ORD_PNR_00466,DISH_PNR_043,CUST_00466,2026-09-19T03:30:00
ORD_PNR_00467,DISH_PNR_044,CUST_00467,2026-09-19T03:32:00
ORD_PNR_00468,DISH_PNR_045,CUST_00468,2026-09-19T03:34:00
ORD_PNR_00469,DISH_PNR_046,CUST_00469,2026-09-19T03:36:00
ORD_PNR_00470,DISH_PNR_047,CUST_00470,2026-09-19T03:38:00
ORD_PNR_00471,DISH_PNR_001,CUST_00471,2026-09-19T03:40:00
ORD_PNR_00472,DISH_PNR_002,CUST_00472,2026-09-19T03:42:00
ORD_PNR_00473,DISH_PNR_003,CUST_00473,2026-09-19T03:44:00
ORD_PNR_00474,DISH_PNR_004,CUST_00474,2026-09-19T03:46:00
ORD_PNR_00475,DISH_PNR_005,CUST_00475,2026-09-19T03:48:00
ORD_PNR_00476,DISH_PNR_006,CUST_00476,2026-09-19T03:50:00
ORD_PNR_00477,DISH_PNR_007,CUST_00477,2026-09-19T03:52:00
ORD_PNR_00478,DISH_PNR_008,CUST_00478,2026-09-19T03:54:00
ORD_PNR_00479,DISH_PNR_009,CUST_00479,2026-09-19T03:56:00
ORD_PNR_00480,DISH_PNR_010,CUST_00480,2026-09-19T03:58:00
ORD_PNR_00481,DISH_PNR_011,CUST_00481,2026-09-19T04:00:00
ORD_PNR_00482,DISH_PNR_012,CUST_00482,2026-09-19T04:02:00
ORD_PNR_00483,DISH_PNR_013,CUST_00483,2026-09-19T04:04:00
ORD_PNR_00484,DISH_PNR_014,CUST_00484,2026-09-19T04:06:00
ORD_PNR_00485,DISH_PNR_015,CUST_00485,2026-09-19T04:08:00
ORD_PNR_00486,DISH_PNR_016,CUST_00486,2026-09-19T04:10:00
ORD_PNR_00487,DISH_PNR_017,CUST_00487,2026-09-19T04:12:00
ORD_PNR_00488,DISH_PNR_018,CUST_00488,2026-09-19T04:14:00
ORD_PNR_00489,DISH_PNR_019,CUST_00489,2026-09-19T04:16:00
ORD_PNR_00490,DISH_PNR_020,CUST_00490,2026-09-19T04:18:00
ORD_PNR_00491,DISH_PNR_021,CUST_00491,2026-09-19T04:20:00
ORD_PNR_00492,DISH_PNR_022,CUST_00492,2026-09-19T04:22:00
ORD_PNR_00493,DISH_PNR_023,CUST_00493,2026-09-19T04:24:00
ORD_PNR_00494,DISH_PNR_024,CUST_00494,2026-09-19T04:26:00
ORD_PNR_00495,DISH_PNR_025,CUST_00495,2026-09-19T04:28:00
ORD_PNR_00496,DISH_PNR_026,CUST_00496,2026-09-19T04:30:00
ORD_PNR_00497,DISH_PNR_027,CUST_00497,2026-09-19T04:32:00
ORD_PNR_00498,DISH_PNR_028,CUST_00498,2026-09-19T04:34:00
ORD_PNR_00499,DISH_PNR_029,CUST_00499,2026-09-19T04:36:00
ORD_PNR_00500,DISH_PNR_030,CUST_00500,2026-09-19T04:38:00
ORD_PNR_00501,DISH_PNR_031,CUST_00501,2026-09-19T04:40:00
ORD_PNR_00502,DISH_PNR_032,CUST_00502,2026-09-19T04:42:00
ORD_PNR_00503,DISH_PNR_033,CUST_00503,2026-09-19T04:44:00
ORD_PNR_00504,DISH_PNR_034,CUST_00504,2026-09-19T04:46:00
ORD_PNR_00505,DISH_PNR_035,CUST_00505,2026-09-19T04:48:00
ORD_PNR_00506,DISH_PNR_036,CUST_00506,2026-09-19T04:50:00
ORD_PNR_00507,DISH_PNR_037,CUST_00507,2026-09-19T04:52:00
ORD_PNR_00508,DISH_PNR_038,CUST_00508,2026-09-19T04:54:00
ORD_PNR_00509,DISH_PNR_039,CUST_00509,2026-09-19T04:56:00
ORD_PNR_00510,DISH_PNR_040,CUST_00510,2026-09-19T04:58:00
ORD_PNR_00511,DISH_PNR_041,CUST_00511,2026-09-19T05:00:00
ORD_PNR_00512,DISH_PNR_042,CUST_00512,2026-09-19T05:02:00
ORD_PNR_00513,DISH_PNR_043,CUST_00513,2026-09-19T05:04:00
ORD_PNR_00514,DISH_PNR_044,CUST_00514,2026-09-19T05:06:00
ORD_PNR_00515,DISH_PNR_045,CUST_00515,2026-09-19T05:08:00
ORD_PNR_00516,DISH_PNR_046,CUST_00516,2026-09-19T05:10:00
ORD_PNR_00517,DISH_PNR_047,CUST_00517,2026-09-19T05:12:00
ORD_PNR_00518,DISH_PNR_001,CUST_00518,2026-09-19T05:14:00
ORD_PNR_00519,DISH_PNR_002,CUST_00519,2026-09-19T05:16:00
ORD_PNR_00520,DISH_PNR_003,CUST_00520,2026-09-19T05:18:00
ORD_PNR_00521,DISH_PNR_004,CUST_00521,2026-09-19T05:20:00
ORD_PNR_00522,DISH_PNR_005,CUST_00522,2026-09-19T05:22:00
ORD_PNR_00523,DISH_PNR_006,CUST_00523,2026-09-19T05:24:00
ORD_PNR_00524,DISH_PNR_007,CUST_00524,2026-09-19T05:26:00
ORD_PNR_00525,DISH_PNR_008,CUST_00525,2026-09-19T05:28:00
ORD_PNR_00526,DISH_PNR_009,CUST_00526,2026-09-19T05:30:00
ORD_PNR_00527,DISH_PNR_010,CUST_00527,2026-09-19T05:32:00
ORD_PNR_00528,DISH_PNR_011,CUST_00528,2026-09-19T05:34:00
ORD_PNR_00529,DISH_PNR_012,CUST_00529,2026-09-19T05:36:00
ORD_PNR_00530,DISH_PNR_013,CUST_00530,2026-09-19T05:38:00
ORD_PNR_00531,DISH_PNR_014,CUST_00531,2026-09-19T05:40:00
ORD_PNR_00532,DISH_PNR_015,CUST_00532,2026-09-19T05:42:00
ORD_PNR_00533,DISH_PNR_016,CUST_00533,2026-09-19T05:44:00
ORD_PNR_00534,DISH_PNR_017,CUST_00534,2026-09-19T05:46:00
ORD_PNR_00535,DISH_PNR_018,CUST_00535,2026-09-19T05:48:00
ORD_PNR_00536,DISH_PNR_019,CUST_00536,2026-09-19T05:50:00
ORD_PNR_00537,DISH_PNR_020,CUST_00537,2026-09-19T05:52:00
ORD_PNR_00538,DISH_PNR_021,CUST_00538,2026-09-19T05:54:00
ORD_PNR_00539,DISH_PNR_022,CUST_00539,2026-09-19T05:56:00
ORD_PNR_00540,DISH_PNR_023,CUST_00540,2026-09-19T05:58:00
ORD_PNR_00541,DISH_PNR_024,CUST_00541,2026-09-19T06:00:00
ORD_PNR_00542,DISH_PNR_025,CUST_00542,2026-09-19T06:02:00
ORD_PNR_00543,DISH_PNR_026,CUST_00543,2026-09-19T06:04:00
ORD_PNR_00544,DISH_PNR_027,CUST_00544,2026-09-19T06:06:00
ORD_PNR_00545,DISH_PNR_028,CUST_00545,2026-09-19T06:08:00
ORD_PNR_00546,DISH_PNR_029,CUST_00546,2026-09-19T06:10:00
ORD_PNR_00547,DISH_PNR_030,CUST_00547,2026-09-19T06:12:00
ORD_PNR_00548,DISH_PNR_031,CUST_00548,2026-09-19T06:14:00
ORD_PNR_00549,DISH_PNR_032,CUST_00549,2026-09-19T06:16:00
ORD_PNR_00550,DISH_PNR_033,CUST_00550,2026-09-19T06:18:00
ORD_PNR_00551,DISH_PNR_034,CUST_00551,2026-09-19T06:20:00
ORD_PNR_00552,DISH_PNR_035,CUST_00552,2026-09-19T06:22:00
ORD_PNR_00553,DISH_PNR_036,CUST_00553,2026-09-19T06:24:00
ORD_PNR_00554,DISH_PNR_037,CUST_00554,2026-09-19T06:26:00
ORD_PNR_00555,DISH_PNR_038,CUST_00555,2026-09-19T06:28:00
ORD_PNR_00556,DISH_PNR_039,CUST_00556,2026-09-19T06:30:00
ORD_PNR_00557,DISH_PNR_040,CUST_00557,2026-09-19T06:32:00
ORD_PNR_00558,DISH_PNR_041,CUST_00558,2026-09-19T06:34:00
ORD_PNR_00559,DISH_PNR_042,CUST_00559,2026-09-19T06:36:00
ORD_PNR_00560,DISH_PNR_043,CUST_00560,2026-09-19T06:38:00
ORD_PNR_00561,DISH_PNR_044,CUST_00561,2026-09-19T06:40:00
ORD_PNR_00562,DISH_PNR_045,CUST_00562,2026-09-19T06:42:00
ORD_PNR_00563,DISH_PNR_046,CUST_00563,2026-09-19T06:44:00
ORD_PNR_00564,DISH_PNR_047,CUST_00564,2026-09-19T06:46:00
ORD_PNR_00565,DISH_PNR_001,CUST_00565,2026-09-19T06:48:00
ORD_PNR_00566,DISH_PNR_002,CUST_00566,2026-09-19T06:50:00
ORD_PNR_00567,DISH_PNR_003,CUST_00567,2026-09-19T06:52:00
ORD_PNR_00568,DISH_PNR_004,CUST_00568,2026-09-19T06:54:00
ORD_PNR_00569,DISH_PNR_005,CUST_00569,2026-09-19T06:56:00
ORD_PNR_00570,DISH_PNR_006,CUST_00570,2026-09-19T06:58:00
ORD_PNR_00571,DISH_PNR_007,CUST_00571,2026-09-19T07:00:00
ORD_PNR_00572,DISH_PNR_008,CUST_00572,2026-09-19T07:02:00
ORD_PNR_00573,DISH_PNR_009,CUST_00573,2026-09-19T07:04:00
ORD_PNR_00574,DISH_PNR_010,CUST_00574,2026-09-19T07:06:00
ORD_PNR_00575,DISH_PNR_011,CUST_00575,2026-09-19T07:08:00
ORD_PNR_00576,DISH_PNR_012,CUST_00576,2026-09-19T07:10:00
ORD_PNR_00577,DISH_PNR_013,CUST_00577,2026-09-19T07:12:00
ORD_PNR_00578,DISH_PNR_014,CUST_00578,2026-09-19T07:14:00
ORD_PNR_00579,DISH_PNR_015,CUST_00579,2026-09-19T07:16:00
ORD_PNR_00580,DISH_PNR_016,CUST_00580,2026-09-19T07:18:00
ORD_PNR_00581,DISH_PNR_017,CUST_00581,2026-09-19T07:20:00
ORD_PNR_00582,DISH_PNR_018,CUST_00582,2026-09-19T07:22:00
ORD_PNR_00583,DISH_PNR_019,CUST_00583,2026-09-19T07:24:00
ORD_PNR_00584,DISH_PNR_020,CUST_00584,2026-09-19T07:26:00
ORD_PNR_00585,DISH_PNR_021,CUST_00585,2026-09-19T07:28:00
ORD_PNR_00586,DISH_PNR_022,CUST_00586,2026-09-19T07:30:00
ORD_PNR_00587,DISH_PNR_023,CUST_00587,2026-09-19T07:32:00
ORD_PNR_00588,DISH_PNR_024,CUST_00588,2026-09-19T07:34:00
ORD_PNR_00589,DISH_PNR_025,CUST_00589,2026-09-19T07:36:00
ORD_PNR_00590,DISH_PNR_026,CUST_00590,2026-09-19T07:38:00
ORD_PNR_00591,DISH_PNR_027,CUST_00591,2026-09-19T07:40:00
ORD_PNR_00592,DISH_PNR_028,CUST_00592,2026-09-19T07:42:00
ORD_PNR_00593,DISH_PNR_029,CUST_00593,2026-09-19T07:44:00
ORD_PNR_00594,DISH_PNR_030,CUST_00594,2026-09-19T07:46:00
ORD_PNR_00595,DISH_PNR_031,CUST_00595,2026-09-19T07:48:00
ORD_PNR_00596,DISH_PNR_032,CUST_00596,2026-09-19T07:50:00
ORD_PNR_00597,DISH_PNR_033,CUST_00597,2026-09-19T07:52:00
ORD_PNR_00598,DISH_PNR_034,CUST_00598,2026-09-19T07:54:00
ORD_PNR_00599,DISH_PNR_035,CUST_00599,2026-09-19T07:56:00
ORD_PNR_00600,DISH_PNR_036,CUST_00600,2026-09-19T07:58:00
ORD_PNR_00601,DISH_PNR_037,CUST_00601,2026-09-19T08:00:00
ORD_PNR_00602,DISH_PNR_038,CUST_00602,2026-09-19T08:02:00
ORD_PNR_00603,DISH_PNR_039,CUST_00603,2026-09-19T08:04:00
ORD_PNR_00604,DISH_PNR_040,CUST_00604,2026-09-19T08:06:00
ORD_PNR_00605,DISH_PNR_041,CUST_00605,2026-09-19T08:08:00
ORD_PNR_00606,DISH_PNR_042,CUST_00606,2026-09-19T08:10:00
ORD_PNR_00607,DISH_PNR_043,CUST_00607,2026-09-19T08:12:00
ORD_PNR_00608,DISH_PNR_044,CUST_00608,2026-09-19T08:14:00
ORD_PNR_00609,DISH_PNR_045,CUST_00609,2026-09-19T08:16:00
ORD_PNR_00610,DISH_PNR_046,CUST_00610,2026-09-19T08:18:00
ORD_PNR_00611,DISH_PNR_047,CUST_00611,2026-09-19T08:20:00
ORD_PNR_00612,DISH_PNR_001,CUST_00612,2026-09-19T08:22:00
ORD_PNR_00613,DISH_PNR_002,CUST_00613,2026-09-19T08:24:00
ORD_PNR_00614,DISH_PNR_003,CUST_00614,2026-09-19T08:26:00
ORD_PNR_00615,DISH_PNR_004,CUST_00615,2026-09-19T08:28:00
ORD_PNR_00616,DISH_PNR_005,CUST_00616,2026-09-19T08:30:00
ORD_PNR_00617,DISH_PNR_006,CUST_00617,2026-09-19T08:32:00
ORD_PNR_00618,DISH_PNR_007,CUST_00618,2026-09-19T08:34:00
ORD_PNR_00619,DISH_PNR_008,CUST_00619,2026-09-19T08:36:00
ORD_PNR_00620,DISH_PNR_009,CUST_00620,2026-09-19T08:38:00
ORD_PNR_00621,DISH_PNR_010,CUST_00621,2026-09-19T08:40:00
ORD_PNR_00622,DISH_PNR_011,CUST_00622,2026-09-19T08:42:00
ORD_PNR_00623,DISH_PNR_012,CUST_00623,2026-09-19T08:44:00
ORD_PNR_00624,DISH_PNR_013,CUST_00624,2026-09-19T08:46:00
ORD_PNR_00625,DISH_PNR_014,CUST_00625,2026-09-19T08:48:00
ORD_PNR_00626,DISH_PNR_015,CUST_00626,2026-09-19T08:50:00
ORD_PNR_00627,DISH_PNR_016,CUST_00627,2026-09-19T08:52:00
ORD_PNR_00628,DISH_PNR_017,CUST_00628,2026-09-19T08:54:00
ORD_PNR_00629,DISH_PNR_018,CUST_00629,2026-09-19T08:56:00
ORD_PNR_00630,DISH_PNR_019,CUST_00630,2026-09-19T08:58:00
ORD_PNR_00631,DISH_PNR_020,CUST_00631,2026-09-19T09:00:00
ORD_PNR_00632,DISH_PNR_021,CUST_00632,2026-09-19T09:02:00
ORD_PNR_00633,DISH_PNR_022,CUST_00633,2026-09-19T09:04:00
ORD_PNR_00634,DISH_PNR_023,CUST_00634,2026-09-19T09:06:00
ORD_PNR_00635,DISH_PNR_024,CUST_00635,2026-09-19T09:08:00
ORD_PNR_00636,DISH_PNR_025,CUST_00636,2026-09-19T09:10:00
ORD_PNR_00637,DISH_PNR_026,CUST_00637,2026-09-19T09:12:00
ORD_PNR_00638,DISH_PNR_027,CUST_00638,2026-09-19T09:14:00
ORD_PNR_00639,DISH_PNR_028,CUST_00639,2026-09-19T09:16:00
ORD_PNR_00640,DISH_PNR_029,CUST_00640,2026-09-19T09:18:00
ORD_PNR_00641,DISH_PNR_030,CUST_00641,2026-09-19T09:20:00
ORD_PNR_00642,DISH_PNR_031,CUST_00642,2026-09-19T09:22:00
ORD_PNR_00643,DISH_PNR_032,CUST_00643,2026-09-19T09:24:00
ORD_PNR_00644,DISH_PNR_033,CUST_00644,2026-09-19T09:26:00
ORD_PNR_00645,DISH_PNR_034,CUST_00645,2026-09-19T09:28:00
ORD_PNR_00646,DISH_PNR_035,CUST_00646,2026-09-19T09:30:00
ORD_PNR_00647,DISH_PNR_036,CUST_00647,2026-09-19T09:32:00
ORD_PNR_00648,DISH_PNR_037,CUST_00648,2026-09-19T09:34:00
ORD_PNR_00649,DISH_PNR_038,CUST_00649,2026-09-19T09:36:00
ORD_PNR_00650,DISH_PNR_039,CUST_00650,2026-09-19T09:38:00
ORD_PNR_00651,DISH_PNR_040,CUST_00651,2026-09-19T09:40:00
ORD_PNR_00652,DISH_PNR_041,CUST_00652,2026-09-19T09:42:00
ORD_PNR_00653,DISH_PNR_042,CUST_00653,2026-09-19T09:44:00
ORD_PNR_00654,DISH_PNR_043,CUST_00654,2026-09-19T09:46:00
ORD_PNR_00655,DISH_PNR_044,CUST_00655,2026-09-19T09:48:00
ORD_PNR_00656,DISH_PNR_045,CUST_00656,2026-09-19T09:50:00
ORD_PNR_00657,DISH_PNR_046,CUST_00657,2026-09-19T09:52:00
ORD_PNR_00658,DISH_PNR_047,CUST_00658,2026-09-19T09:54:00
ORD_PNR_00659,DISH_PNR_001,CUST_00659,2026-09-19T09:56:00
ORD_PNR_00660,DISH_PNR_002,CUST_00660,2026-09-19T09:58:00
ORD_PNR_00661,DISH_PNR_003,CUST_00661,2026-09-19T10:00:00
ORD_PNR_00662,DISH_PNR_004,CUST_00662,2026-09-19T10:02:00
ORD_PNR_00663,DISH_PNR_005,CUST_00663,2026-09-19T10:04:00
ORD_PNR_00664,DISH_PNR_006,CUST_00664,2026-09-19T10:06:00
ORD_PNR_00665,DISH_PNR_007,CUST_00665,2026-09-19T10:08:00
ORD_PNR_00666,DISH_PNR_008,CUST_00666,2026-09-19T10:10:00
ORD_PNR_00667,DISH_PNR_009,CUST_00667,2026-09-19T10:12:00
ORD_PNR_00668,DISH_PNR_010,CUST_00668,2026-09-19T10:14:00
ORD_PNR_00669,DISH_PNR_011,CUST_00669,2026-09-19T10:16:00
ORD_PNR_00670,DISH_PNR_012,CUST_00670,2026-09-19T10:18:00
ORD_PNR_00671,DISH_PNR_013,CUST_00671,2026-09-19T10:20:00
ORD_PNR_00672,DISH_PNR_014,CUST_00672,2026-09-19T10:22:00
ORD_PNR_00673,DISH_PNR_015,CUST_00673,2026-09-19T10:24:00
ORD_PNR_00674,DISH_PNR_016,CUST_00674,2026-09-19T10:26:00
ORD_PNR_00675,DISH_PNR_017,CUST_00675,2026-09-19T10:28:00
ORD_PNR_00676,DISH_PNR_018,CUST_00676,2026-09-19T10:30:00
ORD_PNR_00677,DISH_PNR_019,CUST_00677,2026-09-19T10:32:00
ORD_PNR_00678,DISH_PNR_020,CUST_00678,2026-09-19T10:34:00
ORD_PNR_00679,DISH_PNR_021,CUST_00679,2026-09-19T10:36:00
ORD_PNR_00680,DISH_PNR_022,CUST_00680,2026-09-19T10:38:00
ORD_PNR_00681,DISH_PNR_023,CUST_00681,2026-09-19T10:40:00
ORD_PNR_00682,DISH_PNR_024,CUST_00682,2026-09-19T10:42:00
ORD_PNR_00683,DISH_PNR_025,CUST_00683,2026-09-19T10:44:00
ORD_PNR_00684,DISH_PNR_026,CUST_00684,2026-09-19T10:46:00
ORD_PNR_00685,DISH_PNR_027,CUST_00685,2026-09-19T10:48:00
ORD_PNR_00686,DISH_PNR_028,CUST_00686,2026-09-19T10:50:00
ORD_PNR_00687,DISH_PNR_029,CUST_00687,2026-09-19T10:52:00
ORD_PNR_00688,DISH_PNR_030,CUST_00688,2026-09-19T10:54:00
ORD_PNR_00689,DISH_PNR_031,CUST_00689,2026-09-19T10:56:00
ORD_PNR_00690,DISH_PNR_032,CUST_00690,2026-09-19T10:58:00
ORD_PNR_00691,DISH_PNR_033,CUST_00691,2026-09-19T11:00:00
ORD_PNR_00692,DISH_PNR_034,CUST_00692,2026-09-19T11:02:00
ORD_PNR_00693,DISH_PNR_035,CUST_00693,2026-09-19T11:04:00
ORD_PNR_00694,DISH_PNR_036,CUST_00694,2026-09-19T11:06:00
ORD_PNR_00695,DISH_PNR_037,CUST_00695,2026-09-19T11:08:00
ORD_PNR_00696,DISH_PNR_038,CUST_00696,2026-09-19T11:10:00
ORD_PNR_00697,DISH_PNR_039,CUST_00697,2026-09-19T11:12:00
ORD_PNR_00698,DISH_PNR_040,CUST_00698,2026-09-19T11:14:00
ORD_PNR_00699,DISH_PNR_041,CUST_00699,2026-09-19T11:16:00
ORD_PNR_00700,DISH_PNR_042,CUST_00700,2026-09-19T11:18:00
ORD_PNR_00701,DISH_PNR_043,CUST_00701,2026-09-19T11:20:00
ORD_PNR_00702,DISH_PNR_044,CUST_00702,2026-09-19T11:22:00
ORD_PNR_00703,DISH_PNR_045,CUST_00703,2026-09-19T11:24:00
ORD_PNR_00704,DISH_PNR_046,CUST_00704,2026-09-19T11:26:00
ORD_PNR_00705,DISH_PNR_047,CUST_00705,2026-09-19T11:28:00
ORD_PNR_00706,DISH_PNR_001,CUST_00706,2026-09-19T11:30:00
ORD_PNR_00707,DISH_PNR_002,CUST_00707,2026-09-19T11:32:00
ORD_PNR_00708,DISH_PNR_003,CUST_00708,2026-09-19T11:34:00
ORD_PNR_00709,DISH_PNR_004,CUST_00709,2026-09-19T11:36:00
ORD_PNR_00710,DISH_PNR_005,CUST_00710,2026-09-19T11:38:00
ORD_PNR_00711,DISH_PNR_006,CUST_00711,2026-09-19T11:40:00
ORD_PNR_00712,DISH_PNR_007,CUST_00712,2026-09-19T11:42:00
ORD_PNR_00713,DISH_PNR_008,CUST_00713,2026-09-19T11:44:00
ORD_PNR_00714,DISH_PNR_009,CUST_00714,2026-09-19T11:46:00
ORD_PNR_00715,DISH_PNR_010,CUST_00715,2026-09-19T11:48:00
ORD_PNR_00716,DISH_PNR_011,CUST_00716,2026-09-19T11:50:00
ORD_PNR_00717,DISH_PNR_012,CUST_00717,2026-09-19T11:52:00
ORD_PNR_00718,DISH_PNR_013,CUST_00718,2026-09-19T11:54:00
ORD_PNR_00719,DISH_PNR_014,CUST_00719,2026-09-19T11:56:00
ORD_PNR_00720,DISH_PNR_015,CUST_00720,2026-09-19T11:58:00
ORD_PNR_00721,DISH_PNR_016,CUST_00721,2026-09-19T12:00:00
ORD_PNR_00722,DISH_PNR_017,CUST_00722,2026-09-19T12:02:00
ORD_PNR_00723,DISH_PNR_018,CUST_00723,2026-09-19T12:04:00
ORD_PNR_00724,DISH_PNR_019,CUST_00724,2026-09-19T12:06:00
ORD_PNR_00725,DISH_PNR_020,CUST_00725,2026-09-19T12:08:00
ORD_PNR_00726,DISH_PNR_021,CUST_00726,2026-09-19T12:10:00
ORD_PNR_00727,DISH_PNR_022,CUST_00727,2026-09-19T12:12:00
ORD_PNR_00728,DISH_PNR_023,CUST_00728,2026-09-19T12:14:00
ORD_PNR_00729,DISH_PNR_024,CUST_00729,2026-09-19T12:16:00
ORD_PNR_00730,DISH_PNR_025,CUST_00730,2026-09-19T12:18:00
ORD_PNR_00731,DISH_PNR_026,CUST_00731,2026-09-19T12:20:00
ORD_PNR_00732,DISH_PNR_027,CUST_00732,2026-09-19T12:22:00
ORD_PNR_00733,DISH_PNR_028,CUST_00733,2026-09-19T12:24:00
ORD_PNR_00734,DISH_PNR_029,CUST_00734,2026-09-19T12:26:00
ORD_PNR_00735,DISH_PNR_030,CUST_00735,2026-09-19T12:28:00
ORD_PNR_00736,DISH_PNR_031,CUST_00736,2026-09-19T12:30:00
ORD_PNR_00737,DISH_PNR_032,CUST_00737,2026-09-19T12:32:00
ORD_PNR_00738,DISH_PNR_033,CUST_00738,2026-09-19T12:34:00
ORD_PNR_00739,DISH_PNR_034,CUST_00739,2026-09-19T12:36:00
ORD_PNR_00740,DISH_PNR_035,CUST_00740,2026-09-19T12:38:00
ORD_PNR_00741,DISH_PNR_036,CUST_00741,2026-09-19T12:40:00
ORD_PNR_00742,DISH_PNR_037,CUST_00742,2026-09-19T12:42:00
ORD_PNR_00743,DISH_PNR_038,CUST_00743,2026-09-19T12:44:00
ORD_PNR_00744,DISH_PNR_039,CUST_00744,2026-09-19T12:46:00
ORD_PNR_00745,DISH_PNR_040,CUST_00745,2026-09-19T12:48:00
ORD_PNR_00746,DISH_PNR_041,CUST_00746,2026-09-19T12:50:00
ORD_PNR_00747,DISH_PNR_042,CUST_00747,2026-09-19T12:52:00
ORD_PNR_00748,DISH_PNR_043,CUST_00748,2026-09-19T12:54:00
ORD_PNR_00749,DISH_PNR_044,CUST_00749,2026-09-19T12:56:00
ORD_PNR_00750,DISH_PNR_045,CUST_00750,2026-09-19T12:58:00
ORD_PNR_00751,DISH_PNR_046,CUST_00751,2026-09-19T13:00:00
ORD_PNR_00752,DISH_PNR_047,CUST_00752,2026-09-19T13:02:00
ORD_PNR_00753,DISH_PNR_001,CUST_00753,2026-09-19T13:04:00
ORD_PNR_00754,DISH_PNR_002,CUST_00754,2026-09-19T13:06:00
ORD_PNR_00755,DISH_PNR_003,CUST_00755,2026-09-19T13:08:00
ORD_PNR_00756,DISH_PNR_004,CUST_00756,2026-09-19T13:10:00
ORD_PNR_00757,DISH_PNR_005,CUST_00757,2026-09-19T13:12:00
ORD_PNR_00758,DISH_PNR_006,CUST_00758,2026-09-19T13:14:00
ORD_PNR_00759,DISH_PNR_007,CUST_00759,2026-09-19T13:16:00
ORD_PNR_00760,DISH_PNR_008,CUST_00760,2026-09-19T13:18:00
ORD_PNR_00761,DISH_PNR_009,CUST_00761,2026-09-19T13:20:00
ORD_PNR_00762,DISH_PNR_010,CUST_00762,2026-09-19T13:22:00
ORD_PNR_00763,DISH_PNR_011,CUST_00763,2026-09-19T13:24:00
ORD_PNR_00764,DISH_PNR_012,CUST_00764,2026-09-19T13:26:00
ORD_PNR_00765,DISH_PNR_013,CUST_00765,2026-09-19T13:28:00
ORD_PNR_00766,DISH_PNR_014,CUST_00766,2026-09-19T13:30:00
ORD_PNR_00767,DISH_PNR_015,CUST_00767,2026-09-19T13:32:00
ORD_PNR_00768,DISH_PNR_016,CUST_00768,2026-09-19T13:34:00
ORD_PNR_00769,DISH_PNR_017,CUST_00769,2026-09-19T13:36:00
ORD_PNR_00770,DISH_PNR_018,CUST_00770,2026-09-19T13:38:00
ORD_PNR_00771,DISH_PNR_019,CUST_00771,2026-09-19T13:40:00
ORD_PNR_00772,DISH_PNR_020,CUST_00772,2026-09-19T13:42:00
ORD_PNR_00773,DISH_PNR_021,CUST_00773,2026-09-19T13:44:00
ORD_PNR_00774,DISH_PNR_022,CUST_00774,2026-09-19T13:46:00
ORD_PNR_00775,DISH_PNR_023,CUST_00775,2026-09-19T13:48:00
ORD_PNR_00776,DISH_PNR_024,CUST_00776,2026-09-19T13:50:00
ORD_PNR_00777,DISH_PNR_025,CUST_00777,2026-09-19T13:52:00
ORD_PNR_00778,DISH_PNR_026,CUST_00778,2026-09-19T13:54:00
ORD_PNR_00779,DISH_PNR_027,CUST_00779,2026-09-19T13:56:00
ORD_PNR_00780,DISH_PNR_028,CUST_00780,2026-09-19T13:58:00
ORD_PNR_00781,DISH_PNR_029,CUST_00781,2026-09-19T14:00:00
ORD_PNR_00782,DISH_PNR_030,CUST_00782,2026-09-19T14:02:00
ORD_PNR_00783,DISH_PNR_031,CUST_00783,2026-09-19T14:04:00
ORD_PNR_00784,DISH_PNR_032,CUST_00784,2026-09-19T14:06:00
ORD_PNR_00785,DISH_PNR_033,CUST_00785,2026-09-19T14:08:00
ORD_PNR_00786,DISH_PNR_034,CUST_00786,2026-09-19T14:10:00
ORD_PNR_00787,DISH_PNR_035,CUST_00787,2026-09-19T14:12:00
ORD_PNR_00788,DISH_PNR_036,CUST_00788,2026-09-19T14:14:00
ORD_PNR_00789,DISH_PNR_037,CUST_00789,2026-09-19T14:16:00
ORD_PNR_00790,DISH_PNR_038,CUST_00790,2026-09-19T14:18:00
ORD_PNR_00791,DISH_PNR_039,CUST_00791,2026-09-19T14:20:00
ORD_PNR_00792,DISH_PNR_040,CUST_00792,2026-09-19T14:22:00
ORD_PNR_00793,DISH_PNR_041,CUST_00793,2026-09-19T14:24:00
ORD_PNR_00794,DISH_PNR_042,CUST_00794,2026-09-19T14:26:00
ORD_PNR_00795,DISH_PNR_043,CUST_00795,2026-09-19T14:28:00
ORD_PNR_00796,DISH_PNR_044,CUST_00796,2026-09-19T14:30:00
ORD_PNR_00797,DISH_PNR_045,CUST_00797,2026-09-19T14:32:00
ORD_PNR_00798,DISH_PNR_046,CUST_00798,2026-09-19T14:34:00
ORD_PNR_00799,DISH_PNR_047,CUST_00799,2026-09-19T14:36:00
ORD_PNR_00800,DISH_PNR_001,CUST_00800,2026-09-19T14:38:00
ORD_PNR_00801,DISH_PNR_002,CUST_00801,2026-09-19T14:40:00
ORD_PNR_00802,DISH_PNR_003,CUST_00802,2026-09-19T14:42:00
ORD_PNR_00803,DISH_PNR_004,CUST_00803,2026-09-19T14:44:00
ORD_PNR_00804,DISH_PNR_005,CUST_00804,2026-09-19T14:46:00
ORD_PNR_00805,DISH_PNR_006,CUST_00805,2026-09-19T14:48:00
ORD_PNR_00806,DISH_PNR_007,CUST_00806,2026-09-19T14:50:00
ORD_PNR_00807,DISH_PNR_008,CUST_00807,2026-09-19T14:52:00
ORD_PNR_00808,DISH_PNR_009,CUST_00808,2026-09-19T14:54:00
ORD_PNR_00809,DISH_PNR_010,CUST_00809,2026-09-19T14:56:00
ORD_PNR_00810,DISH_PNR_011,CUST_00810,2026-09-19T14:58:00
ORD_PNR_00811,DISH_PNR_012,CUST_00811,2026-09-19T15:00:00
ORD_PNR_00812,DISH_PNR_013,CUST_00812,2026-09-19T15:02:00
ORD_PNR_00813,DISH_PNR_014,CUST_00813,2026-09-19T15:04:00
ORD_PNR_00814,DISH_PNR_015,CUST_00814,2026-09-19T15:06:00
ORD_PNR_00815,DISH_PNR_016,CUST_00815,2026-09-19T15:08:00
ORD_PNR_00816,DISH_PNR_017,CUST_00816,2026-09-19T15:10:00
ORD_PNR_00817,DISH_PNR_018,CUST_00817,2026-09-19T15:12:00
ORD_PNR_00818,DISH_PNR_019,CUST_00818,2026-09-19T15:14:00
ORD_PNR_00819,DISH_PNR_020,CUST_00819,2026-09-19T15:16:00
ORD_PNR_00820,DISH_PNR_021,CUST_00820,2026-09-19T15:18:00
ORD_PNR_00821,DISH_PNR_022,CUST_00821,2026-09-19T15:20:00
ORD_PNR_00822,DISH_PNR_023,CUST_00822,2026-09-19T15:22:00
ORD_PNR_00823,DISH_PNR_024,CUST_00823,2026-09-19T15:24:00
ORD_PNR_00824,DISH_PNR_025,CUST_00824,2026-09-19T15:26:00
ORD_PNR_00825,DISH_PNR_026,CUST_00825,2026-09-19T15:28:00
ORD_PNR_00826,DISH_PNR_027,CUST_00826,2026-09-19T15:30:00
ORD_PNR_00827,DISH_PNR_028,CUST_00827,2026-09-19T15:32:00
ORD_PNR_00828,DISH_PNR_029,CUST_00828,2026-09-19T15:34:00
ORD_PNR_00829,DISH_PNR_030,CUST_00829,2026-09-19T15:36:00
ORD_PNR_00830,DISH_PNR_031,CUST_00830,2026-09-19T15:38:00
ORD_PNR_00831,DISH_PNR_032,CUST_00831,2026-09-19T15:40:00
ORD_PNR_00832,DISH_PNR_033,CUST_00832,2026-09-19T15:42:00
ORD_PNR_00833,DISH_PNR_034,CUST_00833,2026-09-19T15:44:00
ORD_PNR_00834,DISH_PNR_035,CUST_00834,2026-09-19T15:46:00
ORD_PNR_00835,DISH_PNR_036,CUST_00835,2026-09-19T15:48:00
ORD_PNR_00836,DISH_PNR_037,CUST_00836,2026-09-19T15:50:00
ORD_PNR_00837,DISH_PNR_038,CUST_00837,2026-09-19T15:52:00
ORD_PNR_00838,DISH_PNR_039,CUST_00838,2026-09-19T15:54:00
ORD_PNR_00839,DISH_PNR_040,CUST_00839,2026-09-19T15:56:00
ORD_PNR_00840,DISH_PNR_041,CUST_00840,2026-09-19T15:58:00
ORD_PNR_00841,DISH_PNR_042,CUST_00841,2026-09-19T16:00:00
ORD_PNR_00842,DISH_PNR_043,CUST_00842,2026-09-19T16:02:00
ORD_PNR_00843,DISH_PNR_044,CUST_00843,2026-09-19T16:04:00
ORD_PNR_00844,DISH_PNR_045,CUST_00844,2026-09-19T16:06:00
ORD_PNR_00845,DISH_PNR_046,CUST_00845,2026-09-19T16:08:00
ORD_PNR_00846,DISH_PNR_047,CUST_00846,2026-09-19T16:10:00
ORD_PNR_00847,DISH_PNR_001,CUST_00847,2026-09-19T16:12:00
ORD_PNR_00848,DISH_PNR_002,CUST_00848,2026-09-19T16:14:00
ORD_PNR_00849,DISH_PNR_003,CUST_00849,2026-09-19T16:16:00
ORD_PNR_00850,DISH_PNR_004,CUST_00850,2026-09-19T16:18:00
ORD_PNR_00851,DISH_PNR_005,CUST_00851,2026-09-19T16:20:00
ORD_PNR_00852,DISH_PNR_006,CUST_00852,2026-09-19T16:22:00
ORD_PNR_00853,DISH_PNR_007,CUST_00853,2026-09-19T16:24:00
ORD_PNR_00854,DISH_PNR_008,CUST_00854,2026-09-19T16:26:00
ORD_PNR_00855,DISH_PNR_009,CUST_00855,2026-09-19T16:28:00
ORD_PNR_00856,DISH_PNR_010,CUST_00856,2026-09-19T16:30:00
ORD_PNR_00857,DISH_PNR_011,CUST_00857,2026-09-19T16:32:00
ORD_PNR_00858,DISH_PNR_012,CUST_00858,2026-09-19T16:34:00
ORD_PNR_00859,DISH_PNR_013,CUST_00859,2026-09-19T16:36:00
ORD_PNR_00860,DISH_PNR_014,CUST_00860,2026-09-19T16:38:00
ORD_PNR_00861,DISH_PNR_015,CUST_00861,2026-09-19T16:40:00
ORD_PNR_00862,DISH_PNR_016,CUST_00862,2026-09-19T16:42:00
ORD_PNR_00863,DISH_PNR_017,CUST_00863,2026-09-19T16:44:00
ORD_PNR_00864,DISH_PNR_018,CUST_00864,2026-09-19T16:46:00
ORD_PNR_00865,DISH_PNR_019,CUST_00865,2026-09-19T16:48:00
ORD_PNR_00866,DISH_PNR_020,CUST_00866,2026-09-19T16:50:00
ORD_PNR_00867,DISH_PNR_021,CUST_00867,2026-09-19T16:52:00
ORD_PNR_00868,DISH_PNR_022,CUST_00868,2026-09-19T16:54:00
ORD_PNR_00869,DISH_PNR_023,CUST_00869,2026-09-19T16:56:00
ORD_PNR_00870,DISH_PNR_024,CUST_00870,2026-09-19T16:58:00
ORD_PNR_00871,DISH_PNR_025,CUST_00871,2026-09-19T17:00:00
ORD_PNR_00872,DISH_PNR_026,CUST_00872,2026-09-19T17:02:00
ORD_PNR_00873,DISH_PNR_027,CUST_00873,2026-09-19T17:04:00
ORD_PNR_00874,DISH_PNR_028,CUST_00874,2026-09-19T17:06:00
ORD_PNR_00875,DISH_PNR_029,CUST_00875,2026-09-19T17:08:00
ORD_PNR_00876,DISH_PNR_030,CUST_00876,2026-09-19T17:10:00
ORD_PNR_00877,DISH_PNR_031,CUST_00877,2026-09-19T17:12:00
ORD_PNR_00878,DISH_PNR_032,CUST_00878,2026-09-19T17:14:00
ORD_PNR_00879,DISH_PNR_033,CUST_00879,2026-09-19T17:16:00
ORD_PNR_00880,DISH_PNR_034,CUST_00880,2026-09-19T17:18:00
ORD_PNR_00881,DISH_PNR_035,CUST_00881,2026-09-19T17:20:00
ORD_PNR_00882,DISH_PNR_036,CUST_00882,2026-09-19T17:22:00
ORD_PNR_00883,DISH_PNR_037,CUST_00883,2026-09-19T17:24:00
ORD_PNR_00884,DISH_PNR_038,CUST_00884,2026-09-19T17:26:00
ORD_PNR_00885,DISH_PNR_039,CUST_00885,2026-09-19T17:28:00
ORD_PNR_00886,DISH_PNR_040,CUST_00886,2026-09-19T17:30:00
ORD_PNR_00887,DISH_PNR_041,CUST_00887,2026-09-19T17:32:00
ORD_PNR_00888,DISH_PNR_042,CUST_00888,2026-09-19T17:34:00
ORD_PNR_00889,DISH_PNR_043,CUST_00889,2026-09-19T17:36:00
ORD_PNR_00890,DISH_PNR_044,CUST_00890,2026-09-19T17:38:00
ORD_PNR_00891,DISH_PNR_045,CUST_00891,2026-09-19T17:40:00
ORD_PNR_00892,DISH_PNR_046,CUST_00892,2026-09-19T17:42:00
ORD_PNR_00893,DISH_PNR_047,CUST_00893,2026-09-19T17:44:00
ORD_PNR_00894,DISH_PNR_001,CUST_00894,2026-09-19T17:46:00
ORD_PNR_00895,DISH_PNR_002,CUST_00895,2026-09-19T17:48:00
ORD_PNR_00896,DISH_PNR_003,CUST_00896,2026-09-19T17:50:00
ORD_PNR_00897,DISH_PNR_004,CUST_00897,2026-09-19T17:52:00
ORD_PNR_00898,DISH_PNR_005,CUST_00898,2026-09-19T17:54:00
ORD_PNR_00899,DISH_PNR_006,CUST_00899,2026-09-19T17:56:00
ORD_PNR_00900,DISH_PNR_007,CUST_00900,2026-09-19T17:58:00
ORD_PNR_00901,DISH_PNR_008,CUST_00901,2026-09-19T18:00:00
ORD_PNR_00902,DISH_PNR_009,CUST_00902,2026-09-19T18:02:00
ORD_PNR_00903,DISH_PNR_010,CUST_00903,2026-09-19T18:04:00
ORD_PNR_00904,DISH_PNR_011,CUST_00904,2026-09-19T18:06:00
ORD_PNR_00905,DISH_PNR_012,CUST_00905,2026-09-19T18:08:00
ORD_PNR_00906,DISH_PNR_013,CUST_00906,2026-09-19T18:10:00
ORD_PNR_00907,DISH_PNR_014,CUST_00907,2026-09-19T18:12:00
ORD_PNR_00908,DISH_PNR_015,CUST_00908,2026-09-19T18:14:00
ORD_PNR_00909,DISH_PNR_016,CUST_00909,2026-09-19T18:16:00
ORD_PNR_00910,DISH_PNR_017,CUST_00910,2026-09-19T18:18:00
ORD_PNR_00911,DISH_PNR_018,CUST_00911,2026-09-19T18:20:00
ORD_PNR_00912,DISH_PNR_019,CUST_00912,2026-09-19T18:22:00
ORD_PNR_00913,DISH_PNR_020,CUST_00913,2026-09-19T18:24:00
ORD_PNR_00914,DISH_PNR_021,CUST_00914,2026-09-19T18:26:00
ORD_PNR_00915,DISH_PNR_022,CUST_00915,2026-09-19T18:28:00
ORD_PNR_00916,DISH_PNR_023,CUST_00916,2026-09-19T18:30:00
ORD_PNR_00917,DISH_PNR_024,CUST_00917,2026-09-19T18:32:00
ORD_PNR_00918,DISH_PNR_025,CUST_00918,2026-09-19T18:34:00
ORD_PNR_00919,DISH_PNR_026,CUST_00919,2026-09-19T18:36:00
ORD_PNR_00920,DISH_PNR_027,CUST_00920,2026-09-19T18:38:00
ORD_PNR_00921,DISH_PNR_028,CUST_00921,2026-09-19T18:40:00
ORD_PNR_00922,DISH_PNR_029,CUST_00922,2026-09-19T18:42:00
ORD_PNR_00923,DISH_PNR_030,CUST_00923,2026-09-19T18:44:00
ORD_PNR_00924,DISH_PNR_031,CUST_00924,2026-09-19T18:46:00
ORD_PNR_00925,DISH_PNR_032,CUST_00925,2026-09-19T18:48:00
ORD_PNR_00926,DISH_PNR_033,CUST_00926,2026-09-19T18:50:00
ORD_PNR_00927,DISH_PNR_034,CUST_00927,2026-09-19T18:52:00
ORD_PNR_00928,DISH_PNR_035,CUST_00928,2026-09-19T18:54:00
ORD_PNR_00929,DISH_PNR_036,CUST_00929,2026-09-19T18:56:00
ORD_PNR_00930,DISH_PNR_037,CUST_00930,2026-09-19T18:58:00
ORD_PNR_00931,DISH_PNR_038,CUST_00931,2026-09-19T19:00:00
ORD_PNR_00932,DISH_PNR_039,CUST_00932,2026-09-19T19:02:00
ORD_PNR_00933,DISH_PNR_040,CUST_00933,2026-09-19T19:04:00
ORD_PNR_00934,DISH_PNR_041,CUST_00934,2026-09-19T19:06:00
ORD_PNR_00935,DISH_PNR_042,CUST_00935,2026-09-19T19:08:00
ORD_PNR_00936,DISH_PNR_043,CUST_00936,2026-09-19T19:10:00
ORD_PNR_00937,DISH_PNR_044,CUST_00937,2026-09-19T19:12:00
ORD_PNR_00938,DISH_PNR_045,CUST_00938,2026-09-19T19:14:00
ORD_PNR_00939,DISH_PNR_046,CUST_00939,2026-09-19T19:16:00
ORD_PNR_00940,DISH_PNR_047,CUST_00940,2026-09-19T19:18:00
ORD_PNR_00941,DISH_PNR_001,CUST_00941,2026-09-19T19:20:00
ORD_PNR_00942,DISH_PNR_002,CUST_00942,2026-09-19T19:22:00
ORD_PNR_00943,DISH_PNR_003,CUST_00943,2026-09-19T19:24:00
ORD_PNR_00944,DISH_PNR_004,CUST_00944,2026-09-19T19:26:00
ORD_PNR_00945,DISH_PNR_005,CUST_00945,2026-09-19T19:28:00
ORD_PNR_00946,DISH_PNR_006,CUST_00946,2026-09-19T19:30:00
ORD_PNR_00947,DISH_PNR_007,CUST_00947,2026-09-19T19:32:00
ORD_PNR_00948,DISH_PNR_008,CUST_00948,2026-09-19T19:34:00
ORD_PNR_00949,DISH_PNR_009,CUST_00949,2026-09-19T19:36:00
ORD_PNR_00950,DISH_PNR_010,CUST_00950,2026-09-19T19:38:00
ORD_PNR_00951,DISH_PNR_011,CUST_00951,2026-09-19T19:40:00
ORD_PNR_00952,DISH_PNR_012,CUST_00952,2026-09-19T19:42:00
ORD_PNR_00953,DISH_PNR_013,CUST_00953,2026-09-19T19:44:00
ORD_PNR_00954,DISH_PNR_014,CUST_00954,2026-09-19T19:46:00
ORD_PNR_00955,DISH_PNR_015,CUST_00955,2026-09-19T19:48:00
ORD_PNR_00956,DISH_PNR_016,CUST_00956,2026-09-19T19:50:00
ORD_PNR_00957,DISH_PNR_017,CUST_00957,2026-09-19T19:52:00
ORD_PNR_00958,DISH_PNR_018,CUST_00958,2026-09-19T19:54:00
ORD_PNR_00959,DISH_PNR_019,CUST_00959,2026-09-19T19:56:00
ORD_PNR_00960,DISH_PNR_020,CUST_00960,2026-09-19T19:58:00
ORD_PNR_00961,DISH_PNR_021,CUST_00961,2026-09-19T20:00:00
ORD_PNR_00962,DISH_PNR_022,CUST_00962,2026-09-19T20:02:00
ORD_PNR_00963,DISH_PNR_023,CUST_00963,2026-09-19T20:04:00
ORD_PNR_00964,DISH_PNR_024,CUST_00964,2026-09-19T20:06:00
ORD_PNR_00965,DISH_PNR_025,CUST_00965,2026-09-19T20:08:00
ORD_PNR_00966,DISH_PNR_026,CUST_00966,2026-09-19T20:10:00
ORD_PNR_00967,DISH_PNR_027,CUST_00967,2026-09-19T20:12:00
ORD_PNR_00968,DISH_PNR_028,CUST_00968,2026-09-19T20:14:00
ORD_PNR_00969,DISH_PNR_029,CUST_00969,2026-09-19T20:16:00
ORD_PNR_00970,DISH_PNR_030,CUST_00970,2026-09-19T20:18:00
ORD_PNR_00971,DISH_PNR_031,CUST_00971,2026-09-19T20:20:00
ORD_PNR_00972,DISH_PNR_032,CUST_00972,2026-09-19T20:22:00
ORD_PNR_00973,DISH_PNR_033,CUST_00973,2026-09-19T20:24:00
ORD_PNR_00974,DISH_PNR_034,CUST_00974,2026-09-19T20:26:00
ORD_PNR_00975,DISH_PNR_035,CUST_00975,2026-09-19T20:28:00
ORD_PNR_00976,DISH_PNR_036,CUST_00976,2026-09-19T20:30:00
ORD_PNR_00977,DISH_PNR_037,CUST_00977,2026-09-19T20:32:00
ORD_PNR_00978,DISH_PNR_038,CUST_00978,2026-09-19T20:34:00
ORD_PNR_00979,DISH_PNR_039,CUST_00979,2026-09-19T20:36:00
ORD_PNR_00980,DISH_PNR_040,CUST_00980,2026-09-19T20:38:00
ORD_PNR_00981,DISH_PNR_041,CUST_00981,2026-09-19T20:40:00
ORD_PNR_00982,DISH_PNR_042,CUST_00982,2026-09-19T20:42:00
ORD_PNR_00983,DISH_PNR_043,CUST_00983,2026-09-19T20:44:00
ORD_PNR_00984,DISH_PNR_044,CUST_00984,2026-09-19T20:46:00
ORD_PNR_00985,DISH_PNR_045,CUST_00985,2026-09-19T20:48:00
ORD_PNR_00986,DISH_PNR_046,CUST_00986,2026-09-19T20:50:00
ORD_PNR_00987,DISH_PNR_047,CUST_00987,2026-09-19T20:52:00
ORD_PNR_00988,DISH_PNR_001,CUST_00988,2026-09-19T20:54:00
ORD_PNR_00989,DISH_PNR_002,CUST_00989,2026-09-19T20:56:00
ORD_PNR_00990,DISH_PNR_003,CUST_00990,2026-09-19T20:58:00
ORD_PNR_00991,DISH_PNR_004,CUST_00991,2026-09-19T21:00:00
ORD_PNR_00992,DISH_PNR_005,CUST_00992,2026-09-19T21:02:00
ORD_PNR_00993,DISH_PNR_006,CUST_00993,2026-09-19T21:04:00
ORD_PNR_00994,DISH_PNR_007,CUST_00994,2026-09-19T21:06:00
ORD_PNR_00995,DISH_PNR_008,CUST_00995,2026-09-19T21:08:00
ORD_PNR_00996,DISH_PNR_009,CUST_00996,2026-09-19T21:10:00
ORD_PNR_00997,DISH_PNR_010,CUST_00997,2026-09-19T21:12:00
ORD_PNR_00998,DISH_PNR_011,CUST_00998,2026-09-19T21:14:00
ORD_PNR_00999,DISH_PNR_012,CUST_00999,2026-09-19T21:16:00
ORD_PNR_01000,DISH_PNR_013,CUST_01000,2026-09-19T21:18:00
ORD_PNR_01001,DISH_PNR_014,CUST_01001,2026-09-19T21:20:00
ORD_PNR_01002,DISH_PNR_015,CUST_01002,2026-09-19T21:22:00
ORD_PNR_01003,DISH_PNR_016,CUST_01003,2026-09-19T21:24:00
ORD_PNR_01004,DISH_PNR_017,CUST_01004,2026-09-19T21:26:00
ORD_PNR_01005,DISH_PNR_018,CUST_01005,2026-09-19T21:28:00
ORD_PNR_01006,DISH_PNR_019,CUST_01006,2026-09-19T21:30:00
ORD_PNR_01007,DISH_PNR_020,CUST_01007,2026-09-19T21:32:00
ORD_PNR_01008,DISH_PNR_021,CUST_01008,2026-09-19T21:34:00
ORD_PNR_01009,DISH_PNR_022,CUST_01009,2026-09-19T21:36:00
ORD_PNR_01010,DISH_PNR_023,CUST_01010,2026-09-19T21:38:00
ORD_PNR_01011,DISH_PNR_024,CUST_01011,2026-09-19T21:40:00
ORD_PNR_01012,DISH_PNR_025,CUST_01012,2026-09-19T21:42:00
ORD_PNR_01013,DISH_PNR_026,CUST_01013,2026-09-19T21:44:00
ORD_PNR_01014,DISH_PNR_027,CUST_01014,2026-09-19T21:46:00
ORD_PNR_01015,DISH_PNR_028,CUST_01015,2026-09-19T21:48:00
ORD_PNR_01016,DISH_PNR_029,CUST_01016,2026-09-19T21:50:00
ORD_PNR_01017,DISH_PNR_030,CUST_01017,2026-09-19T21:52:00
ORD_PNR_01018,DISH_PNR_031,CUST_01018,2026-09-19T21:54:00
ORD_PNR_01019,DISH_PNR_032,CUST_01019,2026-09-19T21:56:00
ORD_PNR_01020,DISH_PNR_033,CUST_01020,2026-09-19T21:58:00
ORD_PNR_01021,DISH_PNR_034,CUST_01021,2026-09-19T22:00:00
ORD_PNR_01022,DISH_PNR_035,CUST_01022,2026-09-19T22:02:00
ORD_PNR_01023,DISH_PNR_036,CUST_01023,2026-09-19T22:04:00
ORD_PNR_01024,DISH_PNR_037,CUST_01024,2026-09-19T22:06:00
ORD_PNR_01025,DISH_PNR_038,CUST_01025,2026-09-19T22:08:00
ORD_PNR_01026,DISH_PNR_039,CUST_01026,2026-09-19T22:10:00
ORD_PNR_01027,DISH_PNR_040,CUST_01027,2026-09-19T22:12:00
ORD_PNR_01028,DISH_PNR_041,CUST_01028,2026-09-19T22:14:00
ORD_PNR_01029,DISH_PNR_042,CUST_01029,2026-09-19T22:16:00
ORD_PNR_01030,DISH_PNR_043,CUST_01030,2026-09-19T22:18:00
ORD_PNR_01031,DISH_PNR_044,CUST_01031,2026-09-19T22:20:00
ORD_PNR_01032,DISH_PNR_045,CUST_01032,2026-09-19T22:22:00
ORD_PNR_01033,DISH_PNR_046,CUST_01033,2026-09-19T22:24:00
ORD_PNR_01034,DISH_PNR_047,CUST_01034,2026-09-19T22:26:00
ORD_PNR_01035,DISH_PNR_001,CUST_01035,2026-09-19T22:28:00
ORD_PNR_01036,DISH_PNR_002,CUST_01036,2026-09-19T22:30:00
ORD_PNR_01037,DISH_PNR_003,CUST_01037,2026-09-19T22:32:00
ORD_PNR_01038,DISH_PNR_004,CUST_01038,2026-09-19T22:34:00
ORD_PNR_01039,DISH_PNR_005,CUST_01039,2026-09-19T22:36:00
ORD_PNR_01040,DISH_PNR_006,CUST_01040,2026-09-19T22:38:00
ORD_PNR_01041,DISH_PNR_007,CUST_01041,2026-09-19T22:40:00
ORD_PNR_01042,DISH_PNR_008,CUST_01042,2026-09-19T22:42:00
ORD_PNR_01043,DISH_PNR_009,CUST_01043,2026-09-19T22:44:00
ORD_PNR_01044,DISH_PNR_010,CUST_01044,2026-09-19T22:46:00
ORD_PNR_01045,DISH_PNR_011,CUST_01045,2026-09-19T22:48:00
ORD_PNR_01046,DISH_PNR_012,CUST_01046,2026-09-19T22:50:00
ORD_PNR_01047,DISH_PNR_013,CUST_01047,2026-09-19T22:52:00
ORD_PNR_01048,DISH_PNR_014,CUST_01048,2026-09-19T22:54:00
ORD_PNR_01049,DISH_PNR_015,CUST_01049,2026-09-19T22:56:00
ORD_PNR_01050,DISH_PNR_016,CUST_01050,2026-09-19T22:58:00
ORD_PNR_01051,DISH_PNR_017,CUST_01051,2026-09-19T23:00:00
ORD_PNR_01052,DISH_PNR_018,CUST_01052,2026-09-19T23:02:00
ORD_PNR_01053,DISH_PNR_019,CUST_01053,2026-09-19T23:04:00
ORD_PNR_01054,DISH_PNR_020,CUST_01054,2026-09-19T23:06:00
ORD_PNR_01055,DISH_PNR_021,CUST_01055,2026-09-19T23:08:00
ORD_PNR_01056,DISH_PNR_022,CUST_01056,2026-09-19T23:10:00
ORD_PNR_01057,DISH_PNR_023,CUST_01057,2026-09-19T23:12:00
ORD_PNR_01058,DISH_PNR_024,CUST_01058,2026-09-19T23:14:00
ORD_PNR_01059,DISH_PNR_025,CUST_01059,2026-09-19T23:16:00
ORD_PNR_01060,DISH_PNR_026,CUST_01060,2026-09-19T23:18:00
ORD_PNR_01061,DISH_PNR_027,CUST_01061,2026-09-19T23:20:00
ORD_PNR_01062,DISH_PNR_028,CUST_01062,2026-09-19T23:22:00
ORD_PNR_01063,DISH_PNR_029,CUST_01063,2026-09-19T23:24:00
ORD_PNR_01064,DISH_PNR_030,CUST_01064,2026-09-19T23:26:00
ORD_PNR_01065,DISH_PNR_031,CUST_01065,2026-09-19T23:28:00
ORD_PNR_01066,DISH_PNR_032,CUST_01066,2026-09-19T23:30:00
ORD_PNR_01067,DISH_PNR_033,CUST_01067,2026-09-19T23:32:00
ORD_PNR_01068,DISH_PNR_034,CUST_01068,2026-09-19T23:34:00
ORD_PNR_01069,DISH_PNR_035,CUST_01069,2026-09-19T23:36:00
ORD_PNR_01070,DISH_PNR_036,CUST_01070,2026-09-19T23:38:00
ORD_PNR_01071,DISH_PNR_037,CUST_01071,2026-09-19T23:40:00
ORD_PNR_01072,DISH_PNR_038,CUST_01072,2026-09-19T23:42:00
ORD_PNR_01073,DISH_PNR_039,CUST_01073,2026-09-19T23:44:00
ORD_PNR_01074,DISH_PNR_040,CUST_01074,2026-09-19T23:46:00
ORD_PNR_01075,DISH_PNR_041,CUST_01075,2026-09-19T23:48:00
ORD_PNR_01076,DISH_PNR_042,CUST_01076,2026-09-19T23:50:00
ORD_PNR_01077,DISH_PNR_043,CUST_01077,2026-09-19T23:52:00
ORD_PNR_01078,DISH_PNR_044,CUST_01078,2026-09-19T23:54:00
ORD_PNR_01079,DISH_PNR_045,CUST_01079,2026-09-19T23:56:00
ORD_PNR_01080,DISH_PNR_046,CUST_01080,2026-09-19T23:58:00
ORD_PNR_01081,DISH_PNR_047,CUST_01081,2026-09-20T00:00:00
ORD_PNR_01082,DISH_PNR_001,CUST_01082,2026-09-20T00:02:00
ORD_PNR_01083,DISH_PNR_002,CUST_01083,2026-09-20T00:04:00
ORD_PNR_01084,DISH_PNR_003,CUST_01084,2026-09-20T00:06:00
ORD_PNR_01085,DISH_PNR_004,CUST_01085,2026-09-20T00:08:00
ORD_PNR_01086,DISH_PNR_005,CUST_01086,2026-09-20T00:10:00
ORD_PNR_01087,DISH_PNR_006,CUST_01087,2026-09-20T00:12:00
ORD_PNR_01088,DISH_PNR_007,CUST_01088,2026-09-20T00:14:00
ORD_PNR_01089,DISH_PNR_008,CUST_01089,2026-09-20T00:16:00
ORD_PNR_01090,DISH_PNR_009,CUST_01090,2026-09-20T00:18:00
ORD_PNR_01091,DISH_PNR_010,CUST_01091,2026-09-20T00:20:00
ORD_PNR_01092,DISH_PNR_011,CUST_01092,2026-09-20T00:22:00
ORD_PNR_01093,DISH_PNR_012,CUST_01093,2026-09-20T00:24:00
ORD_PNR_01094,DISH_PNR_013,CUST_01094,2026-09-20T00:26:00
ORD_PNR_01095,DISH_PNR_014,CUST_01095,2026-09-20T00:28:00
ORD_PNR_01096,DISH_PNR_015,CUST_01096,2026-09-20T00:30:00
ORD_PNR_01097,DISH_PNR_016,CUST_01097,2026-09-20T00:32:00
ORD_PNR_01098,DISH_PNR_017,CUST_01098,2026-09-20T00:34:00
ORD_PNR_01099,DISH_PNR_018,CUST_01099,2026-09-20T00:36:00
ORD_PNR_01100,DISH_PNR_019,CUST_01100,2026-09-20T00:38:00
ORD_PNR_01101,DISH_PNR_020,CUST_01101,2026-09-20T00:40:00
ORD_PNR_01102,DISH_PNR_021,CUST_01102,2026-09-20T00:42:00
ORD_PNR_01103,DISH_PNR_022,CUST_01103,2026-09-20T00:44:00
ORD_PNR_01104,DISH_PNR_023,CUST_01104,2026-09-20T00:46:00
ORD_PNR_01105,DISH_PNR_024,CUST_01105,2026-09-20T00:48:00
ORD_PNR_01106,DISH_PNR_025,CUST_01106,2026-09-20T00:50:00
ORD_PNR_01107,DISH_PNR_026,CUST_01107,2026-09-20T00:52:00
ORD_PNR_01108,DISH_PNR_027,CUST_01108,2026-09-20T00:54:00
ORD_PNR_01109,DISH_PNR_028,CUST_01109,2026-09-20T00:56:00
ORD_PNR_01110,DISH_PNR_029,CUST_01110,2026-09-20T00:58:00
ORD_PNR_01111,DISH_PNR_030,CUST_01111,2026-09-20T01:00:00
ORD_PNR_01112,DISH_PNR_031,CUST_01112,2026-09-20T01:02:00
ORD_PNR_01113,DISH_PNR_032,CUST_01113,2026-09-20T01:04:00
ORD_PNR_01114,DISH_PNR_033,CUST_01114,2026-09-20T01:06:00
ORD_PNR_01115,DISH_PNR_034,CUST_01115,2026-09-20T01:08:00
ORD_PNR_01116,DISH_PNR_035,CUST_01116,2026-09-20T01:10:00
ORD_PNR_01117,DISH_PNR_036,CUST_01117,2026-09-20T01:12:00
ORD_PNR_01118,DISH_PNR_037,CUST_01118,2026-09-20T01:14:00
ORD_PNR_01119,DISH_PNR_038,CUST_01119,2026-09-20T01:16:00
ORD_PNR_01120,DISH_PNR_039,CUST_01120,2026-09-20T01:18:00
ORD_PNR_01121,DISH_PNR_040,CUST_01121,2026-09-20T01:20:00
ORD_PNR_01122,DISH_PNR_041,CUST_01122,2026-09-20T01:22:00
ORD_PNR_01123,DISH_PNR_042,CUST_01123,2026-09-20T01:24:00
ORD_PNR_01124,DISH_PNR_043,CUST_01124,2026-09-20T01:26:00
ORD_PNR_01125,DISH_PNR_044,CUST_01125,2026-09-20T01:28:00
ORD_PNR_01126,DISH_PNR_045,CUST_01126,2026-09-20T01:30:00
ORD_PNR_01127,DISH_PNR_046,CUST_01127,2026-09-20T01:32:00
ORD_PNR_01128,DISH_PNR_047,CUST_01128,2026-09-20T01:34:00
ORD_PNR_01129,DISH_PNR_001,CUST_01129,2026-09-20T01:36:00
ORD_PNR_01130,DISH_PNR_002,CUST_01130,2026-09-20T01:38:00
ORD_PNR_01131,DISH_PNR_003,CUST_01131,2026-09-20T01:40:00
ORD_PNR_01132,DISH_PNR_004,CUST_01132,2026-09-20T01:42:00
ORD_PNR_01133,DISH_PNR_005,CUST_01133,2026-09-20T01:44:00
ORD_PNR_01134,DISH_PNR_006,CUST_01134,2026-09-20T01:46:00
ORD_PNR_01135,DISH_PNR_007,CUST_01135,2026-09-20T01:48:00
ORD_PNR_01136,DISH_PNR_008,CUST_01136,2026-09-20T01:50:00
ORD_PNR_01137,DISH_PNR_009,CUST_01137,2026-09-20T01:52:00
ORD_PNR_01138,DISH_PNR_010,CUST_01138,2026-09-20T01:54:00
ORD_PNR_01139,DISH_PNR_011,CUST_01139,2026-09-20T01:56:00
ORD_PNR_01140,DISH_PNR_012,CUST_01140,2026-09-20T01:58:00
ORD_PNR_01141,DISH_PNR_013,CUST_01141,2026-09-20T02:00:00
ORD_PNR_01142,DISH_PNR_014,CUST_01142,2026-09-20T02:02:00
ORD_PNR_01143,DISH_PNR_015,CUST_01143,2026-09-20T02:04:00
ORD_PNR_01144,DISH_PNR_016,CUST_01144,2026-09-20T02:06:00
ORD_PNR_01145,DISH_PNR_017,CUST_01145,2026-09-20T02:08:00
ORD_PNR_01146,DISH_PNR_018,CUST_01146,2026-09-20T02:10:00
ORD_PNR_01147,DISH_PNR_019,CUST_01147,2026-09-20T02:12:00
ORD_PNR_01148,DISH_PNR_020,CUST_01148,2026-09-20T02:14:00
ORD_PNR_01149,DISH_PNR_021,CUST_01149,2026-09-20T02:16:00
ORD_PNR_01150,DISH_PNR_022,CUST_01150,2026-09-20T02:18:00
ORD_PNR_01151,DISH_PNR_023,CUST_01151,2026-09-20T02:20:00
ORD_PNR_01152,DISH_PNR_024,CUST_01152,2026-09-20T02:22:00
ORD_PNR_01153,DISH_PNR_025,CUST_01153,2026-09-20T02:24:00
ORD_PNR_01154,DISH_PNR_026,CUST_01154,2026-09-20T02:26:00
ORD_PNR_01155,DISH_PNR_027,CUST_01155,2026-09-20T02:28:00
ORD_PNR_01156,DISH_PNR_028,CUST_01156,2026-09-20T02:30:00
ORD_PNR_01157,DISH_PNR_029,CUST_01157,2026-09-20T02:32:00
ORD_PNR_01158,DISH_PNR_030,CUST_01158,2026-09-20T02:34:00
ORD_PNR_01159,DISH_PNR_031,CUST_01159,2026-09-20T02:36:00
ORD_PNR_01160,DISH_PNR_032,CUST_01160,2026-09-20T02:38:00
ORD_PNR_01161,DISH_PNR_033,CUST_01161,2026-09-20T02:40:00
ORD_PNR_01162,DISH_PNR_034,CUST_01162,2026-09-20T02:42:00
ORD_PNR_01163,DISH_PNR_035,CUST_01163,2026-09-20T02:44:00
ORD_PNR_01164,DISH_PNR_036,CUST_01164,2026-09-20T02:46:00
ORD_PNR_01165,DISH_PNR_037,CUST_01165,2026-09-20T02:48:00
ORD_PNR_01166,DISH_PNR_038,CUST_01166,2026-09-20T02:50:00
ORD_PNR_01167,DISH_PNR_039,CUST_01167,2026-09-20T02:52:00
ORD_PNR_01168,DISH_PNR_040,CUST_01168,2026-09-20T02:54:00
ORD_PNR_01169,DISH_PNR_041,CUST_01169,2026-09-20T02:56:00
ORD_PNR_01170,DISH_PNR_042,CUST_01170,2026-09-20T02:58:00
ORD_PNR_01171,DISH_PNR_043,CUST_01171,2026-09-20T03:00:00
ORD_PNR_01172,DISH_PNR_044,CUST_01172,2026-09-20T03:02:00
ORD_PNR_01173,DISH_PNR_045,CUST_01173,2026-09-20T03:04:00
ORD_PNR_01174,DISH_PNR_046,CUST_01174,2026-09-20T03:06:00
ORD_PNR_01175,DISH_PNR_047,CUST_01175,2026-09-20T03:08:00
ORD_PNR_01176,DISH_PNR_001,CUST_01176,2026-09-20T03:10:00
ORD_PNR_01177,DISH_PNR_002,CUST_01177,2026-09-20T03:12:00
ORD_PNR_01178,DISH_PNR_003,CUST_01178,2026-09-20T03:14:00
ORD_PNR_01179,DISH_PNR_004,CUST_01179,2026-09-20T03:16:00
ORD_PNR_01180,DISH_PNR_005,CUST_01180,2026-09-20T03:18:00
ORD_PNR_01181,DISH_PNR_006,CUST_01181,2026-09-20T03:20:00
ORD_PNR_01182,DISH_PNR_007,CUST_01182,2026-09-20T03:22:00
ORD_PNR_01183,DISH_PNR_008,CUST_01183,2026-09-20T03:24:00
ORD_PNR_01184,DISH_PNR_009,CUST_01184,2026-09-20T03:26:00
ORD_PNR_01185,DISH_PNR_010,CUST_01185,2026-09-20T03:28:00
ORD_PNR_01186,DISH_PNR_011,CUST_01186,2026-09-20T03:30:00
ORD_PNR_01187,DISH_PNR_012,CUST_01187,2026-09-20T03:32:00
ORD_PNR_01188,DISH_PNR_013,CUST_01188,2026-09-20T03:34:00
ORD_PNR_01189,DISH_PNR_014,CUST_01189,2026-09-20T03:36:00
ORD_PNR_01190,DISH_PNR_015,CUST_01190,2026-09-20T03:38:00
ORD_PNR_01191,DISH_PNR_016,CUST_01191,2026-09-20T03:40:00
ORD_PNR_01192,DISH_PNR_017,CUST_01192,2026-09-20T03:42:00
ORD_PNR_01193,DISH_PNR_018,CUST_01193,2026-09-20T03:44:00
ORD_PNR_01194,DISH_PNR_019,CUST_01194,2026-09-20T03:46:00
ORD_PNR_01195,DISH_PNR_020,CUST_01195,2026-09-20T03:48:00
ORD_PNR_01196,DISH_PNR_021,CUST_01196,2026-09-20T03:50:00
ORD_PNR_01197,DISH_PNR_022,CUST_01197,2026-09-20T03:52:00
ORD_PNR_01198,DISH_PNR_023,CUST_01198,2026-09-20T03:54:00
ORD_PNR_01199,DISH_PNR_024,CUST_01199,2026-09-20T03:56:00
ORD_PNR_01200,DISH_PNR_025,CUST_01200,2026-09-20T03:58:00
ORD_PNR_01201,DISH_PNR_026,CUST_01201,2026-09-20T04:00:00
ORD_PNR_01202,DISH_PNR_027,CUST_01202,2026-09-20T04:02:00
ORD_PNR_01203,DISH_PNR_028,CUST_01203,2026-09-20T04:04:00
ORD_PNR_01204,DISH_PNR_029,CUST_01204,2026-09-20T04:06:00
ORD_PNR_01205,DISH_PNR_030,CUST_01205,2026-09-20T04:08:00
ORD_PNR_01206,DISH_PNR_031,CUST_01206,2026-09-20T04:10:00
ORD_PNR_01207,DISH_PNR_032,CUST_01207,2026-09-20T04:12:00
ORD_PNR_01208,DISH_PNR_033,CUST_01208,2026-09-20T04:14:00
ORD_PNR_01209,DISH_PNR_034,CUST_01209,2026-09-20T04:16:00
ORD_PNR_01210,DISH_PNR_035,CUST_01210,2026-09-20T04:18:00
ORD_PNR_01211,DISH_PNR_036,CUST_01211,2026-09-20T04:20:00
ORD_PNR_01212,DISH_PNR_037,CUST_01212,2026-09-20T04:22:00
ORD_PNR_01213,DISH_PNR_038,CUST_01213,2026-09-20T04:24:00
ORD_PNR_01214,DISH_PNR_039,CUST_01214,2026-09-20T04:26:00
ORD_PNR_01215,DISH_PNR_040,CUST_01215,2026-09-20T04:28:00
ORD_PNR_01216,DISH_PNR_041,CUST_01216,2026-09-20T04:30:00
ORD_PNR_01217,DISH_PNR_042,CUST_01217,2026-09-20T04:32:00
ORD_PNR_01218,DISH_PNR_043,CUST_01218,2026-09-20T04:34:00
ORD_PNR_01219,DISH_PNR_044,CUST_01219,2026-09-20T04:36:00
ORD_PNR_01220,DISH_PNR_045,CUST_01220,2026-09-20T04:38:00
ORD_PNR_01221,DISH_PNR_046,CUST_01221,2026-09-20T04:40:00
ORD_PNR_01222,DISH_PNR_047,CUST_01222,2026-09-20T04:42:00
ORD_PNR_01223,DISH_PNR_001,CUST_01223,2026-09-20T04:44:00
ORD_PNR_01224,DISH_PNR_002,CUST_01224,2026-09-20T04:46:00
ORD_PNR_01225,DISH_PNR_003,CUST_01225,2026-09-20T04:48:00
ORD_PNR_01226,DISH_PNR_004,CUST_01226,2026-09-20T04:50:00
ORD_PNR_01227,DISH_PNR_005,CUST_01227,2026-09-20T04:52:00
ORD_PNR_01228,DISH_PNR_006,CUST_01228,2026-09-20T04:54:00
ORD_PNR_01229,DISH_PNR_007,CUST_01229,2026-09-20T04:56:00
ORD_PNR_01230,DISH_PNR_008,CUST_01230,2026-09-20T04:58:00
ORD_PNR_01231,DISH_PNR_009,CUST_01231,2026-09-20T05:00:00
ORD_PNR_01232,DISH_PNR_010,CUST_01232,2026-09-20T05:02:00
ORD_PNR_01233,DISH_PNR_011,CUST_01233,2026-09-20T05:04:00
ORD_PNR_01234,DISH_PNR_012,CUST_01234,2026-09-20T05:06:00
ORD_PNR_01235,DISH_PNR_013,CUST_01235,2026-09-20T05:08:00
ORD_PNR_01236,DISH_PNR_014,CUST_01236,2026-09-20T05:10:00
ORD_PNR_01237,DISH_PNR_015,CUST_01237,2026-09-20T05:12:00
ORD_PNR_01238,DISH_PNR_016,CUST_01238,2026-09-20T05:14:00
ORD_PNR_01239,DISH_PNR_017,CUST_01239,2026-09-20T05:16:00
ORD_PNR_01240,DISH_PNR_018,CUST_01240,2026-09-20T05:18:00
ORD_PNR_01241,DISH_PNR_019,CUST_01241,2026-09-20T05:20:00
ORD_PNR_01242,DISH_PNR_020,CUST_01242,2026-09-20T05:22:00
ORD_PNR_01243,DISH_PNR_021,CUST_01243,2026-09-20T05:24:00
ORD_PNR_01244,DISH_PNR_022,CUST_01244,2026-09-20T05:26:00
ORD_PNR_01245,DISH_PNR_023,CUST_01245,2026-09-20T05:28:00
ORD_PNR_01246,DISH_PNR_024,CUST_01246,2026-09-20T05:30:00
ORD_PNR_01247,DISH_PNR_025,CUST_01247,2026-09-20T05:32:00
ORD_PNR_01248,DISH_PNR_026,CUST_01248,2026-09-20T05:34:00
ORD_PNR_01249,DISH_PNR_027,CUST_01249,2026-09-20T05:36:00
ORD_PNR_01250,DISH_PNR_028,CUST_01250,2026-09-20T05:38:00
ORD_PNR_01251,DISH_PNR_029,CUST_01251,2026-09-20T05:40:00
ORD_PNR_01252,DISH_PNR_030,CUST_01252,2026-09-20T05:42:00
ORD_PNR_01253,DISH_PNR_031,CUST_01253,2026-09-20T05:44:00
ORD_PNR_01254,DISH_PNR_032,CUST_01254,2026-09-20T05:46:00
ORD_PNR_01255,DISH_PNR_033,CUST_01255,2026-09-20T05:48:00
ORD_PNR_01256,DISH_PNR_034,CUST_01256,2026-09-20T05:50:00
ORD_PNR_01257,DISH_PNR_035,CUST_01257,2026-09-20T05:52:00
ORD_PNR_01258,DISH_PNR_036,CUST_01258,2026-09-20T05:54:00
ORD_PNR_01259,DISH_PNR_037,CUST_01259,2026-09-20T05:56:00
ORD_PNR_01260,DISH_PNR_038,CUST_01260,2026-09-20T05:58:00
ORD_PNR_01261,DISH_PNR_039,CUST_01261,2026-09-20T06:00:00
ORD_PNR_01262,DISH_PNR_040,CUST_01262,2026-09-20T06:02:00
ORD_PNR_01263,DISH_PNR_041,CUST_01263,2026-09-20T06:04:00
ORD_PNR_01264,DISH_PNR_042,CUST_01264,2026-09-20T06:06:00
ORD_PNR_01265,DISH_PNR_043,CUST_01265,2026-09-20T06:08:00
ORD_PNR_01266,DISH_PNR_044,CUST_01266,2026-09-20T06:10:00
ORD_PNR_01267,DISH_PNR_045,CUST_01267,2026-09-20T06:12:00
ORD_PNR_01268,DISH_PNR_046,CUST_01268,2026-09-20T06:14:00
ORD_PNR_01269,DISH_PNR_047,CUST_01269,2026-09-20T06:16:00
ORD_PNR_01270,DISH_PNR_001,CUST_01270,2026-09-20T06:18:00
ORD_PNR_01271,DISH_PNR_002,CUST_01271,2026-09-20T06:20:00
ORD_PNR_01272,DISH_PNR_003,CUST_01272,2026-09-20T06:22:00
ORD_PNR_01273,DISH_PNR_004,CUST_01273,2026-09-20T06:24:00
ORD_PNR_01274,DISH_PNR_005,CUST_01274,2026-09-20T06:26:00
ORD_PNR_01275,DISH_PNR_006,CUST_01275,2026-09-20T06:28:00
ORD_PNR_01276,DISH_PNR_007,CUST_01276,2026-09-20T06:30:00
ORD_PNR_01277,DISH_PNR_008,CUST_01277,2026-09-20T06:32:00
ORD_PNR_01278,DISH_PNR_009,CUST_01278,2026-09-20T06:34:00
ORD_PNR_01279,DISH_PNR_010,CUST_01279,2026-09-20T06:36:00
ORD_PNR_01280,DISH_PNR_011,CUST_01280,2026-09-20T06:38:00
ORD_PNR_01281,DISH_PNR_012,CUST_01281,2026-09-20T06:40:00
ORD_PNR_01282,DISH_PNR_013,CUST_01282,2026-09-20T06:42:00
ORD_PNR_01283,DISH_PNR_014,CUST_01283,2026-09-20T06:44:00
ORD_PNR_01284,DISH_PNR_015,CUST_01284,2026-09-20T06:46:00
ORD_PNR_01285,DISH_PNR_016,CUST_01285,2026-09-20T06:48:00
ORD_PNR_01286,DISH_PNR_017,CUST_01286,2026-09-20T06:50:00
ORD_PNR_01287,DISH_PNR_018,CUST_01287,2026-09-20T06:52:00
ORD_PNR_01288,DISH_PNR_019,CUST_01288,2026-09-20T06:54:00
ORD_PNR_01289,DISH_PNR_020,CUST_01289,2026-09-20T06:56:00
ORD_PNR_01290,DISH_PNR_021,CUST_01290,2026-09-20T06:58:00
ORD_PNR_01291,DISH_PNR_022,CUST_01291,2026-09-20T07:00:00
ORD_PNR_01292,DISH_PNR_023,CUST_01292,2026-09-20T07:02:00
ORD_PNR_01293,DISH_PNR_024,CUST_01293,2026-09-20T07:04:00
ORD_PNR_01294,DISH_PNR_025,CUST_01294,2026-09-20T07:06:00
ORD_PNR_01295,DISH_PNR_026,CUST_01295,2026-09-20T07:08:00
ORD_PNR_01296,DISH_PNR_027,CUST_01296,2026-09-20T07:10:00
ORD_PNR_01297,DISH_PNR_028,CUST_01297,2026-09-20T07:12:00
ORD_PNR_01298,DISH_PNR_029,CUST_01298,2026-09-20T07:14:00
ORD_PNR_01299,DISH_PNR_030,CUST_01299,2026-09-20T07:16:00
ORD_PNR_01300,DISH_PNR_031,CUST_01300,2026-09-20T07:18:00
ORD_PNR_01301,DISH_PNR_032,CUST_01301,2026-09-20T07:20:00
ORD_PNR_01302,DISH_PNR_033,CUST_01302,2026-09-20T07:22:00
ORD_PNR_01303,DISH_PNR_034,CUST_01303,2026-09-20T07:24:00
ORD_PNR_01304,DISH_PNR_035,CUST_01304,2026-09-20T07:26:00
ORD_PNR_01305,DISH_PNR_036,CUST_01305,2026-09-20T07:28:00
ORD_PNR_01306,DISH_PNR_037,CUST_01306,2026-09-20T07:30:00
ORD_PNR_01307,DISH_PNR_038,CUST_01307,2026-09-20T07:32:00
ORD_PNR_01308,DISH_PNR_039,CUST_01308,2026-09-20T07:34:00
ORD_PNR_01309,DISH_PNR_040,CUST_01309,2026-09-20T07:36:00
ORD_PNR_01310,DISH_PNR_041,CUST_01310,2026-09-20T07:38:00
ORD_PNR_01311,DISH_PNR_042,CUST_01311,2026-09-20T07:40:00
ORD_PNR_01312,DISH_PNR_043,CUST_01312,2026-09-20T07:42:00
ORD_PNR_01313,DISH_PNR_044,CUST_01313,2026-09-20T07:44:00
ORD_PNR_01314,DISH_PNR_045,CUST_01314,2026-09-20T07:46:00
ORD_PNR_01315,DISH_PNR_046,CUST_01315,2026-09-20T07:48:00
ORD_PNR_01316,DISH_PNR_047,CUST_01316,2026-09-20T07:50:00
ORD_PNR_01317,DISH_PNR_001,CUST_01317,2026-09-20T07:52:00
ORD_PNR_01318,DISH_PNR_002,CUST_01318,2026-09-20T07:54:00
ORD_PNR_01319,DISH_PNR_003,CUST_01319,2026-09-20T07:56:00
ORD_PNR_01320,DISH_PNR_004,CUST_01320,2026-09-20T07:58:00
ORD_PNR_01321,DISH_PNR_005,CUST_01321,2026-09-20T08:00:00
ORD_PNR_01322,DISH_PNR_006,CUST_01322,2026-09-20T08:02:00
ORD_PNR_01323,DISH_PNR_007,CUST_01323,2026-09-20T08:04:00
ORD_PNR_01324,DISH_PNR_008,CUST_01324,2026-09-20T08:06:00
ORD_PNR_01325,DISH_PNR_009,CUST_01325,2026-09-20T08:08:00
ORD_PNR_01326,DISH_PNR_010,CUST_01326,2026-09-20T08:10:00
ORD_PNR_01327,DISH_PNR_011,CUST_01327,2026-09-20T08:12:00
ORD_PNR_01328,DISH_PNR_012,CUST_01328,2026-09-20T08:14:00
ORD_PNR_01329,DISH_PNR_013,CUST_01329,2026-09-20T08:16:00
ORD_PNR_01330,DISH_PNR_014,CUST_01330,2026-09-20T08:18:00
ORD_PNR_01331,DISH_PNR_015,CUST_01331,2026-09-20T08:20:00
ORD_PNR_01332,DISH_PNR_016,CUST_01332,2026-09-20T08:22:00
ORD_PNR_01333,DISH_PNR_017,CUST_01333,2026-09-20T08:24:00
ORD_PNR_01334,DISH_PNR_018,CUST_01334,2026-09-20T08:26:00
ORD_PNR_01335,DISH_PNR_019,CUST_01335,2026-09-20T08:28:00
ORD_PNR_01336,DISH_PNR_020,CUST_01336,2026-09-20T08:30:00
ORD_PNR_01337,DISH_PNR_021,CUST_01337,2026-09-20T08:32:00
ORD_PNR_01338,DISH_PNR_022,CUST_01338,2026-09-20T08:34:00
ORD_PNR_01339,DISH_PNR_023,CUST_01339,2026-09-20T08:36:00
ORD_PNR_01340,DISH_PNR_024,CUST_01340,2026-09-20T08:38:00
ORD_PNR_01341,DISH_PNR_025,CUST_01341,2026-09-20T08:40:00
ORD_PNR_01342,DISH_PNR_026,CUST_01342,2026-09-20T08:42:00
ORD_PNR_01343,DISH_PNR_027,CUST_01343,2026-09-20T08:44:00
ORD_PNR_01344,DISH_PNR_028,CUST_01344,2026-09-20T08:46:00
ORD_PNR_01345,DISH_PNR_029,CUST_01345,2026-09-20T08:48:00
ORD_PNR_01346,DISH_PNR_030,CUST_01346,2026-09-20T08:50:00
ORD_PNR_01347,DISH_PNR_031,CUST_01347,2026-09-20T08:52:00
ORD_PNR_01348,DISH_PNR_032,CUST_01348,2026-09-20T08:54:00
ORD_PNR_01349,DISH_PNR_033,CUST_01349,2026-09-20T08:56:00
ORD_PNR_01350,DISH_PNR_034,CUST_01350,2026-09-20T08:58:00
ORD_PNR_01351,DISH_PNR_035,CUST_01351,2026-09-20T09:00:00
ORD_PNR_01352,DISH_PNR_036,CUST_01352,2026-09-20T09:02:00
ORD_PNR_01353,DISH_PNR_037,CUST_01353,2026-09-20T09:04:00
ORD_PNR_01354,DISH_PNR_038,CUST_01354,2026-09-20T09:06:00
ORD_PNR_01355,DISH_PNR_039,CUST_01355,2026-09-20T09:08:00
ORD_PNR_01356,DISH_PNR_040,CUST_01356,2026-09-20T09:10:00
ORD_PNR_01357,DISH_PNR_041,CUST_01357,2026-09-20T09:12:00
ORD_PNR_01358,DISH_PNR_042,CUST_01358,2026-09-20T09:14:00
ORD_PNR_01359,DISH_PNR_043,CUST_01359,2026-09-20T09:16:00
ORD_PNR_01360,DISH_PNR_044,CUST_01360,2026-09-20T09:18:00
ORD_PNR_01361,DISH_PNR_045,CUST_01361,2026-09-20T09:20:00
ORD_PNR_01362,DISH_PNR_046,CUST_01362,2026-09-20T09:22:00
ORD_PNR_01363,DISH_PNR_047,CUST_01363,2026-09-20T09:24:00
ORD_PNR_01364,DISH_PNR_001,CUST_01364,2026-09-20T09:26:00
ORD_PNR_01365,DISH_PNR_002,CUST_01365,2026-09-20T09:28:00
ORD_PNR_01366,DISH_PNR_003,CUST_01366,2026-09-20T09:30:00
ORD_PNR_01367,DISH_PNR_004,CUST_01367,2026-09-20T09:32:00
ORD_PNR_01368,DISH_PNR_005,CUST_01368,2026-09-20T09:34:00
ORD_PNR_01369,DISH_PNR_006,CUST_01369,2026-09-20T09:36:00
ORD_PNR_01370,DISH_PNR_007,CUST_01370,2026-09-20T09:38:00
ORD_PNR_01371,DISH_PNR_008,CUST_01371,2026-09-20T09:40:00
ORD_PNR_01372,DISH_PNR_009,CUST_01372,2026-09-20T09:42:00
ORD_PNR_01373,DISH_PNR_010,CUST_01373,2026-09-20T09:44:00
ORD_PNR_01374,DISH_PNR_011,CUST_01374,2026-09-20T09:46:00
ORD_PNR_01375,DISH_PNR_012,CUST_01375,2026-09-20T09:48:00
ORD_PNR_01376,DISH_PNR_013,CUST_01376,2026-09-20T09:50:00
ORD_PNR_01377,DISH_PNR_014,CUST_01377,2026-09-20T09:52:00
ORD_PNR_01378,DISH_PNR_015,CUST_01378,2026-09-20T09:54:00
ORD_PNR_01379,DISH_PNR_016,CUST_01379,2026-09-20T09:56:00
ORD_PNR_01380,DISH_PNR_017,CUST_01380,2026-09-20T09:58:00
ORD_PNR_01381,DISH_PNR_018,CUST_01381,2026-09-20T10:00:00
ORD_PNR_01382,DISH_PNR_019,CUST_01382,2026-09-20T10:02:00
ORD_PNR_01383,DISH_PNR_020,CUST_01383,2026-09-20T10:04:00
ORD_PNR_01384,DISH_PNR_021,CUST_01384,2026-09-20T10:06:00
ORD_PNR_01385,DISH_PNR_022,CUST_01385,2026-09-20T10:08:00
ORD_PNR_01386,DISH_PNR_023,CUST_01386,2026-09-20T10:10:00
ORD_PNR_01387,DISH_PNR_024,CUST_01387,2026-09-20T10:12:00
ORD_PNR_01388,DISH_PNR_025,CUST_01388,2026-09-20T10:14:00
ORD_PNR_01389,DISH_PNR_026,CUST_01389,2026-09-20T10:16:00
ORD_PNR_01390,DISH_PNR_027,CUST_01390,2026-09-20T10:18:00
ORD_PNR_01391,DISH_PNR_028,CUST_01391,2026-09-20T10:20:00
ORD_PNR_01392,DISH_PNR_029,CUST_01392,2026-09-20T10:22:00
ORD_PNR_01393,DISH_PNR_030,CUST_01393,2026-09-20T10:24:00
ORD_PNR_01394,DISH_PNR_031,CUST_01394,2026-09-20T10:26:00
ORD_PNR_01395,DISH_PNR_032,CUST_01395,2026-09-20T10:28:00
ORD_PNR_01396,DISH_PNR_033,CUST_01396,2026-09-20T10:30:00
ORD_PNR_01397,DISH_PNR_034,CUST_01397,2026-09-20T10:32:00
ORD_PNR_01398,DISH_PNR_035,CUST_01398,2026-09-20T10:34:00
ORD_PNR_01399,DISH_PNR_036,CUST_01399,2026-09-20T10:36:00
ORD_PNR_01400,DISH_PNR_037,CUST_01400,2026-09-20T10:38:00
ORD_PNR_01401,DISH_PNR_038,CUST_01401,2026-09-20T10:40:00
ORD_PNR_01402,DISH_PNR_039,CUST_01402,2026-09-20T10:42:00
ORD_PNR_01403,DISH_PNR_040,CUST_01403,2026-09-20T10:44:00
ORD_PNR_01404,DISH_PNR_041,CUST_01404,2026-09-20T10:46:00
ORD_PNR_01405,DISH_PNR_042,CUST_01405,2026-09-20T10:48:00
ORD_PNR_01406,DISH_PNR_043,CUST_01406,2026-09-20T10:50:00
ORD_PNR_01407,DISH_PNR_044,CUST_01407,2026-09-20T10:52:00
ORD_PNR_01408,DISH_PNR_045,CUST_01408,2026-09-20T10:54:00
ORD_PNR_01409,DISH_PNR_046,CUST_01409,2026-09-20T10:56:00
ORD_PNR_01410,DISH_PNR_047,CUST_01410,2026-09-20T10:58:00
ORD_PNR_01411,DISH_PNR_001,CUST_01411,2026-09-20T11:00:00
ORD_PNR_01412,DISH_PNR_002,CUST_01412,2026-09-20T11:02:00
ORD_PNR_01413,DISH_PNR_003,CUST_01413,2026-09-20T11:04:00
ORD_PNR_01414,DISH_PNR_004,CUST_01414,2026-09-20T11:06:00
ORD_PNR_01415,DISH_PNR_005,CUST_01415,2026-09-20T11:08:00
ORD_PNR_01416,DISH_PNR_006,CUST_01416,2026-09-20T11:10:00
ORD_PNR_01417,DISH_PNR_007,CUST_01417,2026-09-20T11:12:00
ORD_PNR_01418,DISH_PNR_008,CUST_01418,2026-09-20T11:14:00
ORD_PNR_01419,DISH_PNR_009,CUST_01419,2026-09-20T11:16:00
ORD_PNR_01420,DISH_PNR_010,CUST_01420,2026-09-20T11:18:00
ORD_PNR_01421,DISH_PNR_011,CUST_01421,2026-09-20T11:20:00
ORD_PNR_01422,DISH_PNR_012,CUST_01422,2026-09-20T11:22:00
ORD_PNR_01423,DISH_PNR_013,CUST_01423,2026-09-20T11:24:00
ORD_PNR_01424,DISH_PNR_014,CUST_01424,2026-09-20T11:26:00
ORD_PNR_01425,DISH_PNR_015,CUST_01425,2026-09-20T11:28:00
ORD_PNR_01426,DISH_PNR_016,CUST_01426,2026-09-20T11:30:00
ORD_PNR_01427,DISH_PNR_017,CUST_01427,2026-09-20T11:32:00
ORD_PNR_01428,DISH_PNR_018,CUST_01428,2026-09-20T11:34:00
ORD_PNR_01429,DISH_PNR_019,CUST_01429,2026-09-20T11:36:00
ORD_PNR_01430,DISH_PNR_020,CUST_01430,2026-09-20T11:38:00
ORD_PNR_01431,DISH_PNR_021,CUST_01431,2026-09-20T11:40:00
ORD_PNR_01432,DISH_PNR_022,CUST_01432,2026-09-20T11:42:00
ORD_PNR_01433,DISH_PNR_023,CUST_01433,2026-09-20T11:44:00
ORD_PNR_01434,DISH_PNR_024,CUST_01434,2026-09-20T11:46:00
ORD_PNR_01435,DISH_PNR_025,CUST_01435,2026-09-20T11:48:00
ORD_PNR_01436,DISH_PNR_026,CUST_01436,2026-09-20T11:50:00
ORD_PNR_01437,DISH_PNR_027,CUST_01437,2026-09-20T11:52:00
ORD_PNR_01438,DISH_PNR_028,CUST_01438,2026-09-20T11:54:00
ORD_PNR_01439,DISH_PNR_029,CUST_01439,2026-09-20T11:56:00
ORD_PNR_01440,DISH_PNR_030,CUST_01440,2026-09-20T11:58:00
ORD_PNR_01441,DISH_PNR_031,CUST_01441,2026-09-20T12:00:00
ORD_PNR_01442,DISH_PNR_032,CUST_01442,2026-09-20T12:02:00
ORD_PNR_01443,DISH_PNR_033,CUST_01443,2026-09-20T12:04:00
ORD_PNR_01444,DISH_PNR_034,CUST_01444,2026-09-20T12:06:00
ORD_PNR_01445,DISH_PNR_035,CUST_01445,2026-09-20T12:08:00
ORD_PNR_01446,DISH_PNR_036,CUST_01446,2026-09-20T12:10:00
ORD_PNR_01447,DISH_PNR_037,CUST_01447,2026-09-20T12:12:00
ORD_PNR_01448,DISH_PNR_038,CUST_01448,2026-09-20T12:14:00
ORD_PNR_01449,DISH_PNR_039,CUST_01449,2026-09-20T12:16:00
ORD_PNR_01450,DISH_PNR_040,CUST_01450,2026-09-20T12:18:00
ORD_PNR_01451,DISH_PNR_041,CUST_01451,2026-09-20T12:20:00
ORD_PNR_01452,DISH_PNR_042,CUST_01452,2026-09-20T12:22:00
ORD_PNR_01453,DISH_PNR_043,CUST_01453,2026-09-20T12:24:00
ORD_PNR_01454,DISH_PNR_044,CUST_01454,2026-09-20T12:26:00
ORD_PNR_01455,DISH_PNR_045,CUST_01455,2026-09-20T12:28:00
ORD_PNR_01456,DISH_PNR_046,CUST_01456,2026-09-20T12:30:00
ORD_PNR_01457,DISH_PNR_047,CUST_01457,2026-09-20T12:32:00
ORD_PNR_01458,DISH_PNR_001,CUST_01458,2026-09-20T12:34:00
ORD_PNR_01459,DISH_PNR_002,CUST_01459,2026-09-20T12:36:00
ORD_PNR_01460,DISH_PNR_003,CUST_01460,2026-09-20T12:38:00
ORD_PNR_01461,DISH_PNR_004,CUST_01461,2026-09-20T12:40:00
ORD_PNR_01462,DISH_PNR_005,CUST_01462,2026-09-20T12:42:00
ORD_PNR_01463,DISH_PNR_006,CUST_01463,2026-09-20T12:44:00
ORD_PNR_01464,DISH_PNR_007,CUST_01464,2026-09-20T12:46:00
ORD_PNR_01465,DISH_PNR_008,CUST_01465,2026-09-20T12:48:00
ORD_PNR_01466,DISH_PNR_009,CUST_01466,2026-09-20T12:50:00
ORD_PNR_01467,DISH_PNR_010,CUST_01467,2026-09-20T12:52:00
ORD_PNR_01468,DISH_PNR_011,CUST_01468,2026-09-20T12:54:00
ORD_PNR_01469,DISH_PNR_012,CUST_01469,2026-09-20T12:56:00
ORD_PNR_01470,DISH_PNR_013,CUST_01470,2026-09-20T12:58:00
ORD_PNR_01471,DISH_PNR_014,CUST_01471,2026-09-20T13:00:00
ORD_PNR_01472,DISH_PNR_015,CUST_01472,2026-09-20T13:02:00
ORD_PNR_01473,DISH_PNR_016,CUST_01473,2026-09-20T13:04:00
ORD_PNR_01474,DISH_PNR_017,CUST_01474,2026-09-20T13:06:00
ORD_PNR_01475,DISH_PNR_018,CUST_01475,2026-09-20T13:08:00
ORD_PNR_01476,DISH_PNR_019,CUST_01476,2026-09-20T13:10:00
ORD_PNR_01477,DISH_PNR_020,CUST_01477,2026-09-20T13:12:00
ORD_PNR_01478,DISH_PNR_021,CUST_01478,2026-09-20T13:14:00
ORD_PNR_01479,DISH_PNR_022,CUST_01479,2026-09-20T13:16:00
ORD_PNR_01480,DISH_PNR_023,CUST_01480,2026-09-20T13:18:00
ORD_PNR_01481,DISH_PNR_024,CUST_01481,2026-09-20T13:20:00
ORD_PNR_01482,DISH_PNR_025,CUST_01482,2026-09-20T13:22:00
ORD_PNR_01483,DISH_PNR_026,CUST_01483,2026-09-20T13:24:00
ORD_PNR_01484,DISH_PNR_027,CUST_01484,2026-09-20T13:26:00
ORD_PNR_01485,DISH_PNR_028,CUST_01485,2026-09-20T13:28:00
ORD_PNR_01486,DISH_PNR_029,CUST_01486,2026-09-20T13:30:00
ORD_PNR_01487,DISH_PNR_030,CUST_01487,2026-09-20T13:32:00
ORD_PNR_01488,DISH_PNR_031,CUST_01488,2026-09-20T13:34:00
ORD_PNR_01489,DISH_PNR_032,CUST_01489,2026-09-20T13:36:00
ORD_PNR_01490,DISH_PNR_033,CUST_01490,2026-09-20T13:38:00
ORD_PNR_01491,DISH_PNR_034,CUST_01491,2026-09-20T13:40:00
ORD_PNR_01492,DISH_PNR_035,CUST_01492,2026-09-20T13:42:00
ORD_PNR_01493,DISH_PNR_036,CUST_01493,2026-09-20T13:44:00
ORD_PNR_01494,DISH_PNR_037,CUST_01494,2026-09-20T13:46:00
ORD_PNR_01495,DISH_PNR_038,CUST_01495,2026-09-20T13:48:00
ORD_PNR_01496,DISH_PNR_039,CUST_01496,2026-09-20T13:50:00
ORD_PNR_01497,DISH_PNR_040,CUST_01497,2026-09-20T13:52:00
ORD_PNR_01498,DISH_PNR_041,CUST_01498,2026-09-20T13:54:00
ORD_PNR_01499,DISH_PNR_042,CUST_01499,2026-09-20T13:56:00
ORD_PNR_01500,DISH_PNR_043,CUST_01500,2026-09-20T13:58:00
ORD_PNR_01501,DISH_PNR_044,CUST_01501,2026-09-20T14:00:00
ORD_PNR_01502,DISH_PNR_045,CUST_01502,2026-09-20T14:02:00
ORD_PNR_01503,DISH_PNR_046,CUST_01503,2026-09-20T14:04:00
ORD_PNR_01504,DISH_PNR_047,CUST_01504,2026-09-20T14:06:00
ORD_PNR_01505,DISH_PNR_001,CUST_01505,2026-09-20T14:08:00
ORD_PNR_01506,DISH_PNR_002,CUST_01506,2026-09-20T14:10:00
ORD_PNR_01507,DISH_PNR_003,CUST_01507,2026-09-20T14:12:00
ORD_PNR_01508,DISH_PNR_004,CUST_01508,2026-09-20T14:14:00
ORD_PNR_01509,DISH_PNR_005,CUST_01509,2026-09-20T14:16:00
ORD_PNR_01510,DISH_PNR_006,CUST_01510,2026-09-20T14:18:00
ORD_PNR_01511,DISH_PNR_007,CUST_01511,2026-09-20T14:20:00
ORD_PNR_01512,DISH_PNR_008,CUST_01512,2026-09-20T14:22:00
ORD_PNR_01513,DISH_PNR_009,CUST_01513,2026-09-20T14:24:00
ORD_PNR_01514,DISH_PNR_010,CUST_01514,2026-09-20T14:26:00
ORD_PNR_01515,DISH_PNR_011,CUST_01515,2026-09-20T14:28:00
ORD_PNR_01516,DISH_PNR_012,CUST_01516,2026-09-20T14:30:00
ORD_PNR_01517,DISH_PNR_013,CUST_01517,2026-09-20T14:32:00
ORD_PNR_01518,DISH_PNR_014,CUST_01518,2026-09-20T14:34:00
ORD_PNR_01519,DISH_PNR_015,CUST_01519,2026-09-20T14:36:00
ORD_PNR_01520,DISH_PNR_016,CUST_01520,2026-09-20T14:38:00
ORD_PNR_01521,DISH_PNR_017,CUST_01521,2026-09-20T14:40:00
ORD_PNR_01522,DISH_PNR_018,CUST_01522,2026-09-20T14:42:00
ORD_PNR_01523,DISH_PNR_019,CUST_01523,2026-09-20T14:44:00
ORD_PNR_01524,DISH_PNR_020,CUST_01524,2026-09-20T14:46:00
ORD_PNR_01525,DISH_PNR_021,CUST_01525,2026-09-20T14:48:00
ORD_PNR_01526,DISH_PNR_022,CUST_01526,2026-09-20T14:50:00
ORD_PNR_01527,DISH_PNR_023,CUST_01527,2026-09-20T14:52:00
ORD_PNR_01528,DISH_PNR_024,CUST_01528,2026-09-20T14:54:00
ORD_PNR_01529,DISH_PNR_025,CUST_01529,2026-09-20T14:56:00
ORD_PNR_01530,DISH_PNR_026,CUST_01530,2026-09-20T14:58:00
ORD_PNR_01531,DISH_PNR_027,CUST_01531,2026-09-20T15:00:00
ORD_PNR_01532,DISH_PNR_028,CUST_01532,2026-09-20T15:02:00
ORD_PNR_01533,DISH_PNR_029,CUST_01533,2026-09-20T15:04:00
ORD_PNR_01534,DISH_PNR_030,CUST_01534,2026-09-20T15:06:00
ORD_PNR_01535,DISH_PNR_031,CUST_01535,2026-09-20T15:08:00
ORD_PNR_01536,DISH_PNR_032,CUST_01536,2026-09-20T15:10:00
ORD_PNR_01537,DISH_PNR_033,CUST_01537,2026-09-20T15:12:00
ORD_PNR_01538,DISH_PNR_034,CUST_01538,2026-09-20T15:14:00
ORD_PNR_01539,DISH_PNR_035,CUST_01539,2026-09-20T15:16:00
ORD_PNR_01540,DISH_PNR_036,CUST_01540,2026-09-20T15:18:00
ORD_PNR_01541,DISH_PNR_037,CUST_01541,2026-09-20T15:20:00
ORD_PNR_01542,DISH_PNR_038,CUST_01542,2026-09-20T15:22:00
ORD_PNR_01543,DISH_PNR_039,CUST_01543,2026-09-20T15:24:00
ORD_PNR_01544,DISH_PNR_040,CUST_01544,2026-09-20T15:26:00
ORD_PNR_01545,DISH_PNR_041,CUST_01545,2026-09-20T15:28:00
ORD_PNR_01546,DISH_PNR_042,CUST_01546,2026-09-20T15:30:00
ORD_PNR_01547,DISH_PNR_043,CUST_01547,2026-09-20T15:32:00
ORD_PNR_01548,DISH_PNR_044,CUST_01548,2026-09-20T15:34:00
ORD_PNR_01549,DISH_PNR_045,CUST_01549,2026-09-20T15:36:00
ORD_PNR_01550,DISH_PNR_046,CUST_01550,2026-09-20T15:38:00
ORD_PNR_01551,DISH_PNR_047,CUST_01551,2026-09-20T15:40:00
ORD_PNR_01552,DISH_PNR_001,CUST_01552,2026-09-20T15:42:00
ORD_PNR_01553,DISH_PNR_002,CUST_01553,2026-09-20T15:44:00
ORD_PNR_01554,DISH_PNR_003,CUST_01554,2026-09-20T15:46:00
ORD_PNR_01555,DISH_PNR_004,CUST_01555,2026-09-20T15:48:00
ORD_PNR_01556,DISH_PNR_005,CUST_01556,2026-09-20T15:50:00
ORD_PNR_01557,DISH_PNR_006,CUST_01557,2026-09-20T15:52:00
ORD_PNR_01558,DISH_PNR_007,CUST_01558,2026-09-20T15:54:00
ORD_PNR_01559,DISH_PNR_008,CUST_01559,2026-09-20T15:56:00
ORD_PNR_01560,DISH_PNR_009,CUST_01560,2026-09-20T15:58:00
ORD_PNR_01561,DISH_PNR_010,CUST_01561,2026-09-20T16:00:00
ORD_PNR_01562,DISH_PNR_011,CUST_01562,2026-09-20T16:02:00
ORD_PNR_01563,DISH_PNR_012,CUST_01563,2026-09-20T16:04:00
ORD_PNR_01564,DISH_PNR_013,CUST_01564,2026-09-20T16:06:00
ORD_PNR_01565,DISH_PNR_014,CUST_01565,2026-09-20T16:08:00
ORD_PNR_01566,DISH_PNR_015,CUST_01566,2026-09-20T16:10:00
ORD_PNR_01567,DISH_PNR_016,CUST_01567,2026-09-20T16:12:00
ORD_PNR_01568,DISH_PNR_017,CUST_01568,2026-09-20T16:14:00
ORD_PNR_01569,DISH_PNR_018,CUST_01569,2026-09-20T16:16:00
ORD_PNR_01570,DISH_PNR_019,CUST_01570,2026-09-20T16:18:00
ORD_PNR_01571,DISH_PNR_020,CUST_01571,2026-09-20T16:20:00
ORD_PNR_01572,DISH_PNR_021,CUST_01572,2026-09-20T16:22:00
ORD_PNR_01573,DISH_PNR_022,CUST_01573,2026-09-20T16:24:00
ORD_PNR_01574,DISH_PNR_023,CUST_01574,2026-09-20T16:26:00
ORD_PNR_01575,DISH_PNR_024,CUST_01575,2026-09-20T16:28:00
ORD_PNR_01576,DISH_PNR_025,CUST_01576,2026-09-20T16:30:00
ORD_PNR_01577,DISH_PNR_026,CUST_01577,2026-09-20T16:32:00
ORD_PNR_01578,DISH_PNR_027,CUST_01578,2026-09-20T16:34:00
ORD_PNR_01579,DISH_PNR_028,CUST_01579,2026-09-20T16:36:00
ORD_PNR_01580,DISH_PNR_029,CUST_01580,2026-09-20T16:38:00
ORD_PNR_01581,DISH_PNR_030,CUST_01581,2026-09-20T16:40:00
ORD_PNR_01582,DISH_PNR_031,CUST_01582,2026-09-20T16:42:00
ORD_PNR_01583,DISH_PNR_032,CUST_01583,2026-09-20T16:44:00
ORD_PNR_01584,DISH_PNR_033,CUST_01584,2026-09-20T16:46:00
ORD_PNR_01585,DISH_PNR_034,CUST_01585,2026-09-20T16:48:00
ORD_PNR_01586,DISH_PNR_035,CUST_01586,2026-09-20T16:50:00
ORD_PNR_01587,DISH_PNR_036,CUST_01587,2026-09-20T16:52:00
ORD_PNR_01588,DISH_PNR_037,CUST_01588,2026-09-20T16:54:00
ORD_PNR_01589,DISH_PNR_038,CUST_01589,2026-09-20T16:56:00
ORD_PNR_01590,DISH_PNR_039,CUST_01590,2026-09-20T16:58:00
ORD_PNR_01591,DISH_PNR_040,CUST_01591,2026-09-20T17:00:00
ORD_PNR_01592,DISH_PNR_041,CUST_01592,2026-09-20T17:02:00
ORD_PNR_01593,DISH_PNR_042,CUST_01593,2026-09-20T17:04:00
ORD_PNR_01594,DISH_PNR_043,CUST_01594,2026-09-20T17:06:00
ORD_PNR_01595,DISH_PNR_044,CUST_01595,2026-09-20T17:08:00
ORD_PNR_01596,DISH_PNR_045,CUST_01596,2026-09-20T17:10:00
ORD_PNR_01597,DISH_PNR_046,CUST_01597,2026-09-20T17:12:00
ORD_PNR_01598,DISH_PNR_047,CUST_01598,2026-09-20T17:14:00
ORD_PNR_01599,DISH_PNR_001,CUST_01599,2026-09-20T17:16:00
ORD_PNR_01600,DISH_PNR_002,CUST_01600,2026-09-20T17:18:00
ORD_PNR_01601,DISH_PNR_003,CUST_01601,2026-09-20T17:20:00
ORD_PNR_01602,DISH_PNR_004,CUST_01602,2026-09-20T17:22:00
ORD_PNR_01603,DISH_PNR_005,CUST_01603,2026-09-20T17:24:00
ORD_PNR_01604,DISH_PNR_006,CUST_01604,2026-09-20T17:26:00
ORD_PNR_01605,DISH_PNR_007,CUST_01605,2026-09-20T17:28:00
ORD_PNR_01606,DISH_PNR_008,CUST_01606,2026-09-20T17:30:00
ORD_PNR_01607,DISH_PNR_009,CUST_01607,2026-09-20T17:32:00
ORD_PNR_01608,DISH_PNR_010,CUST_01608,2026-09-20T17:34:00
ORD_PNR_01609,DISH_PNR_011,CUST_01609,2026-09-20T17:36:00
ORD_PNR_01610,DISH_PNR_012,CUST_01610,2026-09-20T17:38:00
ORD_PNR_01611,DISH_PNR_013,CUST_01611,2026-09-20T17:40:00
ORD_PNR_01612,DISH_PNR_014,CUST_01612,2026-09-20T17:42:00
ORD_PNR_01613,DISH_PNR_015,CUST_01613,2026-09-20T17:44:00
ORD_PNR_01614,DISH_PNR_016,CUST_01614,2026-09-20T17:46:00
ORD_PNR_01615,DISH_PNR_017,CUST_01615,2026-09-20T17:48:00
ORD_PNR_01616,DISH_PNR_018,CUST_01616,2026-09-20T17:50:00
ORD_PNR_01617,DISH_PNR_019,CUST_01617,2026-09-20T17:52:00
ORD_PNR_01618,DISH_PNR_020,CUST_01618,2026-09-20T17:54:00
ORD_PNR_01619,DISH_PNR_021,CUST_01619,2026-09-20T17:56:00
ORD_PNR_01620,DISH_PNR_022,CUST_01620,2026-09-20T17:58:00
ORD_PNR_01621,DISH_PNR_023,CUST_01621,2026-09-20T18:00:00
ORD_PNR_01622,DISH_PNR_024,CUST_01622,2026-09-20T18:02:00
ORD_PNR_01623,DISH_PNR_025,CUST_01623,2026-09-20T18:04:00
ORD_PNR_01624,DISH_PNR_026,CUST_01624,2026-09-20T18:06:00
ORD_PNR_01625,DISH_PNR_027,CUST_01625,2026-09-20T18:08:00
ORD_PNR_01626,DISH_PNR_028,CUST_01626,2026-09-20T18:10:00
ORD_PNR_01627,DISH_PNR_029,CUST_01627,2026-09-20T18:12:00
ORD_PNR_01628,DISH_PNR_030,CUST_01628,2026-09-20T18:14:00
ORD_PNR_01629,DISH_PNR_031,CUST_01629,2026-09-20T18:16:00
ORD_PNR_01630,DISH_PNR_032,CUST_01630,2026-09-20T18:18:00
ORD_PNR_01631,DISH_PNR_033,CUST_01631,2026-09-20T18:20:00
ORD_PNR_01632,DISH_PNR_034,CUST_01632,2026-09-20T18:22:00
ORD_PNR_01633,DISH_PNR_035,CUST_01633,2026-09-20T18:24:00
ORD_PNR_01634,DISH_PNR_036,CUST_01634,2026-09-20T18:26:00
ORD_PNR_01635,DISH_PNR_037,CUST_01635,2026-09-20T18:28:00
ORD_PNR_01636,DISH_PNR_038,CUST_01636,2026-09-20T18:30:00
ORD_PNR_01637,DISH_PNR_039,CUST_01637,2026-09-20T18:32:00
ORD_PNR_01638,DISH_PNR_040,CUST_01638,2026-09-20T18:34:00
ORD_PNR_01639,DISH_PNR_041,CUST_01639,2026-09-20T18:36:00
ORD_PNR_01640,DISH_PNR_042,CUST_01640,2026-09-20T18:38:00
ORD_PNR_01641,DISH_PNR_043,CUST_01641,2026-09-20T18:40:00
ORD_PNR_01642,DISH_PNR_044,CUST_01642,2026-09-20T18:42:00
ORD_PNR_01643,DISH_PNR_045,CUST_01643,2026-09-20T18:44:00
ORD_PNR_01644,DISH_PNR_046,CUST_01644,2026-09-20T18:46:00
ORD_PNR_01645,DISH_PNR_047,CUST_01645,2026-09-20T18:48:00
ORD_PNR_01646,DISH_PNR_001,CUST_01646,2026-09-20T18:50:00
ORD_PNR_01647,DISH_PNR_002,CUST_01647,2026-09-20T18:52:00
ORD_PNR_01648,DISH_PNR_003,CUST_01648,2026-09-20T18:54:00
ORD_PNR_01649,DISH_PNR_004,CUST_01649,2026-09-20T18:56:00
ORD_PNR_01650,DISH_PNR_005,CUST_01650,2026-09-20T18:58:00
ORD_PNR_01651,DISH_PNR_006,CUST_01651,2026-09-20T19:00:00
ORD_PNR_01652,DISH_PNR_007,CUST_01652,2026-09-20T19:02:00
ORD_PNR_01653,DISH_PNR_008,CUST_01653,2026-09-20T19:04:00
ORD_PNR_01654,DISH_PNR_009,CUST_01654,2026-09-20T19:06:00
ORD_PNR_01655,DISH_PNR_010,CUST_01655,2026-09-20T19:08:00
ORD_PNR_01656,DISH_PNR_011,CUST_01656,2026-09-20T19:10:00
ORD_PNR_01657,DISH_PNR_012,CUST_01657,2026-09-20T19:12:00
ORD_PNR_01658,DISH_PNR_013,CUST_01658,2026-09-20T19:14:00
ORD_PNR_01659,DISH_PNR_014,CUST_01659,2026-09-20T19:16:00
ORD_PNR_01660,DISH_PNR_015,CUST_01660,2026-09-20T19:18:00
ORD_PNR_01661,DISH_PNR_016,CUST_01661,2026-09-20T19:20:00
ORD_PNR_01662,DISH_PNR_017,CUST_01662,2026-09-20T19:22:00
ORD_PNR_01663,DISH_PNR_018,CUST_01663,2026-09-20T19:24:00
ORD_PNR_01664,DISH_PNR_019,CUST_01664,2026-09-20T19:26:00
ORD_PNR_01665,DISH_PNR_020,CUST_01665,2026-09-20T19:28:00
ORD_PNR_01666,DISH_PNR_021,CUST_01666,2026-09-20T19:30:00
ORD_PNR_01667,DISH_PNR_022,CUST_01667,2026-09-20T19:32:00
ORD_PNR_01668,DISH_PNR_023,CUST_01668,2026-09-20T19:34:00
ORD_PNR_01669,DISH_PNR_024,CUST_01669,2026-09-20T19:36:00
ORD_PNR_01670,DISH_PNR_025,CUST_01670,2026-09-20T19:38:00
ORD_PNR_01671,DISH_PNR_026,CUST_01671,2026-09-20T19:40:00
ORD_PNR_01672,DISH_PNR_027,CUST_01672,2026-09-20T19:42:00
ORD_PNR_01673,DISH_PNR_028,CUST_01673,2026-09-20T19:44:00
ORD_PNR_01674,DISH_PNR_029,CUST_01674,2026-09-20T19:46:00
ORD_PNR_01675,DISH_PNR_030,CUST_01675,2026-09-20T19:48:00
ORD_PNR_01676,DISH_PNR_031,CUST_01676,2026-09-20T19:50:00
ORD_PNR_01677,DISH_PNR_032,CUST_01677,2026-09-20T19:52:00
ORD_PNR_01678,DISH_PNR_033,CUST_01678,2026-09-20T19:54:00
ORD_PNR_01679,DISH_PNR_034,CUST_01679,2026-09-20T19:56:00
ORD_PNR_01680,DISH_PNR_035,CUST_01680,2026-09-20T19:58:00
ORD_PNR_01681,DISH_PNR_036,CUST_01681,2026-09-20T20:00:00
ORD_PNR_01682,DISH_PNR_037,CUST_01682,2026-09-20T20:02:00
ORD_PNR_01683,DISH_PNR_038,CUST_01683,2026-09-20T20:04:00
ORD_PNR_01684,DISH_PNR_039,CUST_01684,2026-09-20T20:06:00
ORD_PNR_01685,DISH_PNR_040,CUST_01685,2026-09-20T20:08:00
ORD_PNR_01686,DISH_PNR_041,CUST_01686,2026-09-20T20:10:00
ORD_PNR_01687,DISH_PNR_042,CUST_01687,2026-09-20T20:12:00
ORD_PNR_01688,DISH_PNR_043,CUST_01688,2026-09-20T20:14:00
ORD_PNR_01689,DISH_PNR_044,CUST_01689,2026-09-20T20:16:00
ORD_PNR_01690,DISH_PNR_045,CUST_01690,2026-09-20T20:18:00
ORD_PNR_01691,DISH_PNR_046,CUST_01691,2026-09-20T20:20:00
ORD_PNR_01692,DISH_PNR_047,CUST_01692,2026-09-20T20:22:00
ORD_PNR_01693,DISH_PNR_001,CUST_01693,2026-09-20T20:24:00
ORD_PNR_01694,DISH_PNR_002,CUST_01694,2026-09-20T20:26:00
ORD_PNR_01695,DISH_PNR_003,CUST_01695,2026-09-20T20:28:00
ORD_PNR_01696,DISH_PNR_004,CUST_01696,2026-09-20T20:30:00
ORD_PNR_01697,DISH_PNR_005,CUST_01697,2026-09-20T20:32:00
ORD_PNR_01698,DISH_PNR_006,CUST_01698,2026-09-20T20:34:00
ORD_PNR_01699,DISH_PNR_007,CUST_01699,2026-09-20T20:36:00
ORD_PNR_01700,DISH_PNR_008,CUST_01700,2026-09-20T20:38:00
ORD_PNR_01701,DISH_PNR_009,CUST_01701,2026-09-20T20:40:00
ORD_PNR_01702,DISH_PNR_010,CUST_01702,2026-09-20T20:42:00
ORD_PNR_01703,DISH_PNR_011,CUST_01703,2026-09-20T20:44:00
ORD_PNR_01704,DISH_PNR_012,CUST_01704,2026-09-20T20:46:00
ORD_PNR_01705,DISH_PNR_013,CUST_01705,2026-09-20T20:48:00
ORD_PNR_01706,DISH_PNR_014,CUST_01706,2026-09-20T20:50:00
ORD_PNR_01707,DISH_PNR_015,CUST_01707,2026-09-20T20:52:00
ORD_PNR_01708,DISH_PNR_016,CUST_01708,2026-09-20T20:54:00
ORD_PNR_01709,DISH_PNR_017,CUST_01709,2026-09-20T20:56:00
ORD_PNR_01710,DISH_PNR_018,CUST_01710,2026-09-20T20:58:00
ORD_PNR_01711,DISH_PNR_019,CUST_01711,2026-09-20T21:00:00
ORD_PNR_01712,DISH_PNR_020,CUST_01712,2026-09-20T21:02:00
ORD_PNR_01713,DISH_PNR_021,CUST_01713,2026-09-20T21:04:00
ORD_PNR_01714,DISH_PNR_022,CUST_01714,2026-09-20T21:06:00
ORD_PNR_01715,DISH_PNR_023,CUST_01715,2026-09-20T21:08:00
ORD_PNR_01716,DISH_PNR_024,CUST_01716,2026-09-20T21:10:00
ORD_PNR_01717,DISH_PNR_025,CUST_01717,2026-09-20T21:12:00
ORD_PNR_01718,DISH_PNR_026,CUST_01718,2026-09-20T21:14:00
ORD_PNR_01719,DISH_PNR_027,CUST_01719,2026-09-20T21:16:00
ORD_PNR_01720,DISH_PNR_028,CUST_01720,2026-09-20T21:18:00
ORD_PNR_01721,DISH_PNR_029,CUST_01721,2026-09-20T21:20:00
ORD_PNR_01722,DISH_PNR_030,CUST_01722,2026-09-20T21:22:00
ORD_PNR_01723,DISH_PNR_031,CUST_01723,2026-09-20T21:24:00
ORD_PNR_01724,DISH_PNR_032,CUST_01724,2026-09-20T21:26:00
ORD_PNR_01725,DISH_PNR_033,CUST_01725,2026-09-20T21:28:00
ORD_PNR_01726,DISH_PNR_034,CUST_01726,2026-09-20T21:30:00
ORD_PNR_01727,DISH_PNR_035,CUST_01727,2026-09-20T21:32:00
ORD_PNR_01728,DISH_PNR_036,CUST_01728,2026-09-20T21:34:00
ORD_PNR_01729,DISH_PNR_037,CUST_01729,2026-09-20T21:36:00
ORD_PNR_01730,DISH_PNR_038,CUST_01730,2026-09-20T21:38:00
ORD_PNR_01731,DISH_PNR_039,CUST_01731,2026-09-20T21:40:00
ORD_PNR_01732,DISH_PNR_040,CUST_01732,2026-09-20T21:42:00
ORD_PNR_01733,DISH_PNR_041,CUST_01733,2026-09-20T21:44:00
ORD_PNR_01734,DISH_PNR_042,CUST_01734,2026-09-20T21:46:00
ORD_PNR_01735,DISH_PNR_043,CUST_01735,2026-09-20T21:48:00
ORD_PNR_01736,DISH_PNR_044,CUST_01736,2026-09-20T21:50:00
ORD_PNR_01737,DISH_PNR_045,CUST_01737,2026-09-20T21:52:00
ORD_PNR_01738,DISH_PNR_046,CUST_01738,2026-09-20T21:54:00
ORD_PNR_01739,DISH_PNR_047,CUST_01739,2026-09-20T21:56:00
ORD_PNR_01740,DISH_PNR_001,CUST_01740,2026-09-20T21:58:00
ORD_PNR_01741,DISH_PNR_002,CUST_01741,2026-09-20T22:00:00
ORD_PNR_01742,DISH_PNR_003,CUST_01742,2026-09-20T22:02:00
ORD_PNR_01743,DISH_PNR_004,CUST_01743,2026-09-20T22:04:00
ORD_PNR_01744,DISH_PNR_005,CUST_01744,2026-09-20T22:06:00
ORD_PNR_01745,DISH_PNR_006,CUST_01745,2026-09-20T22:08:00
ORD_PNR_01746,DISH_PNR_007,CUST_01746,2026-09-20T22:10:00
ORD_PNR_01747,DISH_PNR_008,CUST_01747,2026-09-20T22:12:00
ORD_PNR_01748,DISH_PNR_009,CUST_01748,2026-09-20T22:14:00
ORD_PNR_01749,DISH_PNR_010,CUST_01749,2026-09-20T22:16:00
ORD_PNR_01750,DISH_PNR_011,CUST_01750,2026-09-20T22:18:00
ORD_PNR_01751,DISH_PNR_012,CUST_01751,2026-09-20T22:20:00
ORD_PNR_01752,DISH_PNR_013,CUST_01752,2026-09-20T22:22:00
ORD_PNR_01753,DISH_PNR_014,CUST_01753,2026-09-20T22:24:00
ORD_PNR_01754,DISH_PNR_015,CUST_01754,2026-09-20T22:26:00
ORD_PNR_01755,DISH_PNR_016,CUST_01755,2026-09-20T22:28:00
ORD_PNR_01756,DISH_PNR_017,CUST_01756,2026-09-20T22:30:00
ORD_PNR_01757,DISH_PNR_018,CUST_01757,2026-09-20T22:32:00
ORD_PNR_01758,DISH_PNR_019,CUST_01758,2026-09-20T22:34:00
ORD_PNR_01759,DISH_PNR_020,CUST_01759,2026-09-20T22:36:00
ORD_PNR_01760,DISH_PNR_021,CUST_01760,2026-09-20T22:38:00
ORD_PNR_01761,DISH_PNR_022,CUST_01761,2026-09-20T22:40:00
ORD_PNR_01762,DISH_PNR_023,CUST_01762,2026-09-20T22:42:00
ORD_PNR_01763,DISH_PNR_024,CUST_01763,2026-09-20T22:44:00
ORD_PNR_01764,DISH_PNR_025,CUST_01764,2026-09-20T22:46:00
ORD_PNR_01765,DISH_PNR_026,CUST_01765,2026-09-20T22:48:00
ORD_PNR_01766,DISH_PNR_027,CUST_01766,2026-09-20T22:50:00
ORD_PNR_01767,DISH_PNR_028,CUST_01767,2026-09-20T22:52:00
ORD_PNR_01768,DISH_PNR_029,CUST_01768,2026-09-20T22:54:00
ORD_PNR_01769,DISH_PNR_030,CUST_01769,2026-09-20T22:56:00
ORD_PNR_01770,DISH_PNR_031,CUST_01770,2026-09-20T22:58:00
ORD_PNR_01771,DISH_PNR_032,CUST_01771,2026-09-20T23:00:00
ORD_PNR_01772,DISH_PNR_033,CUST_01772,2026-09-20T23:02:00
ORD_PNR_01773,DISH_PNR_034,CUST_01773,2026-09-20T23:04:00
ORD_PNR_01774,DISH_PNR_035,CUST_01774,2026-09-20T23:06:00
ORD_PNR_01775,DISH_PNR_036,CUST_01775,2026-09-20T23:08:00
ORD_PNR_01776,DISH_PNR_037,CUST_01776,2026-09-20T23:10:00
ORD_PNR_01777,DISH_PNR_038,CUST_01777,2026-09-20T23:12:00
ORD_PNR_01778,DISH_PNR_039,CUST_01778,2026-09-20T23:14:00
ORD_PNR_01779,DISH_PNR_040,CUST_01779,2026-09-20T23:16:00
ORD_PNR_01780,DISH_PNR_041,CUST_01780,2026-09-20T23:18:00
ORD_PNR_01781,DISH_PNR_042,CUST_01781,2026-09-20T23:20:00
ORD_PNR_01782,DISH_PNR_043,CUST_01782,2026-09-20T23:22:00
ORD_PNR_01783,DISH_PNR_044,CUST_01783,2026-09-20T23:24:00
ORD_PNR_01784,DISH_PNR_045,CUST_01784,2026-09-20T23:26:00
ORD_PNR_01785,DISH_PNR_046,CUST_01785,2026-09-20T23:28:00
ORD_PNR_01786,DISH_PNR_047,CUST_01786,2026-09-20T23:30:00
ORD_PNR_01787,DISH_PNR_001,CUST_01787,2026-09-20T23:32:00
ORD_PNR_01788,DISH_PNR_002,CUST_01788,2026-09-20T23:34:00
ORD_PNR_01789,DISH_PNR_003,CUST_01789,2026-09-20T23:36:00
ORD_PNR_01790,DISH_PNR_004,CUST_01790,2026-09-20T23:38:00
ORD_PNR_01791,DISH_PNR_005,CUST_01791,2026-09-20T23:40:00
ORD_PNR_01792,DISH_PNR_006,CUST_01792,2026-09-20T23:42:00
ORD_PNR_01793,DISH_PNR_007,CUST_01793,2026-09-20T23:44:00
ORD_PNR_01794,DISH_PNR_008,CUST_01794,2026-09-20T23:46:00
ORD_PNR_01795,DISH_PNR_009,CUST_01795,2026-09-20T23:48:00
ORD_PNR_01796,DISH_PNR_010,CUST_01796,2026-09-20T23:50:00
ORD_PNR_01797,DISH_PNR_011,CUST_01797,2026-09-20T23:52:00
ORD_PNR_01798,DISH_PNR_012,CUST_01798,2026-09-20T23:54:00
ORD_PNR_01799,DISH_PNR_013,CUST_01799,2026-09-20T23:56:00
ORD_PNR_01800,DISH_PNR_014,CUST_01800,2026-09-20T23:58:00
ORD_PNR_01801,DISH_PNR_015,CUST_01801,2026-09-21T00:00:00
ORD_PNR_01802,DISH_PNR_016,CUST_01802,2026-09-21T00:02:00
ORD_PNR_01803,DISH_PNR_017,CUST_01803,2026-09-21T00:04:00
ORD_PNR_01804,DISH_PNR_018,CUST_01804,2026-09-21T00:06:00
ORD_PNR_01805,DISH_PNR_019,CUST_01805,2026-09-21T00:08:00
ORD_PNR_01806,DISH_PNR_020,CUST_01806,2026-09-21T00:10:00
ORD_PNR_01807,DISH_PNR_021,CUST_01807,2026-09-21T00:12:00
ORD_PNR_01808,DISH_PNR_022,CUST_01808,2026-09-21T00:14:00
ORD_PNR_01809,DISH_PNR_023,CUST_01809,2026-09-21T00:16:00
ORD_PNR_01810,DISH_PNR_024,CUST_01810,2026-09-21T00:18:00
ORD_PNR_01811,DISH_PNR_025,CUST_01811,2026-09-21T00:20:00
ORD_PNR_01812,DISH_PNR_026,CUST_01812,2026-09-21T00:22:00
ORD_PNR_01813,DISH_PNR_027,CUST_01813,2026-09-21T00:24:00
ORD_PNR_01814,DISH_PNR_028,CUST_01814,2026-09-21T00:26:00
ORD_PNR_01815,DISH_PNR_029,CUST_01815,2026-09-21T00:28:00
ORD_PNR_01816,DISH_PNR_030,CUST_01816,2026-09-21T00:30:00
ORD_PNR_01817,DISH_PNR_031,CUST_01817,2026-09-21T00:32:00
ORD_PNR_01818,DISH_PNR_032,CUST_01818,2026-09-21T00:34:00
ORD_PNR_01819,DISH_PNR_033,CUST_01819,2026-09-21T00:36:00
ORD_PNR_01820,DISH_PNR_034,CUST_01820,2026-09-21T00:38:00
ORD_PNR_01821,DISH_PNR_035,CUST_01821,2026-09-21T00:40:00
ORD_PNR_01822,DISH_PNR_036,CUST_01822,2026-09-21T00:42:00
ORD_PNR_01823,DISH_PNR_037,CUST_01823,2026-09-21T00:44:00
ORD_PNR_01824,DISH_PNR_038,CUST_01824,2026-09-21T00:46:00
ORD_PNR_01825,DISH_PNR_039,CUST_01825,2026-09-21T00:48:00
ORD_PNR_01826,DISH_PNR_040,CUST_01826,2026-09-21T00:50:00
ORD_PNR_01827,DISH_PNR_041,CUST_01827,2026-09-21T00:52:00
ORD_PNR_01828,DISH_PNR_042,CUST_01828,2026-09-21T00:54:00
ORD_PNR_01829,DISH_PNR_043,CUST_01829,2026-09-21T00:56:00
ORD_PNR_01830,DISH_PNR_044,CUST_01830,2026-09-21T00:58:00
ORD_PNR_01831,DISH_PNR_045,CUST_01831,2026-09-21T01:00:00
ORD_PNR_01832,DISH_PNR_046,CUST_01832,2026-09-21T01:02:00
ORD_PNR_01833,DISH_PNR_047,CUST_01833,2026-09-21T01:04:00
ORD_PNR_01834,DISH_PNR_001,CUST_01834,2026-09-21T01:06:00
ORD_PNR_01835,DISH_PNR_002,CUST_01835,2026-09-21T01:08:00
ORD_PNR_01836,DISH_PNR_003,CUST_01836,2026-09-21T01:10:00
ORD_PNR_01837,DISH_PNR_004,CUST_01837,2026-09-21T01:12:00
ORD_PNR_01838,DISH_PNR_005,CUST_01838,2026-09-21T01:14:00
ORD_PNR_01839,DISH_PNR_006,CUST_01839,2026-09-21T01:16:00
ORD_PNR_01840,DISH_PNR_007,CUST_01840,2026-09-21T01:18:00
ORD_PNR_01841,DISH_PNR_008,CUST_01841,2026-09-21T01:20:00
ORD_PNR_01842,DISH_PNR_009,CUST_01842,2026-09-21T01:22:00
ORD_BULK_01843,DISH_BULK_0171,CUST_00004,2026-09-18T08:03:00
ORD_BULK_01844,DISH_BULK_2247,CUST_03362,2026-09-14T10:05:00
ORD_BULK_01845,DISH_BULK_0403,CUST_03528,2026-09-13T13:03:00
ORD_BULK_01846,DISH_BULK_0081,CUST_00964,2026-09-15T05:53:00
ORD_BULK_01847,DISH_BULK_2830,CUST_02418,2026-09-14T19:39:00
ORD_BULK_01848,DISH_BULK_2514,CUST_01304,2026-09-18T10:21:00
ORD_BULK_01849,DISH_BULK_1521,CUST_01664,2026-09-14T16:11:00
ORD_BULK_01850,DISH_BULK_1736,CUST_02233,2026-09-12T17:40:00
ORD_BULK_01851,DISH_BULK_2667,CUST_00711,2026-09-15T17:40:00
ORD_BULK_01852,DISH_BULK_0523,CUST_00771,2026-09-16T15:40:00
ORD_BULK_01853,DISH_BULK_1529,CUST_03455,2026-09-14T10:22:00
ORD_BULK_01854,DISH_BULK_1662,CUST_00632,2026-09-13T14:46:00
ORD_BULK_01855,DISH_BULK_2698,CUST_00515,2026-09-11T20:40:00
ORD_BULK_01856,DISH_BULK_0001,CUST_00294,2026-09-17T17:03:00
ORD_BULK_01857,DISH_BULK_0018,CUST_00590,2026-09-18T12:58:00
ORD_BULK_01858,DISH_BULK_1947,CUST_02695,2026-09-15T07:15:00
ORD_BULK_01859,DISH_BULK_0510,CUST_00347,2026-09-11T21:28:00
ORD_BULK_01860,DISH_BULK_2584,CUST_03302,2026-09-15T01:33:00
ORD_BULK_01861,DISH_BULK_1821,CUST_03661,2026-09-18T05:53:00
ORD_BULK_01862,DISH_BULK_2429,CUST_03811,2026-09-15T04:14:00
ORD_BULK_01863,DISH_BULK_2506,CUST_00737,2026-09-15T12:04:00
ORD_BULK_01864,DISH_BULK_2040,CUST_01738,2026-09-16T14:44:00
ORD_BULK_01865,DISH_BULK_1797,CUST_01576,2026-09-14T09:01:00
ORD_BULK_01866,DISH_BULK_0878,CUST_00762,2026-09-15T03:59:00
ORD_BULK_01867,DISH_BULK_2430,CUST_00031,2026-09-16T21:48:00
ORD_BULK_01868,DISH_BULK_1994,CUST_03469,2026-09-18T15:35:00
ORD_BULK_01869,DISH_BULK_0923,CUST_02917,2026-09-16T01:00:00
ORD_BULK_01870,DISH_BULK_1056,CUST_01683,2026-09-16T13:08:00
ORD_BULK_01871,DISH_BULK_2314,CUST_01504,2026-09-10T17:08:00
ORD_BULK_01872,DISH_BULK_0109,CUST_02328,2026-09-15T19:57:00
ORD_BULK_01873,DISH_BULK_2841,CUST_01510,2026-09-11T14:54:00
ORD_BULK_01874,DISH_BULK_2330,CUST_01973,2026-09-18T04:33:00
ORD_BULK_01875,DISH_BULK_0281,CUST_00582,2026-09-18T15:23:00
ORD_BULK_01876,DISH_BULK_2949,CUST_02157,2026-09-13T12:18:00
ORD_BULK_01877,DISH_BULK_1858,CUST_02118,2026-09-11T05:21:00
ORD_BULK_01878,DISH_BULK_2097,CUST_03646,2026-09-17T06:35:00
ORD_BULK_01879,DISH_BULK_0316,CUST_01005,2026-09-15T17:00:00
ORD_BULK_01880,DISH_BULK_2537,CUST_03038,2026-09-17T21:14:00
ORD_BULK_01881,DISH_BULK_2693,CUST_00320,2026-09-18T02:47:00
ORD_BULK_01882,DISH_BULK_2549,CUST_02209,2026-09-16T22:16:00
ORD_BULK_01883,DISH_BULK_1233,CUST_02512,2026-09-10T22:24:00
ORD_BULK_01884,DISH_BULK_1361,CUST_02192,2026-09-10T10:56:00
ORD_BULK_01885,DISH_BULK_1874,CUST_01860,2026-09-16T03:59:00
ORD_BULK_01886,DISH_BULK_1875,CUST_02351,2026-09-14T02:31:00
ORD_BULK_01887,DISH_BULK_1678,CUST_01446,2026-09-13T16:27:00
ORD_BULK_01888,DISH_BULK_1138,CUST_00687,2026-09-10T17:38:00
ORD_BULK_01889,DISH_BULK_2800,CUST_03781,2026-09-17T03:11:00
ORD_BULK_01890,DISH_BULK_1199,CUST_02978,2026-09-16T17:55:00
ORD_BULK_01891,DISH_BULK_1020,CUST_00252,2026-09-17T11:50:00
ORD_BULK_01892,DISH_BULK_1892,CUST_02369,2026-09-12T06:10:00
ORD_BULK_01893,DISH_BULK_2300,CUST_00212,2026-09-17T19:13:00
ORD_BULK_01894,DISH_BULK_1149,CUST_03314,2026-09-17T10:28:00
ORD_BULK_01895,DISH_BULK_0065,CUST_01175,2026-09-15T20:22:00
ORD_BULK_01896,DISH_BULK_0291,CUST_00520,2026-09-16T02:03:00
ORD_BULK_01897,DISH_BULK_0268,CUST_03488,2026-09-13T11:52:00
ORD_BULK_01898,DISH_BULK_0986,CUST_00543,2026-09-17T08:09:00
ORD_BULK_01899,DISH_BULK_1104,CUST_01128,2026-09-13T06:09:00
ORD_BULK_01900,DISH_BULK_0012,CUST_03037,2026-09-11T14:27:00
ORD_BULK_01901,DISH_BULK_2427,CUST_00716,2026-09-17T01:35:00
ORD_BULK_01902,DISH_BULK_0573,CUST_02700,2026-09-15T09:57:00
ORD_BULK_01903,DISH_BULK_1468,CUST_03309,2026-09-12T07:53:00
ORD_BULK_01904,DISH_BULK_1024,CUST_03206,2026-09-18T07:21:00
ORD_BULK_01905,DISH_BULK_0921,CUST_01987,2026-09-12T09:22:00
ORD_BULK_01906,DISH_BULK_2114,CUST_03531,2026-09-10T17:02:00
ORD_BULK_01907,DISH_BULK_1358,CUST_00346,2026-09-11T23:36:00
ORD_BULK_01908,DISH_BULK_2393,CUST_03826,2026-09-12T02:05:00
ORD_BULK_01909,DISH_BULK_1985,CUST_03084,2026-09-15T00:45:00
ORD_BULK_01910,DISH_BULK_1523,CUST_00975,2026-09-17T20:24:00
ORD_BULK_01911,DISH_BULK_1756,CUST_02974,2026-09-17T14:06:00
ORD_BULK_01912,DISH_BULK_0639,CUST_00864,2026-09-16T21:45:00
ORD_BULK_01913,DISH_BULK_1367,CUST_00223,2026-09-17T15:22:00
ORD_BULK_01914,DISH_BULK_1036,CUST_03095,2026-09-11T15:40:00
ORD_BULK_01915,DISH_BULK_0169,CUST_00687,2026-09-15T14:42:00
ORD_BULK_01916,DISH_BULK_1587,CUST_01951,2026-09-13T18:17:00
ORD_BULK_01917,DISH_BULK_1904,CUST_03057,2026-09-16T09:24:00
ORD_BULK_01918,DISH_BULK_0911,CUST_01556,2026-09-18T02:38:00
ORD_BULK_01919,DISH_BULK_2844,CUST_01598,2026-09-15T17:35:00
ORD_BULK_01920,DISH_BULK_1029,CUST_00595,2026-09-16T08:50:00
ORD_BULK_01921,DISH_BULK_1734,CUST_00049,2026-09-13T14:51:00
ORD_BULK_01922,DISH_BULK_1792,CUST_01565,2026-09-18T01:16:00
ORD_BULK_01923,DISH_BULK_1247,CUST_03940,2026-09-16T08:47:00
ORD_BULK_01924,DISH_BULK_2751,CUST_03916,2026-09-10T19:12:00
ORD_BULK_01925,DISH_BULK_0352,CUST_03759,2026-09-16T09:04:00
ORD_BULK_01926,DISH_BULK_2564,CUST_01450,2026-09-15T05:54:00
ORD_BULK_01927,DISH_BULK_2454,CUST_03761,2026-09-17T18:03:00
ORD_BULK_01928,DISH_BULK_1070,CUST_01373,2026-09-13T09:49:00
ORD_BULK_01929,DISH_BULK_1047,CUST_03287,2026-09-11T10:50:00
ORD_BULK_01930,DISH_BULK_0999,CUST_02681,2026-09-16T23:31:00
ORD_BULK_01931,DISH_BULK_1556,CUST_01889,2026-09-18T00:23:00
ORD_BULK_01932,DISH_BULK_0944,CUST_03008,2026-09-17T23:28:00
ORD_BULK_01933,DISH_BULK_2365,CUST_03156,2026-09-12T13:13:00
ORD_BULK_01934,DISH_BULK_2083,CUST_01383,2026-09-18T01:03:00
ORD_BULK_01935,DISH_BULK_2781,CUST_00737,2026-09-13T21:32:00
ORD_BULK_01936,DISH_BULK_2197,CUST_00044,2026-09-17T23:43:00
ORD_BULK_01937,DISH_PNR_035,CUST_03407,2026-09-11T02:33:00
ORD_BULK_01938,DISH_BULK_0002,CUST_01685,2026-09-11T10:40:00
ORD_BULK_01939,DISH_BULK_2105,CUST_00426,2026-09-18T03:11:00
ORD_BULK_01940,DISH_BULK_1780,CUST_01440,2026-09-12T19:54:00
ORD_BULK_01941,DISH_BULK_2924,CUST_01161,2026-09-13T04:47:00
ORD_BULK_01942,DISH_BULK_0744,CUST_00140,2026-09-10T14:28:00
ORD_BULK_01943,DISH_BULK_2491,CUST_00377,2026-09-10T23:31:00
ORD_BULK_01944,DISH_BULK_2387,CUST_02690,2026-09-12T19:12:00
ORD_BULK_01945,DISH_BULK_2409,CUST_02614,2026-09-11T17:15:00
ORD_BULK_01946,DISH_BULK_2854,CUST_03924,2026-09-11T16:45:00
ORD_BULK_01947,DISH_BULK_0307,CUST_03508,2026-09-17T05:07:00
ORD_BULK_01948,DISH_BULK_0486,CUST_01540,2026-09-17T19:14:00
ORD_BULK_01949,DISH_BULK_2607,CUST_02319,2026-09-12T10:27:00
ORD_BULK_01950,DISH_BULK_0408,CUST_02850,2026-09-12T10:18:00
ORD_BULK_01951,DISH_BULK_0991,CUST_01207,2026-09-15T15:30:00
ORD_BULK_01952,DISH_BULK_2659,CUST_03835,2026-09-11T04:40:00
ORD_BULK_01953,DISH_BULK_2570,CUST_01858,2026-09-13T11:28:00
ORD_BULK_01954,DISH_BULK_1702,CUST_02836,2026-09-17T22:17:00
ORD_BULK_01955,DISH_BULK_1278,CUST_01055,2026-09-12T04:13:00
ORD_BULK_01956,DISH_BULK_0257,CUST_01136,2026-09-11T01:02:00
ORD_BULK_01957,DISH_BULK_1521,CUST_01592,2026-09-14T02:50:00
ORD_BULK_01958,DISH_BULK_0200,CUST_01058,2026-09-13T08:16:00
ORD_BULK_01959,DISH_BULK_0682,CUST_01805,2026-09-11T02:57:00
ORD_BULK_01960,DISH_BULK_1968,CUST_03804,2026-09-12T14:47:00
ORD_BULK_01961,DISH_BULK_2453,CUST_01609,2026-09-12T08:43:00
ORD_BULK_01962,DISH_BULK_2597,CUST_02016,2026-09-11T13:36:00
ORD_BULK_01963,DISH_BULK_0543,CUST_02215,2026-09-15T05:45:00
ORD_BULK_01964,DISH_BULK_0848,CUST_02515,2026-09-17T15:40:00
ORD_BULK_01965,DISH_BULK_0389,CUST_03739,2026-09-15T08:34:00
ORD_BULK_01966,DISH_BULK_2884,CUST_01061,2026-09-11T12:12:00
ORD_BULK_01967,DISH_BULK_0096,CUST_00299,2026-09-11T03:13:00
ORD_BULK_01968,DISH_BULK_2294,CUST_02981,2026-09-13T04:25:00
ORD_BULK_01969,DISH_BULK_1780,CUST_00077,2026-09-15T23:54:00
ORD_BULK_01970,DISH_BULK_0563,CUST_02675,2026-09-17T14:51:00
ORD_BULK_01971,DISH_PNR_004,CUST_03822,2026-09-10T18:19:00
ORD_BULK_01972,DISH_BULK_2676,CUST_01600,2026-09-13T08:45:00
ORD_BULK_01973,DISH_BULK_0574,CUST_02868,2026-09-14T02:03:00
ORD_BULK_01974,DISH_BULK_1556,CUST_02354,2026-09-10T09:00:00
ORD_BULK_01975,DISH_BULK_2065,CUST_02899,2026-09-15T21:59:00
ORD_BULK_01976,DISH_BULK_1912,CUST_01787,2026-09-14T22:17:00
ORD_BULK_01977,DISH_BULK_2934,CUST_03199,2026-09-11T03:08:00
ORD_BULK_01978,DISH_BULK_2166,CUST_00926,2026-09-10T08:54:00
ORD_BULK_01979,DISH_BULK_1528,CUST_03909,2026-09-18T04:12:00
ORD_BULK_01980,DISH_BULK_1928,CUST_00497,2026-09-16T18:53:00
ORD_BULK_01981,DISH_BULK_2146,CUST_03830,2026-09-14T10:00:00
ORD_BULK_01982,DISH_BULK_1319,CUST_02793,2026-09-13T18:41:00
ORD_BULK_01983,DISH_BULK_1594,CUST_00227,2026-09-17T12:39:00
ORD_BULK_01984,DISH_BULK_2604,CUST_00372,2026-09-14T11:45:00
ORD_BULK_01985,DISH_BULK_2143,CUST_03496,2026-09-14T04:51:00
ORD_BULK_01986,DISH_BULK_0283,CUST_03446,2026-09-15T13:30:00
ORD_BULK_01987,DISH_BULK_1141,CUST_02654,2026-09-12T15:27:00
ORD_BULK_01988,DISH_BULK_0677,CUST_02272,2026-09-10T18:44:00
ORD_BULK_01989,DISH_BULK_1527,CUST_02707,2026-09-12T12:09:00
ORD_BULK_01990,DISH_BULK_1178,CUST_02851,2026-09-14T18:31:00
ORD_BULK_01991,DISH_BULK_0391,CUST_02584,2026-09-18T04:05:00
ORD_BULK_01992,DISH_BULK_1425,CUST_01993,2026-09-11T07:10:00
ORD_BULK_01993,DISH_BULK_2545,CUST_01794,2026-09-12T11:44:00
ORD_BULK_01994,DISH_BULK_0527,CUST_00147,2026-09-12T12:43:00
ORD_BULK_01995,DISH_BULK_0057,CUST_02949,2026-09-17T01:54:00
ORD_BULK_01996,DISH_BULK_0930,CUST_02004,2026-09-14T18:09:00
ORD_BULK_01997,DISH_BULK_0212,CUST_03248,2026-09-16T11:36:00
ORD_BULK_01998,DISH_BULK_2589,CUST_01261,2026-09-16T00:26:00
ORD_BULK_01999,DISH_BULK_2141,CUST_03953,2026-09-15T10:41:00
ORD_BULK_02000,DISH_BULK_0021,CUST_00152,2026-09-14T04:38:00
ORD_BULK_02001,DISH_BULK_0183,CUST_01384,2026-09-18T12:53:00
ORD_BULK_02002,DISH_BULK_0129,CUST_01661,2026-09-11T16:16:00
ORD_BULK_02003,DISH_BULK_0821,CUST_03306,2026-09-17T18:32:00
ORD_BULK_02004,DISH_BULK_2687,CUST_02143,2026-09-15T13:09:00
ORD_BULK_02005,DISH_BULK_2731,CUST_03565,2026-09-16T10:31:00
ORD_BULK_02006,DISH_BULK_0564,CUST_03036,2026-09-16T22:12:00
ORD_BULK_02007,DISH_BULK_0908,CUST_03789,2026-09-11T03:40:00
ORD_BULK_02008,DISH_BULK_0105,CUST_03013,2026-09-11T22:39:00
ORD_BULK_02009,DISH_BULK_1956,CUST_02679,2026-09-10T13:12:00
ORD_BULK_02010,DISH_BULK_1884,CUST_03716,2026-09-17T08:51:00
ORD_BULK_02011,DISH_BULK_0141,CUST_00995,2026-09-18T07:30:00
ORD_BULK_02012,DISH_BULK_2611,CUST_00535,2026-09-10T11:55:00
ORD_BULK_02013,DISH_BULK_0659,CUST_02592,2026-09-10T21:38:00
ORD_BULK_02014,DISH_BULK_1212,CUST_03362,2026-09-11T10:34:00
ORD_BULK_02015,DISH_BULK_1822,CUST_02504,2026-09-12T06:36:00
ORD_BULK_02016,DISH_BULK_2374,CUST_00262,2026-09-11T13:02:00
ORD_BULK_02017,DISH_BULK_0421,CUST_02037,2026-09-17T02:28:00
ORD_BULK_02018,DISH_BULK_2475,CUST_00904,2026-09-11T01:13:00
ORD_BULK_02019,DISH_BULK_0784,CUST_01746,2026-09-14T04:07:00
ORD_BULK_02020,DISH_BULK_2732,CUST_01647,2026-09-14T00:32:00
ORD_BULK_02021,DISH_BULK_0448,CUST_03998,2026-09-18T02:48:00
ORD_BULK_02022,DISH_BULK_2313,CUST_02236,2026-09-11T21:30:00
ORD_BULK_02023,DISH_BULK_1271,CUST_03427,2026-09-12T18:13:00
ORD_BULK_02024,DISH_BULK_0140,CUST_02430,2026-09-12T07:21:00
ORD_BULK_02025,DISH_BULK_1328,CUST_00259,2026-09-11T16:58:00
ORD_BULK_02026,DISH_BULK_1075,CUST_00579,2026-09-15T01:21:00
ORD_BULK_02027,DISH_BULK_0642,CUST_02853,2026-09-14T13:00:00
ORD_BULK_02028,DISH_BULK_2220,CUST_00676,2026-09-15T07:47:00
ORD_BULK_02029,DISH_BULK_0951,CUST_03792,2026-09-16T22:55:00
ORD_BULK_02030,DISH_BULK_0120,CUST_00547,2026-09-11T11:17:00
ORD_BULK_02031,DISH_BULK_2543,CUST_02509,2026-09-14T14:42:00
ORD_BULK_02032,DISH_BULK_0600,CUST_00065,2026-09-15T20:58:00
ORD_BULK_02033,DISH_BULK_0284,CUST_00027,2026-09-10T09:58:00
ORD_BULK_02034,DISH_BULK_0688,CUST_03794,2026-09-11T08:20:00
ORD_BULK_02035,DISH_BULK_2848,CUST_02670,2026-09-17T02:07:00
ORD_BULK_02036,DISH_BULK_1116,CUST_01705,2026-09-18T05:22:00
ORD_BULK_02037,DISH_BULK_1903,CUST_02836,2026-09-11T18:39:00
ORD_BULK_02038,DISH_BULK_0798,CUST_00587,2026-09-17T14:42:00
ORD_BULK_02039,DISH_BULK_1063,CUST_02143,2026-09-15T10:59:00
ORD_BULK_02040,DISH_BULK_1641,CUST_00980,2026-09-12T07:39:00
ORD_BULK_02041,DISH_BULK_2454,CUST_02834,2026-09-10T18:16:00
ORD_BULK_02042,DISH_BULK_2396,CUST_00738,2026-09-18T11:50:00
ORD_BULK_02043,DISH_BULK_2001,CUST_02507,2026-09-11T08:02:00
ORD_BULK_02044,DISH_BULK_2522,CUST_03386,2026-09-13T18:14:00
ORD_BULK_02045,DISH_BULK_1378,CUST_01716,2026-09-10T09:14:00
ORD_BULK_02046,DISH_BULK_2238,CUST_00966,2026-09-12T12:24:00
ORD_BULK_02047,DISH_BULK_0435,CUST_02172,2026-09-11T10:07:00
ORD_BULK_02048,DISH_BULK_2489,CUST_01483,2026-09-16T11:22:00
ORD_BULK_02049,DISH_BULK_2032,CUST_00899,2026-09-15T14:45:00
ORD_BULK_02050,DISH_BULK_2519,CUST_02701,2026-09-12T16:49:00
ORD_BULK_02051,DISH_BULK_1086,CUST_00218,2026-09-12T12:53:00
ORD_BULK_02052,DISH_BULK_0415,CUST_03263,2026-09-12T00:44:00
ORD_BULK_02053,DISH_BULK_2760,CUST_03457,2026-09-15T17:32:00
ORD_BULK_02054,DISH_BULK_1991,CUST_00723,2026-09-12T03:37:00
ORD_BULK_02055,DISH_BULK_2698,CUST_03780,2026-09-10T19:46:00
ORD_BULK_02056,DISH_BULK_0175,CUST_02642,2026-09-14T11:26:00
ORD_BULK_02057,DISH_BULK_1121,CUST_00859,2026-09-15T06:41:00
ORD_BULK_02058,DISH_BULK_0983,CUST_01370,2026-09-17T08:25:00
ORD_BULK_02059,DISH_BULK_1810,CUST_00178,2026-09-11T12:30:00
ORD_BULK_02060,DISH_BULK_0168,CUST_03789,2026-09-16T10:44:00
ORD_BULK_02061,DISH_BULK_0674,CUST_00648,2026-09-10T15:56:00
ORD_BULK_02062,DISH_BULK_1940,CUST_02110,2026-09-11T15:41:00
ORD_BULK_02063,DISH_BULK_0244,CUST_03667,2026-09-13T00:15:00
ORD_BULK_02064,DISH_BULK_2908,CUST_01822,2026-09-17T01:50:00
ORD_BULK_02065,DISH_BULK_2328,CUST_01336,2026-09-15T02:25:00
ORD_BULK_02066,DISH_BULK_0768,CUST_03061,2026-09-18T00:49:00
ORD_BULK_02067,DISH_BULK_1288,CUST_00943,2026-09-11T14:04:00
ORD_BULK_02068,DISH_BULK_1289,CUST_00933,2026-09-11T10:46:00
ORD_BULK_02069,DISH_BULK_0925,CUST_03022,2026-09-15T00:39:00
ORD_BULK_02070,DISH_BULK_0773,CUST_01539,2026-09-12T20:15:00
ORD_BULK_02071,DISH_BULK_0255,CUST_01930,2026-09-16T23:46:00
ORD_BULK_02072,DISH_BULK_1938,CUST_00223,2026-09-15T07:01:00
ORD_BULK_02073,DISH_BULK_0547,CUST_00886,2026-09-17T06:24:00
ORD_BULK_02074,DISH_BULK_1817,CUST_00730,2026-09-14T17:46:00
ORD_BULK_02075,DISH_BULK_1483,CUST_00559,2026-09-15T12:59:00
ORD_BULK_02076,DISH_BULK_2902,CUST_00796,2026-09-17T12:35:00
ORD_BULK_02077,DISH_BULK_1422,CUST_03996,2026-09-13T09:38:00
ORD_BULK_02078,DISH_BULK_0782,CUST_01376,2026-09-11T18:44:00
ORD_BULK_02079,DISH_BULK_0085,CUST_02836,2026-09-16T19:17:00
ORD_BULK_02080,DISH_BULK_0198,CUST_01150,2026-09-11T21:16:00
ORD_BULK_02081,DISH_BULK_0409,CUST_03489,2026-09-15T15:07:00
ORD_BULK_02082,DISH_BULK_1832,CUST_01714,2026-09-12T06:44:00
ORD_BULK_02083,DISH_BULK_1361,CUST_00901,2026-09-13T16:35:00
ORD_BULK_02084,DISH_BULK_2426,CUST_00643,2026-09-17T14:12:00
ORD_BULK_02085,DISH_BULK_2458,CUST_03710,2026-09-12T06:24:00
ORD_BULK_02086,DISH_BULK_2321,CUST_03974,2026-09-16T14:56:00
ORD_BULK_02087,DISH_BULK_0894,CUST_00355,2026-09-15T00:25:00
ORD_BULK_02088,DISH_BULK_2091,CUST_02004,2026-09-12T19:06:00
ORD_BULK_02089,DISH_BULK_2377,CUST_01940,2026-09-15T14:21:00
ORD_BULK_02090,DISH_BULK_1097,CUST_00060,2026-09-18T15:20:00
ORD_BULK_02091,DISH_BULK_1707,CUST_03016,2026-09-13T03:21:00
ORD_BULK_02092,DISH_BULK_0969,CUST_01341,2026-09-15T06:34:00
ORD_BULK_02093,DISH_BULK_2327,CUST_00911,2026-09-17T01:35:00
ORD_BULK_02094,DISH_BULK_0564,CUST_03743,2026-09-16T20:39:00
ORD_BULK_02095,DISH_PNR_021,CUST_01712,2026-09-10T20:04:00
ORD_BULK_02096,DISH_BULK_0118,CUST_01928,2026-09-16T01:41:00
ORD_BULK_02097,DISH_BULK_0091,CUST_01744,2026-09-16T09:01:00
ORD_BULK_02098,DISH_BULK_1569,CUST_01964,2026-09-18T06:13:00
ORD_BULK_02099,DISH_BULK_0355,CUST_01854,2026-09-15T23:14:00
ORD_BULK_02100,DISH_BULK_0939,CUST_00341,2026-09-16T16:30:00
ORD_BULK_02101,DISH_BULK_0004,CUST_02840,2026-09-18T15:49:00
ORD_BULK_02102,DISH_BULK_1619,CUST_03891,2026-09-12T19:31:00
ORD_BULK_02103,DISH_BULK_0497,CUST_01469,2026-09-13T16:46:00
ORD_BULK_02104,DISH_BULK_0933,CUST_02653,2026-09-11T08:46:00
ORD_BULK_02105,DISH_BULK_0019,CUST_01966,2026-09-17T22:41:00
ORD_BULK_02106,DISH_BULK_1202,CUST_00663,2026-09-18T08:02:00
ORD_BULK_02107,DISH_BULK_1835,CUST_03515,2026-09-16T19:45:00
ORD_BULK_02108,DISH_BULK_2344,CUST_00100,2026-09-15T12:12:00
ORD_BULK_02109,DISH_BULK_1853,CUST_03162,2026-09-11T21:51:00
ORD_BULK_02110,DISH_BULK_2834,CUST_01661,2026-09-12T10:30:00
ORD_BULK_02111,DISH_BULK_1471,CUST_02568,2026-09-15T14:47:00
ORD_BULK_02112,DISH_BULK_2837,CUST_02595,2026-09-10T08:22:00
ORD_BULK_02113,DISH_BULK_2523,CUST_00290,2026-09-14T17:05:00
ORD_BULK_02114,DISH_BULK_2783,CUST_01364,2026-09-16T08:58:00
ORD_BULK_02115,DISH_BULK_0087,CUST_01215,2026-09-15T04:17:00
ORD_BULK_02116,DISH_BULK_1059,CUST_02860,2026-09-17T07:15:00
ORD_BULK_02117,DISH_BULK_2175,CUST_02357,2026-09-12T16:33:00
ORD_BULK_02118,DISH_BULK_2758,CUST_00332,2026-09-17T09:25:00
ORD_BULK_02119,DISH_BULK_1329,CUST_03014,2026-09-10T22:58:00
ORD_BULK_02120,DISH_BULK_2062,CUST_03873,2026-09-18T00:13:00
ORD_BULK_02121,DISH_BULK_1444,CUST_03638,2026-09-10T22:04:00
ORD_BULK_02122,DISH_BULK_0408,CUST_01569,2026-09-14T11:49:00
ORD_BULK_02123,DISH_BULK_1860,CUST_02536,2026-09-10T19:09:00
ORD_BULK_02124,DISH_BULK_1451,CUST_01501,2026-09-12T07:51:00
ORD_BULK_02125,DISH_BULK_2608,CUST_02289,2026-09-18T08:28:00
ORD_BULK_02126,DISH_BULK_0228,CUST_02297,2026-09-18T09:41:00
ORD_BULK_02127,DISH_BULK_0792,CUST_00567,2026-09-14T03:27:00
ORD_BULK_02128,DISH_BULK_0931,CUST_02211,2026-09-11T15:00:00
ORD_BULK_02129,DISH_BULK_2612,CUST_01960,2026-09-16T22:24:00
ORD_BULK_02130,DISH_BULK_2832,CUST_00860,2026-09-12T21:33:00
ORD_BULK_02131,DISH_BULK_1266,CUST_01445,2026-09-13T09:00:00
ORD_BULK_02132,DISH_BULK_2016,CUST_02787,2026-09-15T03:29:00
ORD_BULK_02133,DISH_BULK_1089,CUST_00224,2026-09-11T01:18:00
ORD_BULK_02134,DISH_BULK_1481,CUST_01415,2026-09-15T11:32:00
ORD_BULK_02135,DISH_BULK_1945,CUST_02054,2026-09-16T07:49:00
ORD_BULK_02136,DISH_BULK_0456,CUST_01926,2026-09-18T09:49:00
ORD_BULK_02137,DISH_BULK_2132,CUST_02779,2026-09-16T09:30:00
ORD_BULK_02138,DISH_BULK_1151,CUST_01852,2026-09-17T09:33:00
ORD_BULK_02139,DISH_BULK_1461,CUST_03277,2026-09-17T23:51:00
ORD_BULK_02140,DISH_BULK_2793,CUST_03313,2026-09-11T01:55:00
ORD_BULK_02141,DISH_BULK_0725,CUST_03654,2026-09-15T13:01:00
ORD_BULK_02142,DISH_BULK_0311,CUST_00329,2026-09-14T18:40:00
ORD_BULK_02143,DISH_BULK_0686,CUST_01182,2026-09-11T05:00:00
ORD_BULK_02144,DISH_BULK_0401,CUST_00675,2026-09-13T11:21:00
ORD_BULK_02145,DISH_BULK_0412,CUST_02856,2026-09-12T00:24:00
ORD_BULK_02146,DISH_BULK_1986,CUST_00617,2026-09-12T15:46:00
ORD_BULK_02147,DISH_BULK_2086,CUST_03900,2026-09-17T11:17:00
ORD_BULK_02148,DISH_BULK_0046,CUST_01201,2026-09-15T01:44:00
ORD_BULK_02149,DISH_BULK_2749,CUST_02218,2026-09-11T20:03:00
ORD_BULK_02150,DISH_BULK_1895,CUST_01421,2026-09-15T02:43:00
ORD_BULK_02151,DISH_BULK_1772,CUST_03022,2026-09-17T16:02:00
ORD_BULK_02152,DISH_BULK_0041,CUST_01195,2026-09-12T11:37:00
ORD_BULK_02153,DISH_BULK_0211,CUST_00091,2026-09-12T23:26:00
ORD_BULK_02154,DISH_BULK_2082,CUST_02641,2026-09-14T03:43:00
ORD_BULK_02155,DISH_BULK_1640,CUST_02371,2026-09-14T05:36:00
ORD_BULK_02156,DISH_BULK_2639,CUST_02647,2026-09-14T01:06:00
ORD_BULK_02157,DISH_BULK_1945,CUST_02431,2026-09-17T21:49:00
ORD_BULK_02158,DISH_BULK_2808,CUST_02172,2026-09-16T13:46:00
ORD_BULK_02159,DISH_BULK_1777,CUST_01876,2026-09-13T19:02:00
ORD_BULK_02160,DISH_BULK_2277,CUST_00541,2026-09-13T19:41:00
ORD_BULK_02161,DISH_BULK_0657,CUST_03233,2026-09-13T06:59:00
ORD_BULK_02162,DISH_BULK_0882,CUST_01984,2026-09-14T13:33:00
ORD_BULK_02163,DISH_BULK_1134,CUST_03153,2026-09-10T20:55:00
ORD_BULK_02164,DISH_BULK_0561,CUST_01447,2026-09-13T13:39:00
ORD_BULK_02165,DISH_BULK_1821,CUST_03917,2026-09-12T05:25:00
ORD_BULK_02166,DISH_BULK_2487,CUST_03786,2026-09-12T03:54:00
ORD_BULK_02167,DISH_BULK_2869,CUST_02193,2026-09-13T13:53:00
ORD_BULK_02168,DISH_BULK_0700,CUST_03987,2026-09-12T07:53:00
ORD_BULK_02169,DISH_BULK_2854,CUST_02838,2026-09-17T21:57:00
ORD_BULK_02170,DISH_BULK_0582,CUST_00661,2026-09-13T00:57:00
ORD_BULK_02171,DISH_BULK_0432,CUST_00169,2026-09-13T22:27:00
ORD_BULK_02172,DISH_BULK_2307,CUST_00519,2026-09-15T08:23:00
ORD_BULK_02173,DISH_BULK_1020,CUST_01515,2026-09-12T10:22:00
ORD_BULK_02174,DISH_BULK_0794,CUST_02304,2026-09-18T09:05:00
ORD_BULK_02175,DISH_BULK_0096,CUST_02727,2026-09-13T22:32:00
ORD_BULK_02176,DISH_BULK_1362,CUST_00606,2026-09-14T13:49:00
ORD_BULK_02177,DISH_BULK_1790,CUST_02212,2026-09-12T04:23:00
ORD_BULK_02178,DISH_BULK_2139,CUST_01236,2026-09-11T17:10:00
ORD_BULK_02179,DISH_BULK_0056,CUST_01658,2026-09-16T00:22:00
ORD_BULK_02180,DISH_BULK_0549,CUST_03883,2026-09-15T13:04:00
ORD_BULK_02181,DISH_BULK_1265,CUST_00640,2026-09-10T09:10:00
ORD_BULK_02182,DISH_BULK_2191,CUST_03997,2026-09-16T02:33:00
ORD_BULK_02183,DISH_BULK_1310,CUST_02652,2026-09-18T08:38:00
ORD_BULK_02184,DISH_BULK_1164,CUST_01942,2026-09-13T15:08:00
ORD_BULK_02185,DISH_BULK_2303,CUST_02732,2026-09-12T00:09:00
ORD_BULK_02186,DISH_BULK_2269,CUST_02985,2026-09-15T08:43:00
ORD_BULK_02187,DISH_BULK_1341,CUST_02823,2026-09-11T14:40:00
ORD_BULK_02188,DISH_BULK_2950,CUST_01962,2026-09-10T18:56:00
ORD_BULK_02189,DISH_BULK_0525,CUST_02778,2026-09-16T14:26:00
ORD_BULK_02190,DISH_BULK_0432,CUST_01262,2026-09-10T14:46:00
ORD_BULK_02191,DISH_BULK_1599,CUST_02530,2026-09-12T20:10:00
ORD_BULK_02192,DISH_BULK_1780,CUST_01464,2026-09-11T09:15:00
ORD_BULK_02193,DISH_BULK_1290,CUST_00226,2026-09-17T06:03:00
ORD_BULK_02194,DISH_BULK_2580,CUST_00800,2026-09-16T23:18:00
ORD_BULK_02195,DISH_BULK_2110,CUST_00910,2026-09-13T11:53:00
ORD_BULK_02196,DISH_BULK_0755,CUST_00093,2026-09-11T06:49:00
ORD_BULK_02197,DISH_BULK_2159,CUST_03480,2026-09-15T09:38:00
ORD_BULK_02198,DISH_BULK_2727,CUST_02751,2026-09-11T07:51:00
ORD_BULK_02199,DISH_BULK_2050,CUST_01616,2026-09-12T13:05:00
ORD_BULK_02200,DISH_BULK_1962,CUST_01302,2026-09-17T04:42:00
ORD_BULK_02201,DISH_BULK_2432,CUST_02096,2026-09-10T23:18:00
ORD_BULK_02202,DISH_BULK_2685,CUST_01479,2026-09-14T20:33:00
ORD_BULK_02203,DISH_BULK_0559,CUST_02933,2026-09-15T04:46:00
ORD_BULK_02204,DISH_BULK_1468,CUST_01582,2026-09-14T13:48:00
ORD_BULK_02205,DISH_BULK_0003,CUST_01166,2026-09-14T06:11:00
ORD_BULK_02206,DISH_BULK_1393,CUST_01262,2026-09-15T09:40:00
ORD_BULK_02207,DISH_BULK_2251,CUST_00359,2026-09-12T18:53:00
ORD_BULK_02208,DISH_BULK_2935,CUST_03637,2026-09-15T09:18:00
ORD_BULK_02209,DISH_BULK_1656,CUST_03292,2026-09-15T08:49:00
ORD_BULK_02210,DISH_BULK_1136,CUST_00671,2026-09-18T14:47:00
ORD_BULK_02211,DISH_BULK_1690,CUST_02985,2026-09-15T01:06:00
ORD_BULK_02212,DISH_BULK_0525,CUST_03423,2026-09-17T00:20:00
ORD_BULK_02213,DISH_BULK_2403,CUST_00353,2026-09-11T23:13:00
ORD_BULK_02214,DISH_BULK_0805,CUST_01243,2026-09-15T17:36:00
ORD_BULK_02215,DISH_BULK_2105,CUST_01374,2026-09-11T02:03:00
ORD_BULK_02216,DISH_BULK_2373,CUST_03098,2026-09-14T14:36:00
ORD_BULK_02217,DISH_BULK_0316,CUST_00028,2026-09-14T23:48:00
ORD_BULK_02218,DISH_BULK_2570,CUST_03746,2026-09-13T10:38:00
ORD_BULK_02219,DISH_BULK_1651,CUST_00717,2026-09-16T15:46:00
ORD_BULK_02220,DISH_BULK_1846,CUST_02910,2026-09-16T19:04:00
ORD_BULK_02221,DISH_BULK_0514,CUST_00817,2026-09-12T10:47:00
ORD_BULK_02222,DISH_BULK_1517,CUST_01186,2026-09-16T15:14:00
ORD_BULK_02223,DISH_BULK_1963,CUST_00173,2026-09-13T18:27:00
ORD_BULK_02224,DISH_BULK_2351,CUST_01245,2026-09-15T22:55:00
ORD_BULK_02225,DISH_BULK_2244,CUST_03031,2026-09-15T14:33:00
ORD_BULK_02226,DISH_BULK_0873,CUST_00110,2026-09-10T08:40:00
ORD_BULK_02227,DISH_BULK_0584,CUST_01076,2026-09-13T17:57:00
ORD_BULK_02228,DISH_BULK_2577,CUST_03418,2026-09-17T13:49:00
ORD_BULK_02229,DISH_BULK_1889,CUST_00509,2026-09-17T18:32:00
ORD_BULK_02230,DISH_BULK_2681,CUST_03657,2026-09-13T14:33:00
ORD_BULK_02231,DISH_BULK_1662,CUST_00735,2026-09-15T22:19:00
ORD_BULK_02232,DISH_BULK_2771,CUST_02642,2026-09-13T02:49:00
ORD_BULK_02233,DISH_BULK_0070,CUST_00489,2026-09-13T11:41:00
ORD_BULK_02234,DISH_BULK_1973,CUST_03976,2026-09-11T02:13:00
ORD_BULK_02235,DISH_BULK_2407,CUST_03054,2026-09-14T10:47:00
ORD_BULK_02236,DISH_BULK_2334,CUST_01969,2026-09-16T18:26:00
ORD_BULK_02237,DISH_BULK_1740,CUST_03557,2026-09-13T06:25:00
ORD_BULK_02238,DISH_BULK_2526,CUST_02810,2026-09-15T17:59:00
ORD_BULK_02239,DISH_BULK_2797,CUST_03352,2026-09-11T16:39:00
ORD_BULK_02240,DISH_BULK_1482,CUST_02100,2026-09-16T21:05:00
ORD_BULK_02241,DISH_BULK_0025,CUST_03463,2026-09-13T06:52:00
ORD_BULK_02242,DISH_BULK_0621,CUST_02383,2026-09-10T23:58:00
ORD_BULK_02243,DISH_BULK_0552,CUST_01310,2026-09-15T13:53:00
ORD_BULK_02244,DISH_BULK_2793,CUST_00555,2026-09-14T09:35:00
ORD_BULK_02245,DISH_BULK_0622,CUST_00217,2026-09-13T10:27:00
ORD_BULK_02246,DISH_BULK_1433,CUST_01719,2026-09-17T13:44:00
ORD_BULK_02247,DISH_BULK_1412,CUST_00200,2026-09-13T15:09:00
ORD_BULK_02248,DISH_BULK_1148,CUST_02170,2026-09-17T14:28:00
ORD_BULK_02249,DISH_BULK_0268,CUST_02105,2026-09-12T12:55:00
ORD_BULK_02250,DISH_BULK_2526,CUST_00751,2026-09-11T09:48:00
ORD_BULK_02251,DISH_BULK_2406,CUST_03083,2026-09-12T05:38:00
ORD_BULK_02252,DISH_BULK_2181,CUST_01322,2026-09-13T22:20:00
ORD_BULK_02253,DISH_BULK_2759,CUST_03277,2026-09-13T18:12:00
ORD_BULK_02254,DISH_BULK_1065,CUST_02808,2026-09-18T06:35:00
ORD_BULK_02255,DISH_BULK_2773,CUST_01485,2026-09-11T10:10:00
ORD_BULK_02256,DISH_BULK_2142,CUST_02376,2026-09-14T08:01:00
ORD_BULK_02257,DISH_BULK_0542,CUST_00053,2026-09-11T21:23:00
ORD_BULK_02258,DISH_BULK_2076,CUST_01153,2026-09-14T13:51:00
ORD_BULK_02259,DISH_BULK_1940,CUST_01688,2026-09-14T04:55:00
ORD_BULK_02260,DISH_BULK_0621,CUST_00420,2026-09-12T19:29:00
ORD_BULK_02261,DISH_BULK_0587,CUST_02062,2026-09-12T20:22:00
ORD_BULK_02262,DISH_BULK_0725,CUST_03257,2026-09-16T16:33:00
ORD_BULK_02263,DISH_BULK_2466,CUST_02825,2026-09-16T07:32:00
ORD_BULK_02264,DISH_BULK_2133,CUST_02919,2026-09-16T14:29:00
ORD_BULK_02265,DISH_BULK_2830,CUST_03098,2026-09-11T15:07:00
ORD_BULK_02266,DISH_BULK_1663,CUST_01887,2026-09-11T04:51:00
ORD_BULK_02267,DISH_BULK_0431,CUST_03354,2026-09-11T19:50:00
ORD_BULK_02268,DISH_BULK_0025,CUST_01965,2026-09-14T07:05:00
ORD_BULK_02269,DISH_BULK_1230,CUST_02831,2026-09-14T11:00:00
ORD_BULK_02270,DISH_BULK_0523,CUST_03347,2026-09-15T08:40:00
ORD_BULK_02271,DISH_BULK_2401,CUST_02143,2026-09-14T05:24:00
ORD_BULK_02272,DISH_BULK_0659,CUST_02908,2026-09-13T19:11:00
ORD_BULK_02273,DISH_BULK_0071,CUST_03050,2026-09-11T16:23:00
ORD_BULK_02274,DISH_BULK_0864,CUST_00528,2026-09-18T05:34:00
ORD_BULK_02275,DISH_BULK_0537,CUST_02819,2026-09-12T21:52:00
ORD_BULK_02276,DISH_BULK_1213,CUST_00514,2026-09-12T17:18:00
ORD_BULK_02277,DISH_BULK_0487,CUST_00322,2026-09-15T04:00:00
ORD_BULK_02278,DISH_BULK_2783,CUST_03126,2026-09-11T14:30:00
ORD_BULK_02279,DISH_BULK_0272,CUST_00078,2026-09-15T20:14:00
ORD_BULK_02280,DISH_BULK_1720,CUST_00175,2026-09-12T13:37:00
ORD_BULK_02281,DISH_BULK_0395,CUST_00135,2026-09-17T20:09:00
ORD_BULK_02282,DISH_BULK_2057,CUST_02430,2026-09-11T00:11:00
ORD_BULK_02283,DISH_BULK_1875,CUST_00488,2026-09-13T05:05:00
ORD_BULK_02284,DISH_BULK_0131,CUST_00272,2026-09-13T18:22:00
ORD_BULK_02285,DISH_BULK_2688,CUST_00043,2026-09-11T10:21:00
ORD_BULK_02286,DISH_BULK_0461,CUST_03769,2026-09-17T04:19:00
ORD_BULK_02287,DISH_BULK_0795,CUST_02407,2026-09-12T14:37:00
ORD_BULK_02288,DISH_BULK_0710,CUST_02747,2026-09-14T07:59:00
ORD_BULK_02289,DISH_BULK_0073,CUST_00372,2026-09-11T23:44:00
ORD_BULK_02290,DISH_BULK_1090,CUST_03887,2026-09-16T22:18:00
ORD_BULK_02291,DISH_BULK_1378,CUST_01443,2026-09-12T03:50:00
ORD_BULK_02292,DISH_BULK_2004,CUST_03199,2026-09-18T14:56:00
ORD_BULK_02293,DISH_BULK_2464,CUST_00991,2026-09-16T01:52:00
ORD_BULK_02294,DISH_BULK_2289,CUST_00280,2026-09-11T11:03:00
ORD_BULK_02295,DISH_BULK_2322,CUST_03127,2026-09-10T11:49:00
ORD_BULK_02296,DISH_BULK_2120,CUST_00889,2026-09-18T11:27:00
ORD_BULK_02297,DISH_BULK_0738,CUST_03950,2026-09-13T12:57:00
ORD_BULK_02298,DISH_BULK_0657,CUST_03694,2026-09-16T10:40:00
ORD_BULK_02299,DISH_PNR_018,CUST_03988,2026-09-18T14:04:00
ORD_BULK_02300,DISH_BULK_0358,CUST_03786,2026-09-12T18:26:00
ORD_BULK_02301,DISH_BULK_2019,CUST_03487,2026-09-18T09:15:00
ORD_BULK_02302,DISH_BULK_1898,CUST_01502,2026-09-18T06:38:00
ORD_BULK_02303,DISH_BULK_2368,CUST_00759,2026-09-15T08:03:00
ORD_BULK_02304,DISH_BULK_2712,CUST_03923,2026-09-11T13:18:00
ORD_BULK_02305,DISH_BULK_0694,CUST_03420,2026-09-14T08:53:00
ORD_BULK_02306,DISH_BULK_1508,CUST_01738,2026-09-12T18:30:00
ORD_BULK_02307,DISH_BULK_2060,CUST_00933,2026-09-14T23:17:00
ORD_BULK_02308,DISH_BULK_0416,CUST_03119,2026-09-13T21:49:00
ORD_BULK_02309,DISH_BULK_0460,CUST_01909,2026-09-11T14:07:00
ORD_BULK_02310,DISH_BULK_2082,CUST_00557,2026-09-15T23:23:00
ORD_BULK_02311,DISH_BULK_1433,CUST_02887,2026-09-13T14:43:00
ORD_BULK_02312,DISH_BULK_2236,CUST_02958,2026-09-10T19:05:00
ORD_BULK_02313,DISH_BULK_0290,CUST_01344,2026-09-15T22:48:00
ORD_BULK_02314,DISH_BULK_0427,CUST_01577,2026-09-13T13:26:00
ORD_BULK_02315,DISH_BULK_1825,CUST_02460,2026-09-13T21:11:00
ORD_BULK_02316,DISH_BULK_2768,CUST_03999,2026-09-15T09:13:00
ORD_BULK_02317,DISH_BULK_0879,CUST_02269,2026-09-14T23:12:00
ORD_BULK_02318,DISH_BULK_1144,CUST_03504,2026-09-15T04:51:00
ORD_BULK_02319,DISH_BULK_0727,CUST_03510,2026-09-11T03:00:00
ORD_BULK_02320,DISH_BULK_1902,CUST_03847,2026-09-18T01:26:00
ORD_BULK_02321,DISH_BULK_1459,CUST_00735,2026-09-10T11:29:00
ORD_BULK_02322,DISH_BULK_2715,CUST_02014,2026-09-17T23:31:00
ORD_BULK_02323,DISH_BULK_0384,CUST_01624,2026-09-15T07:37:00
ORD_BULK_02324,DISH_BULK_2094,CUST_02698,2026-09-18T00:44:00
ORD_BULK_02325,DISH_BULK_0302,CUST_00489,2026-09-11T23:08:00
ORD_BULK_02326,DISH_BULK_1571,CUST_01641,2026-09-18T05:47:00
ORD_BULK_02327,DISH_BULK_2372,CUST_00417,2026-09-12T06:04:00
ORD_BULK_02328,DISH_BULK_0219,CUST_01490,2026-09-12T14:21:00
ORD_BULK_02329,DISH_BULK_1341,CUST_00821,2026-09-17T02:27:00
ORD_BULK_02330,DISH_BULK_1609,CUST_00503,2026-09-12T23:35:00
ORD_BULK_02331,DISH_BULK_1693,CUST_02971,2026-09-16T00:17:00
ORD_BULK_02332,DISH_BULK_1094,CUST_03133,2026-09-18T10:49:00
ORD_BULK_02333,DISH_BULK_2337,CUST_02432,2026-09-13T10:32:00
ORD_BULK_02334,DISH_BULK_2591,CUST_03864,2026-09-14T21:17:00
ORD_BULK_02335,DISH_BULK_1412,CUST_01949,2026-09-17T22:02:00
ORD_BULK_02336,DISH_BULK_2424,CUST_03892,2026-09-14T22:26:00
ORD_BULK_02337,DISH_BULK_1938,CUST_02095,2026-09-13T12:09:00
ORD_BULK_02338,DISH_BULK_0557,CUST_03146,2026-09-15T12:08:00
ORD_BULK_02339,DISH_BULK_0396,CUST_00501,2026-09-13T04:27:00
ORD_BULK_02340,DISH_BULK_1958,CUST_02037,2026-09-12T23:01:00
ORD_BULK_02341,DISH_BULK_2527,CUST_03861,2026-09-11T20:45:00
ORD_BULK_02342,DISH_BULK_0075,CUST_00408,2026-09-10T22:25:00
ORD_BULK_02343,DISH_BULK_0233,CUST_02041,2026-09-18T01:10:00
ORD_BULK_02344,DISH_BULK_0063,CUST_03982,2026-09-12T08:54:00
ORD_BULK_02345,DISH_BULK_1521,CUST_02477,2026-09-18T01:28:00
ORD_BULK_02346,DISH_BULK_1293,CUST_00626,2026-09-13T18:40:00
ORD_BULK_02347,DISH_BULK_2501,CUST_02553,2026-09-11T10:18:00
ORD_BULK_02348,DISH_BULK_0267,CUST_02708,2026-09-16T05:58:00
ORD_BULK_02349,DISH_BULK_1970,CUST_03248,2026-09-15T15:15:00
ORD_BULK_02350,DISH_BULK_0781,CUST_01203,2026-09-17T20:47:00
ORD_BULK_02351,DISH_BULK_1993,CUST_02009,2026-09-16T01:50:00
ORD_BULK_02352,DISH_BULK_1025,CUST_02222,2026-09-14T05:49:00
ORD_BULK_02353,DISH_BULK_2168,CUST_02239,2026-09-10T12:49:00
ORD_BULK_02354,DISH_BULK_0083,CUST_01763,2026-09-11T16:31:00
ORD_BULK_02355,DISH_BULK_1525,CUST_01844,2026-09-13T21:53:00
ORD_BULK_02356,DISH_BULK_1495,CUST_01813,2026-09-15T13:31:00
ORD_BULK_02357,DISH_BULK_0101,CUST_00135,2026-09-12T08:17:00
ORD_BULK_02358,DISH_BULK_2234,CUST_02701,2026-09-13T18:45:00
ORD_BULK_02359,DISH_BULK_2846,CUST_00673,2026-09-15T22:12:00
ORD_BULK_02360,DISH_BULK_1718,CUST_00551,2026-09-13T21:19:00
ORD_BULK_02361,DISH_BULK_2885,CUST_01594,2026-09-15T21:06:00
ORD_BULK_02362,DISH_BULK_0402,CUST_02331,2026-09-18T00:19:00
ORD_BULK_02363,DISH_BULK_1963,CUST_02704,2026-09-16T15:13:00
ORD_BULK_02364,DISH_BULK_2761,CUST_02210,2026-09-16T20:15:00
ORD_BULK_02365,DISH_BULK_1878,CUST_01950,2026-09-16T17:31:00
ORD_BULK_02366,DISH_BULK_0594,CUST_02076,2026-09-10T23:13:00
ORD_BULK_02367,DISH_BULK_1557,CUST_01079,2026-09-15T23:05:00
ORD_BULK_02368,DISH_BULK_2374,CUST_03977,2026-09-14T15:09:00
ORD_BULK_02369,DISH_BULK_2480,CUST_02771,2026-09-14T08:19:00
ORD_BULK_02370,DISH_BULK_1119,CUST_01313,2026-09-11T00:46:00
ORD_BULK_02371,DISH_BULK_0069,CUST_02419,2026-09-10T20:19:00
ORD_BULK_02372,DISH_BULK_0479,CUST_03429,2026-09-14T12:03:00
ORD_BULK_02373,DISH_BULK_1382,CUST_03316,2026-09-16T23:27:00
ORD_BULK_02374,DISH_BULK_0064,CUST_03135,2026-09-17T10:42:00
ORD_BULK_02375,DISH_BULK_1351,CUST_01559,2026-09-11T10:34:00
ORD_BULK_02376,DISH_BULK_1707,CUST_01414,2026-09-14T09:35:00
ORD_BULK_02377,DISH_BULK_1641,CUST_01439,2026-09-10T23:24:00
ORD_BULK_02378,DISH_BULK_2662,CUST_01001,2026-09-13T03:36:00
ORD_BULK_02379,DISH_BULK_0915,CUST_02655,2026-09-13T21:13:00
ORD_BULK_02380,DISH_BULK_2381,CUST_00348,2026-09-18T03:52:00
ORD_BULK_02381,DISH_BULK_0222,CUST_03560,2026-09-13T19:15:00
ORD_BULK_02382,DISH_BULK_0422,CUST_01383,2026-09-12T06:21:00
ORD_BULK_02383,DISH_BULK_0034,CUST_02206,2026-09-14T01:03:00
ORD_BULK_02384,DISH_BULK_0107,CUST_01888,2026-09-17T19:36:00
ORD_BULK_02385,DISH_BULK_1684,CUST_02327,2026-09-16T04:33:00
ORD_BULK_02386,DISH_BULK_1679,CUST_01093,2026-09-10T13:34:00
ORD_BULK_02387,DISH_BULK_2804,CUST_01924,2026-09-17T00:33:00
ORD_BULK_02388,DISH_BULK_0045,CUST_01297,2026-09-14T15:08:00
ORD_BULK_02389,DISH_BULK_2290,CUST_01599,2026-09-14T00:02:00
ORD_BULK_02390,DISH_BULK_2299,CUST_00401,2026-09-15T21:21:00
ORD_BULK_02391,DISH_BULK_0363,CUST_02830,2026-09-18T00:21:00
ORD_BULK_02392,DISH_BULK_0797,CUST_01377,2026-09-15T23:38:00
ORD_BULK_02393,DISH_BULK_2013,CUST_03324,2026-09-17T22:14:00
ORD_BULK_02394,DISH_BULK_1344,CUST_00683,2026-09-17T07:53:00
ORD_BULK_02395,DISH_BULK_1180,CUST_01489,2026-09-15T07:03:00
ORD_BULK_02396,DISH_BULK_0780,CUST_02036,2026-09-17T13:31:00
ORD_BULK_02397,DISH_BULK_0262,CUST_03443,2026-09-16T10:19:00
ORD_BULK_02398,DISH_BULK_0830,CUST_01178,2026-09-13T08:24:00
ORD_BULK_02399,DISH_BULK_0148,CUST_01218,2026-09-16T20:36:00
ORD_BULK_02400,DISH_BULK_1600,CUST_03296,2026-09-12T21:40:00
ORD_BULK_02401,DISH_BULK_2512,CUST_03043,2026-09-11T09:06:00
ORD_BULK_02402,DISH_BULK_2893,CUST_03458,2026-09-16T21:53:00
ORD_BULK_02403,DISH_BULK_0342,CUST_02425,2026-09-14T03:58:00
ORD_BULK_02404,DISH_BULK_1073,CUST_00276,2026-09-16T18:40:00
ORD_BULK_02405,DISH_BULK_2129,CUST_01947,2026-09-15T04:37:00
ORD_BULK_02406,DISH_BULK_0813,CUST_01423,2026-09-11T04:56:00
ORD_BULK_02407,DISH_BULK_2622,CUST_03375,2026-09-13T18:25:00
ORD_BULK_02408,DISH_BULK_2021,CUST_03294,2026-09-13T17:53:00
ORD_BULK_02409,DISH_BULK_1727,CUST_02718,2026-09-16T11:26:00
ORD_BULK_02410,DISH_BULK_1237,CUST_00820,2026-09-15T01:08:00
ORD_BULK_02411,DISH_BULK_1601,CUST_01030,2026-09-17T10:39:00
ORD_BULK_02412,DISH_BULK_2064,CUST_01857,2026-09-17T23:22:00
ORD_BULK_02413,DISH_BULK_2196,CUST_00740,2026-09-10T13:04:00
ORD_BULK_02414,DISH_BULK_2525,CUST_02881,2026-09-16T04:57:00
ORD_BULK_02415,DISH_BULK_0718,CUST_02363,2026-09-16T00:18:00
ORD_BULK_02416,DISH_BULK_0826,CUST_02707,2026-09-15T15:36:00
ORD_BULK_02417,DISH_BULK_1051,CUST_03839,2026-09-17T14:11:00
ORD_BULK_02418,DISH_BULK_2136,CUST_03314,2026-09-17T07:46:00
ORD_BULK_02419,DISH_BULK_1730,CUST_03829,2026-09-16T18:35:00
ORD_BULK_02420,DISH_BULK_2930,CUST_02568,2026-09-11T00:21:00
ORD_BULK_02421,DISH_BULK_2093,CUST_00822,2026-09-14T11:28:00
ORD_BULK_02422,DISH_BULK_1848,CUST_00606,2026-09-13T01:38:00
ORD_BULK_02423,DISH_BULK_0570,CUST_03058,2026-09-18T03:08:00
ORD_BULK_02424,DISH_BULK_1183,CUST_03458,2026-09-15T06:53:00
ORD_BULK_02425,DISH_BULK_1634,CUST_01306,2026-09-11T01:35:00
ORD_BULK_02426,DISH_BULK_2550,CUST_00834,2026-09-15T00:37:00
ORD_BULK_02427,DISH_BULK_1047,CUST_03374,2026-09-13T14:22:00
ORD_BULK_02428,DISH_BULK_2600,CUST_00658,2026-09-13T06:01:00
ORD_BULK_02429,DISH_BULK_2767,CUST_02463,2026-09-13T00:28:00
ORD_BULK_02430,DISH_BULK_1616,CUST_00977,2026-09-11T15:00:00
ORD_BULK_02431,DISH_BULK_0568,CUST_00787,2026-09-10T15:33:00
ORD_BULK_02432,DISH_BULK_0959,CUST_03265,2026-09-13T20:47:00
ORD_BULK_02433,DISH_BULK_1855,CUST_01989,2026-09-16T16:52:00
ORD_BULK_02434,DISH_BULK_1740,CUST_01729,2026-09-17T16:39:00
ORD_BULK_02435,DISH_BULK_0105,CUST_00828,2026-09-12T03:30:00
ORD_BULK_02436,DISH_BULK_1071,CUST_00559,2026-09-10T15:57:00
ORD_BULK_02437,DISH_BULK_1012,CUST_03235,2026-09-13T11:51:00
ORD_BULK_02438,DISH_BULK_2651,CUST_02256,2026-09-12T08:03:00
ORD_BULK_02439,DISH_BULK_2593,CUST_03492,2026-09-10T19:31:00
ORD_BULK_02440,DISH_BULK_2913,CUST_01991,2026-09-10T13:26:00
ORD_BULK_02441,DISH_BULK_0180,CUST_03521,2026-09-11T06:55:00
ORD_BULK_02442,DISH_BULK_1239,CUST_02465,2026-09-13T17:22:00
ORD_BULK_02443,DISH_BULK_0214,CUST_03689,2026-09-14T23:08:00
ORD_BULK_02444,DISH_BULK_1442,CUST_02752,2026-09-17T19:31:00
ORD_BULK_02445,DISH_BULK_0323,CUST_01626,2026-09-18T13:45:00
ORD_BULK_02446,DISH_BULK_0529,CUST_00967,2026-09-11T14:33:00
ORD_BULK_02447,DISH_BULK_2292,CUST_03009,2026-09-16T00:36:00
ORD_BULK_02448,DISH_BULK_0448,CUST_02138,2026-09-17T21:22:00
ORD_BULK_02449,DISH_BULK_2331,CUST_03890,2026-09-16T07:25:00
ORD_BULK_02450,DISH_BULK_0985,CUST_02034,2026-09-11T08:38:00
ORD_BULK_02451,DISH_BULK_0929,CUST_02457,2026-09-11T17:23:00
ORD_BULK_02452,DISH_BULK_1237,CUST_01349,2026-09-16T23:33:00
ORD_BULK_02453,DISH_BULK_1551,CUST_03301,2026-09-13T00:25:00
ORD_BULK_02454,DISH_BULK_1686,CUST_00893,2026-09-11T23:23:00
ORD_BULK_02455,DISH_BULK_0391,CUST_00718,2026-09-12T18:27:00
ORD_BULK_02456,DISH_BULK_1078,CUST_01801,2026-09-14T23:30:00
ORD_BULK_02457,DISH_BULK_0995,CUST_03535,2026-09-17T00:58:00
ORD_BULK_02458,DISH_BULK_0183,CUST_02009,2026-09-16T09:40:00
ORD_BULK_02459,DISH_BULK_1488,CUST_02866,2026-09-11T14:50:00
ORD_BULK_02460,DISH_BULK_1250,CUST_02236,2026-09-15T03:43:00
ORD_BULK_02461,DISH_BULK_1899,CUST_02797,2026-09-13T03:16:00
ORD_BULK_02462,DISH_BULK_1091,CUST_03603,2026-09-11T23:34:00
ORD_BULK_02463,DISH_BULK_1440,CUST_01947,2026-09-18T11:25:00
ORD_BULK_02464,DISH_BULK_1460,CUST_03365,2026-09-13T20:09:00
ORD_BULK_02465,DISH_BULK_0040,CUST_02644,2026-09-17T05:25:00
ORD_BULK_02466,DISH_BULK_0096,CUST_03447,2026-09-17T20:49:00
ORD_BULK_02467,DISH_BULK_0177,CUST_02830,2026-09-17T23:23:00
ORD_BULK_02468,DISH_BULK_0935,CUST_01037,2026-09-16T14:55:00
ORD_BULK_02469,DISH_BULK_1529,CUST_01267,2026-09-17T14:28:00
ORD_BULK_02470,DISH_BULK_2823,CUST_01487,2026-09-18T03:07:00
ORD_BULK_02471,DISH_BULK_0453,CUST_02191,2026-09-13T00:32:00
ORD_BULK_02472,DISH_BULK_1766,CUST_01592,2026-09-10T10:08:00
ORD_BULK_02473,DISH_BULK_1563,CUST_03800,2026-09-13T05:46:00
ORD_BULK_02474,DISH_BULK_1186,CUST_00370,2026-09-13T00:17:00
ORD_BULK_02475,DISH_BULK_1172,CUST_00862,2026-09-12T03:45:00
ORD_BULK_02476,DISH_BULK_1751,CUST_02587,2026-09-13T22:36:00
ORD_BULK_02477,DISH_BULK_2593,CUST_01665,2026-09-10T17:15:00
ORD_BULK_02478,DISH_BULK_1076,CUST_03549,2026-09-11T05:52:00
ORD_BULK_02479,DISH_BULK_1967,CUST_01930,2026-09-15T00:45:00
ORD_BULK_02480,DISH_BULK_1316,CUST_02939,2026-09-15T03:20:00
ORD_BULK_02481,DISH_BULK_0365,CUST_03377,2026-09-12T03:47:00
ORD_BULK_02482,DISH_BULK_2814,CUST_01069,2026-09-16T02:15:00
ORD_BULK_02483,DISH_BULK_0225,CUST_01442,2026-09-15T02:55:00
ORD_BULK_02484,DISH_BULK_2420,CUST_02987,2026-09-16T13:33:00
ORD_BULK_02485,DISH_BULK_1292,CUST_01857,2026-09-18T05:50:00
ORD_BULK_02486,DISH_BULK_0066,CUST_03122,2026-09-10T22:13:00
ORD_BULK_02487,DISH_BULK_2581,CUST_02628,2026-09-12T10:10:00
ORD_BULK_02488,DISH_BULK_2535,CUST_01817,2026-09-17T15:03:00
ORD_BULK_02489,DISH_BULK_0511,CUST_00013,2026-09-14T21:24:00
ORD_BULK_02490,DISH_BULK_0773,CUST_02574,2026-09-13T19:26:00
ORD_BULK_02491,DISH_BULK_1239,CUST_02359,2026-09-11T06:27:00
ORD_BULK_02492,DISH_BULK_0407,CUST_00647,2026-09-13T04:09:00
ORD_BULK_02493,DISH_BULK_2069,CUST_02923,2026-09-17T17:16:00
ORD_BULK_02494,DISH_BULK_0486,CUST_03470,2026-09-17T02:12:00
ORD_BULK_02495,DISH_BULK_2762,CUST_01681,2026-09-13T23:13:00
ORD_BULK_02496,DISH_BULK_1803,CUST_01960,2026-09-11T20:27:00
ORD_BULK_02497,DISH_BULK_1021,CUST_00711,2026-09-18T03:43:00
ORD_BULK_02498,DISH_BULK_2383,CUST_03387,2026-09-14T01:27:00
ORD_BULK_02499,DISH_BULK_1108,CUST_00814,2026-09-11T07:02:00
ORD_BULK_02500,DISH_BULK_1651,CUST_01506,2026-09-12T09:40:00
ORD_BULK_02501,DISH_BULK_1565,CUST_03590,2026-09-14T15:02:00
ORD_BULK_02502,DISH_BULK_2290,CUST_00920,2026-09-10T13:39:00
ORD_BULK_02503,DISH_BULK_0048,CUST_03782,2026-09-16T16:30:00
ORD_BULK_02504,DISH_BULK_2604,CUST_02507,2026-09-17T11:06:00
ORD_BULK_02505,DISH_BULK_0890,CUST_03715,2026-09-11T08:17:00
ORD_BULK_02506,DISH_BULK_1848,CUST_00813,2026-09-13T07:29:00
ORD_BULK_02507,DISH_BULK_2826,CUST_03490,2026-09-12T06:04:00
ORD_BULK_02508,DISH_BULK_0157,CUST_01643,2026-09-17T08:45:00
ORD_BULK_02509,DISH_BULK_1710,CUST_02460,2026-09-13T07:02:00
ORD_BULK_02510,DISH_BULK_0565,CUST_00365,2026-09-14T12:28:00
ORD_BULK_02511,DISH_BULK_0650,CUST_03880,2026-09-16T18:53:00
ORD_BULK_02512,DISH_BULK_0434,CUST_00058,2026-09-18T12:13:00
ORD_BULK_02513,DISH_BULK_2107,CUST_01783,2026-09-15T11:53:00
ORD_BULK_02514,DISH_BULK_2713,CUST_02025,2026-09-11T16:21:00
ORD_BULK_02515,DISH_BULK_0873,CUST_02923,2026-09-12T15:28:00
ORD_BULK_02516,DISH_BULK_0734,CUST_03876,2026-09-13T08:41:00
ORD_BULK_02517,DISH_BULK_1133,CUST_03058,2026-09-15T22:56:00
ORD_BULK_02518,DISH_BULK_1518,CUST_00534,2026-09-15T05:46:00
ORD_BULK_02519,DISH_BULK_0800,CUST_02458,2026-09-12T18:51:00
ORD_BULK_02520,DISH_BULK_1113,CUST_02977,2026-09-18T00:55:00
ORD_BULK_02521,DISH_BULK_0729,CUST_01714,2026-09-12T09:15:00
ORD_BULK_02522,DISH_BULK_1627,CUST_03246,2026-09-11T23:51:00
ORD_BULK_02523,DISH_BULK_0071,CUST_01189,2026-09-13T07:29:00
ORD_BULK_02524,DISH_BULK_0918,CUST_02531,2026-09-15T11:08:00
ORD_BULK_02525,DISH_BULK_0971,CUST_01515,2026-09-16T23:10:00
ORD_BULK_02526,DISH_BULK_2756,CUST_02652,2026-09-15T13:06:00
ORD_BULK_02527,DISH_BULK_0305,CUST_00043,2026-09-15T16:02:00
ORD_BULK_02528,DISH_BULK_0499,CUST_03570,2026-09-14T00:16:00
ORD_BULK_02529,DISH_BULK_2792,CUST_01629,2026-09-18T03:33:00
ORD_BULK_02530,DISH_BULK_0823,CUST_02922,2026-09-14T16:43:00
ORD_BULK_02531,DISH_BULK_2855,CUST_01734,2026-09-17T03:04:00
ORD_BULK_02532,DISH_BULK_1003,CUST_00300,2026-09-11T10:01:00
ORD_BULK_02533,DISH_BULK_2235,CUST_00241,2026-09-10T22:13:00
ORD_BULK_02534,DISH_BULK_1317,CUST_03814,2026-09-13T00:07:00
ORD_BULK_02535,DISH_BULK_1882,CUST_03721,2026-09-14T08:44:00
ORD_BULK_02536,DISH_BULK_2437,CUST_03848,2026-09-17T23:10:00
ORD_BULK_02537,DISH_BULK_2404,CUST_02907,2026-09-10T20:25:00
ORD_BULK_02538,DISH_PNR_022,CUST_01039,2026-09-16T01:46:00
ORD_BULK_02539,DISH_BULK_2492,CUST_01561,2026-09-13T18:36:00
ORD_BULK_02540,DISH_BULK_1570,CUST_02750,2026-09-14T13:16:00
ORD_BULK_02541,DISH_BULK_0495,CUST_03966,2026-09-16T16:47:00
ORD_BULK_02542,DISH_BULK_0122,CUST_02378,2026-09-12T08:58:00
ORD_BULK_02543,DISH_BULK_1020,CUST_00696,2026-09-16T01:33:00
ORD_BULK_02544,DISH_BULK_1972,CUST_03811,2026-09-14T04:37:00
ORD_BULK_02545,DISH_BULK_1871,CUST_00541,2026-09-11T08:28:00
ORD_BULK_02546,DISH_BULK_1253,CUST_02910,2026-09-16T08:50:00
ORD_BULK_02547,DISH_BULK_1727,CUST_00581,2026-09-13T07:06:00
ORD_BULK_02548,DISH_BULK_0432,CUST_01284,2026-09-10T20:03:00
ORD_BULK_02549,DISH_BULK_0477,CUST_02045,2026-09-13T12:43:00
ORD_BULK_02550,DISH_BULK_1430,CUST_03794,2026-09-15T05:26:00
ORD_BULK_02551,DISH_BULK_1112,CUST_03698,2026-09-13T07:52:00
ORD_BULK_02552,DISH_BULK_2464,CUST_03398,2026-09-13T08:01:00
ORD_BULK_02553,DISH_BULK_2071,CUST_01283,2026-09-15T06:59:00
ORD_BULK_02554,DISH_BULK_0629,CUST_01293,2026-09-15T22:09:00
ORD_BULK_02555,DISH_BULK_0573,CUST_02277,2026-09-17T19:31:00
ORD_BULK_02556,DISH_BULK_2561,CUST_03270,2026-09-15T08:08:00
ORD_BULK_02557,DISH_BULK_0171,CUST_00774,2026-09-12T00:35:00
ORD_BULK_02558,DISH_BULK_0177,CUST_00942,2026-09-12T10:00:00
ORD_BULK_02559,DISH_BULK_0100,CUST_01927,2026-09-13T07:03:00
ORD_BULK_02560,DISH_BULK_0623,CUST_02892,2026-09-15T15:33:00
ORD_BULK_02561,DISH_BULK_1741,CUST_00476,2026-09-15T23:08:00
ORD_BULK_02562,DISH_BULK_0121,CUST_01809,2026-09-14T09:21:00
ORD_BULK_02563,DISH_BULK_2858,CUST_02298,2026-09-15T20:29:00
ORD_BULK_02564,DISH_BULK_1828,CUST_02020,2026-09-11T14:43:00
ORD_BULK_02565,DISH_BULK_2902,CUST_03551,2026-09-12T00:25:00
ORD_BULK_02566,DISH_BULK_0460,CUST_01432,2026-09-11T09:33:00
ORD_BULK_02567,DISH_BULK_0788,CUST_03557,2026-09-13T13:34:00
ORD_BULK_02568,DISH_BULK_0693,CUST_03420,2026-09-12T05:57:00
ORD_BULK_02569,DISH_BULK_2037,CUST_03370,2026-09-13T10:29:00
ORD_BULK_02570,DISH_BULK_2261,CUST_03650,2026-09-17T21:04:00
ORD_BULK_02571,DISH_BULK_2352,CUST_00870,2026-09-16T23:20:00
ORD_BULK_02572,DISH_PNR_017,CUST_02155,2026-09-16T19:51:00
ORD_BULK_02573,DISH_BULK_0693,CUST_01706,2026-09-11T04:58:00
ORD_BULK_02574,DISH_BULK_0962,CUST_03147,2026-09-16T00:01:00
ORD_BULK_02575,DISH_BULK_2726,CUST_00387,2026-09-14T01:44:00
ORD_BULK_02576,DISH_BULK_0060,CUST_01165,2026-09-18T02:02:00
ORD_BULK_02577,DISH_BULK_2741,CUST_00500,2026-09-14T19:38:00
ORD_BULK_02578,DISH_BULK_1484,CUST_02419,2026-09-11T12:57:00
ORD_BULK_02579,DISH_BULK_1279,CUST_00630,2026-09-10T15:53:00
ORD_BULK_02580,DISH_BULK_0286,CUST_01886,2026-09-18T09:15:00
ORD_BULK_02581,DISH_BULK_2655,CUST_01966,2026-09-15T11:59:00
ORD_BULK_02582,DISH_BULK_2527,CUST_03913,2026-09-13T09:32:00
ORD_BULK_02583,DISH_BULK_2387,CUST_02696,2026-09-10T09:35:00
ORD_BULK_02584,DISH_BULK_1303,CUST_03973,2026-09-10T19:58:00
ORD_BULK_02585,DISH_BULK_2641,CUST_02550,2026-09-15T11:43:00
ORD_BULK_02586,DISH_BULK_1284,CUST_03881,2026-09-18T15:45:00
ORD_BULK_02587,DISH_BULK_2285,CUST_00530,2026-09-12T17:43:00
ORD_BULK_02588,DISH_BULK_0153,CUST_03284,2026-09-17T15:45:00
ORD_BULK_02589,DISH_BULK_1112,CUST_01324,2026-09-10T23:09:00
ORD_BULK_02590,DISH_BULK_0243,CUST_02242,2026-09-17T04:27:00
ORD_BULK_02591,DISH_BULK_1516,CUST_00380,2026-09-14T20:54:00
ORD_BULK_02592,DISH_BULK_0999,CUST_00730,2026-09-13T01:33:00
ORD_BULK_02593,DISH_BULK_1587,CUST_00366,2026-09-10T13:36:00
ORD_BULK_02594,DISH_BULK_0806,CUST_00668,2026-09-14T18:05:00
ORD_BULK_02595,DISH_BULK_1602,CUST_01168,2026-09-17T16:43:00
ORD_BULK_02596,DISH_BULK_2633,CUST_00632,2026-09-11T16:55:00
ORD_BULK_02597,DISH_BULK_1176,CUST_02011,2026-09-15T06:03:00
ORD_BULK_02598,DISH_BULK_1224,CUST_03702,2026-09-18T03:02:00
ORD_BULK_02599,DISH_BULK_2425,CUST_00538,2026-09-14T10:02:00
ORD_BULK_02600,DISH_BULK_2679,CUST_00394,2026-09-14T12:20:00
ORD_BULK_02601,DISH_BULK_2053,CUST_00819,2026-09-15T21:41:00
ORD_BULK_02602,DISH_BULK_1778,CUST_03627,2026-09-14T17:58:00
ORD_BULK_02603,DISH_BULK_1905,CUST_01100,2026-09-16T17:45:00
ORD_BULK_02604,DISH_BULK_2412,CUST_01733,2026-09-11T08:38:00
ORD_BULK_02605,DISH_BULK_1684,CUST_03322,2026-09-14T12:33:00
ORD_BULK_02606,DISH_BULK_2468,CUST_00764,2026-09-15T06:32:00
ORD_BULK_02607,DISH_BULK_2537,CUST_01745,2026-09-11T09:22:00
ORD_BULK_02608,DISH_BULK_0119,CUST_02103,2026-09-14T05:19:00
ORD_BULK_02609,DISH_BULK_1852,CUST_02771,2026-09-12T21:13:00
ORD_BULK_02610,DISH_BULK_2606,CUST_02811,2026-09-18T10:52:00
ORD_BULK_02611,DISH_BULK_0589,CUST_03813,2026-09-15T23:15:00
ORD_BULK_02612,DISH_BULK_2113,CUST_02579,2026-09-17T16:44:00
ORD_BULK_02613,DISH_BULK_2103,CUST_00344,2026-09-13T15:22:00
ORD_BULK_02614,DISH_BULK_1871,CUST_01792,2026-09-11T05:37:00
ORD_BULK_02615,DISH_BULK_1910,CUST_01231,2026-09-12T00:34:00
ORD_BULK_02616,DISH_BULK_0477,CUST_02803,2026-09-13T18:01:00
ORD_BULK_02617,DISH_BULK_0972,CUST_02143,2026-09-15T04:47:00
ORD_BULK_02618,DISH_BULK_1164,CUST_02329,2026-09-10T21:01:00
ORD_BULK_02619,DISH_BULK_2210,CUST_00314,2026-09-10T20:18:00
ORD_BULK_02620,DISH_BULK_2056,CUST_00441,2026-09-16T03:26:00
ORD_BULK_02621,DISH_BULK_1694,CUST_01692,2026-09-11T09:48:00
ORD_BULK_02622,DISH_BULK_1857,CUST_02707,2026-09-18T12:41:00
ORD_BULK_02623,DISH_BULK_2282,CUST_03330,2026-09-13T05:11:00
ORD_BULK_02624,DISH_BULK_1409,CUST_01044,2026-09-16T23:53:00
ORD_BULK_02625,DISH_BULK_0288,CUST_03149,2026-09-16T01:28:00
ORD_BULK_02626,DISH_BULK_0020,CUST_00467,2026-09-17T20:39:00
ORD_BULK_02627,DISH_BULK_1849,CUST_00736,2026-09-12T09:45:00
ORD_BULK_02628,DISH_BULK_1563,CUST_00186,2026-09-11T06:44:00
ORD_BULK_02629,DISH_BULK_1658,CUST_03592,2026-09-18T08:20:00
ORD_BULK_02630,DISH_BULK_1173,CUST_01286,2026-09-17T00:20:00
ORD_BULK_02631,DISH_BULK_2919,CUST_01864,2026-09-17T23:01:00
ORD_BULK_02632,DISH_BULK_1796,CUST_02556,2026-09-13T08:22:00
ORD_BULK_02633,DISH_BULK_1352,CUST_03960,2026-09-12T11:06:00
ORD_BULK_02634,DISH_BULK_0818,CUST_00759,2026-09-11T05:21:00
ORD_BULK_02635,DISH_BULK_2428,CUST_01063,2026-09-17T23:53:00
ORD_BULK_02636,DISH_BULK_0389,CUST_01777,2026-09-16T09:55:00
ORD_BULK_02637,DISH_BULK_0027,CUST_00024,2026-09-14T19:50:00
ORD_BULK_02638,DISH_BULK_0431,CUST_00055,2026-09-12T06:53:00
ORD_BULK_02639,DISH_BULK_2640,CUST_01955,2026-09-15T13:39:00
ORD_BULK_02640,DISH_BULK_2787,CUST_01660,2026-09-17T19:36:00
ORD_BULK_02641,DISH_BULK_2419,CUST_02974,2026-09-15T20:54:00
ORD_BULK_02642,DISH_BULK_1194,CUST_02534,2026-09-17T08:24:00
ORD_BULK_02643,DISH_BULK_1431,CUST_02829,2026-09-17T23:59:00
ORD_BULK_02644,DISH_BULK_2781,CUST_02766,2026-09-14T19:51:00
ORD_BULK_02645,DISH_BULK_1193,CUST_00359,2026-09-11T18:09:00
ORD_BULK_02646,DISH_BULK_0507,CUST_00057,2026-09-12T12:06:00
ORD_BULK_02647,DISH_BULK_0412,CUST_03343,2026-09-10T12:20:00
ORD_BULK_02648,DISH_BULK_2804,CUST_03976,2026-09-12T11:23:00
ORD_BULK_02649,DISH_BULK_0063,CUST_00858,2026-09-15T19:22:00
ORD_BULK_02650,DISH_BULK_2610,CUST_00595,2026-09-17T17:25:00
ORD_BULK_02651,DISH_BULK_0944,CUST_01785,2026-09-17T10:57:00
ORD_BULK_02652,DISH_BULK_2160,CUST_00782,2026-09-11T07:30:00
ORD_BULK_02653,DISH_BULK_1186,CUST_03153,2026-09-15T14:32:00
ORD_BULK_02654,DISH_BULK_0560,CUST_01942,2026-09-15T03:12:00
ORD_BULK_02655,DISH_BULK_0043,CUST_00478,2026-09-12T05:21:00
ORD_BULK_02656,DISH_BULK_0578,CUST_03027,2026-09-18T07:51:00
ORD_BULK_02657,DISH_BULK_1777,CUST_03948,2026-09-15T20:27:00
ORD_BULK_02658,DISH_BULK_1885,CUST_00081,2026-09-15T10:44:00
ORD_BULK_02659,DISH_BULK_2351,CUST_00994,2026-09-12T14:58:00
ORD_BULK_02660,DISH_BULK_1161,CUST_02333,2026-09-14T18:58:00
ORD_BULK_02661,DISH_BULK_0162,CUST_01368,2026-09-10T10:09:00
ORD_BULK_02662,DISH_BULK_0374,CUST_02583,2026-09-18T10:43:00
ORD_BULK_02663,DISH_BULK_1722,CUST_01703,2026-09-15T23:21:00
ORD_BULK_02664,DISH_BULK_2324,CUST_02441,2026-09-18T15:37:00
ORD_BULK_02665,DISH_BULK_2224,CUST_01192,2026-09-10T18:06:00
ORD_BULK_02666,DISH_BULK_1950,CUST_01638,2026-09-15T20:44:00
ORD_BULK_02667,DISH_BULK_2056,CUST_02421,2026-09-18T13:52:00
ORD_BULK_02668,DISH_BULK_2458,CUST_03831,2026-09-18T01:19:00
ORD_BULK_02669,DISH_BULK_1952,CUST_00950,2026-09-18T11:02:00
ORD_BULK_02670,DISH_BULK_0202,CUST_02164,2026-09-10T13:11:00
ORD_BULK_02671,DISH_BULK_1682,CUST_02361,2026-09-13T22:14:00
ORD_BULK_02672,DISH_BULK_2220,CUST_00261,2026-09-13T09:08:00
ORD_BULK_02673,DISH_BULK_2609,CUST_01709,2026-09-15T17:15:00
ORD_BULK_02674,DISH_BULK_0432,CUST_02027,2026-09-17T10:02:00
ORD_BULK_02675,DISH_BULK_2600,CUST_01421,2026-09-15T10:25:00
ORD_BULK_02676,DISH_BULK_2811,CUST_01787,2026-09-10T13:40:00
ORD_BULK_02677,DISH_BULK_0614,CUST_01180,2026-09-18T14:18:00
ORD_BULK_02678,DISH_BULK_0741,CUST_01923,2026-09-14T05:53:00
ORD_BULK_02679,DISH_BULK_1748,CUST_00951,2026-09-16T02:37:00
ORD_BULK_02680,DISH_BULK_0853,CUST_02408,2026-09-18T03:02:00
ORD_BULK_02681,DISH_BULK_1343,CUST_03776,2026-09-17T04:24:00
ORD_BULK_02682,DISH_BULK_2883,CUST_02691,2026-09-15T15:55:00
ORD_BULK_02683,DISH_BULK_0491,CUST_03618,2026-09-13T16:06:00
ORD_BULK_02684,DISH_BULK_2915,CUST_02914,2026-09-14T18:35:00
ORD_BULK_02685,DISH_BULK_1661,CUST_03413,2026-09-17T23:48:00
ORD_BULK_02686,DISH_BULK_2626,CUST_03009,2026-09-14T10:22:00
ORD_BULK_02687,DISH_BULK_1888,CUST_03276,2026-09-12T04:14:00
ORD_BULK_02688,DISH_BULK_2501,CUST_00849,2026-09-13T13:07:00
ORD_BULK_02689,DISH_BULK_2783,CUST_03069,2026-09-11T07:32:00
ORD_BULK_02690,DISH_BULK_2686,CUST_01978,2026-09-11T19:15:00
ORD_BULK_02691,DISH_BULK_0663,CUST_00818,2026-09-12T02:41:00
ORD_BULK_02692,DISH_BULK_2435,CUST_02016,2026-09-11T11:33:00
ORD_BULK_02693,DISH_BULK_1657,CUST_03863,2026-09-15T22:49:00
ORD_BULK_02694,DISH_BULK_1197,CUST_00962,2026-09-12T17:11:00
ORD_BULK_02695,DISH_BULK_2234,CUST_00193,2026-09-10T12:57:00
ORD_BULK_02696,DISH_BULK_1423,CUST_03609,2026-09-13T07:13:00
ORD_BULK_02697,DISH_BULK_1416,CUST_02773,2026-09-12T03:18:00
ORD_BULK_02698,DISH_BULK_0669,CUST_03392,2026-09-16T01:28:00
ORD_BULK_02699,DISH_BULK_0084,CUST_03305,2026-09-11T01:23:00
ORD_BULK_02700,DISH_BULK_1337,CUST_01764,2026-09-11T15:07:00
ORD_BULK_02701,DISH_BULK_2483,CUST_00929,2026-09-11T16:57:00
ORD_BULK_02702,DISH_BULK_2255,CUST_00918,2026-09-15T20:48:00
ORD_BULK_02703,DISH_BULK_1010,CUST_01394,2026-09-14T09:00:00
ORD_BULK_02704,DISH_BULK_0145,CUST_03155,2026-09-16T16:06:00
ORD_BULK_02705,DISH_BULK_1049,CUST_03672,2026-09-12T01:16:00
ORD_BULK_02706,DISH_BULK_2780,CUST_03579,2026-09-16T04:44:00
ORD_BULK_02707,DISH_BULK_2429,CUST_02743,2026-09-11T12:26:00
ORD_BULK_02708,DISH_BULK_2847,CUST_00207,2026-09-15T07:33:00
ORD_BULK_02709,DISH_BULK_1826,CUST_03944,2026-09-11T14:17:00
ORD_BULK_02710,DISH_BULK_0387,CUST_03202,2026-09-17T06:43:00
ORD_BULK_02711,DISH_BULK_2451,CUST_03204,2026-09-11T11:49:00
ORD_BULK_02712,DISH_BULK_2257,CUST_00172,2026-09-16T02:31:00
ORD_BULK_02713,DISH_BULK_0385,CUST_00685,2026-09-17T12:00:00
ORD_BULK_02714,DISH_BULK_0437,CUST_03568,2026-09-12T16:05:00
ORD_BULK_02715,DISH_BULK_1435,CUST_00644,2026-09-18T14:53:00
ORD_BULK_02716,DISH_BULK_1150,CUST_02901,2026-09-15T08:33:00
ORD_BULK_02717,DISH_BULK_2026,CUST_02042,2026-09-11T11:06:00
ORD_BULK_02718,DISH_BULK_0585,CUST_02651,2026-09-14T11:19:00
ORD_BULK_02719,DISH_BULK_1324,CUST_03356,2026-09-11T21:37:00
ORD_BULK_02720,DISH_BULK_0457,CUST_03476,2026-09-12T15:07:00
ORD_BULK_02721,DISH_BULK_1752,CUST_03972,2026-09-15T01:31:00
ORD_BULK_02722,DISH_PNR_027,CUST_01005,2026-09-15T17:20:00
ORD_BULK_02723,DISH_BULK_1352,CUST_01175,2026-09-16T01:54:00
ORD_BULK_02724,DISH_BULK_0655,CUST_00350,2026-09-13T08:38:00
ORD_BULK_02725,DISH_BULK_1479,CUST_02930,2026-09-15T01:19:00
ORD_BULK_02726,DISH_BULK_1431,CUST_02579,2026-09-17T21:35:00
ORD_BULK_02727,DISH_BULK_0959,CUST_00621,2026-09-16T08:37:00
ORD_BULK_02728,DISH_BULK_1681,CUST_03225,2026-09-12T22:18:00
ORD_BULK_02729,DISH_BULK_0519,CUST_03285,2026-09-15T05:05:00
ORD_BULK_02730,DISH_BULK_1647,CUST_03761,2026-09-14T23:46:00
ORD_BULK_02731,DISH_BULK_1833,CUST_03899,2026-09-16T04:56:00
ORD_BULK_02732,DISH_BULK_2748,CUST_01482,2026-09-10T16:07:00
ORD_BULK_02733,DISH_BULK_1766,CUST_00597,2026-09-10T10:42:00
ORD_BULK_02734,DISH_BULK_2893,CUST_03303,2026-09-16T05:16:00
ORD_BULK_02735,DISH_BULK_0239,CUST_00348,2026-09-14T04:22:00
ORD_BULK_02736,DISH_BULK_1243,CUST_01646,2026-09-12T04:52:00
ORD_BULK_02737,DISH_BULK_1731,CUST_00252,2026-09-14T19:23:00
ORD_BULK_02738,DISH_BULK_0105,CUST_02705,2026-09-17T15:09:00
ORD_BULK_02739,DISH_BULK_0572,CUST_03697,2026-09-16T20:53:00
ORD_BULK_02740,DISH_BULK_0190,CUST_02588,2026-09-18T10:47:00
ORD_BULK_02741,DISH_BULK_2658,CUST_03588,2026-09-16T05:56:00
ORD_BULK_02742,DISH_BULK_1165,CUST_01718,2026-09-14T21:46:00
ORD_BULK_02743,DISH_BULK_2742,CUST_02871,2026-09-16T15:10:00
ORD_BULK_02744,DISH_BULK_1200,CUST_02956,2026-09-13T21:39:00
ORD_BULK_02745,DISH_BULK_1363,CUST_00033,2026-09-13T12:23:00
ORD_BULK_02746,DISH_BULK_2115,CUST_02501,2026-09-12T00:06:00
ORD_BULK_02747,DISH_BULK_2822,CUST_01655,2026-09-15T09:50:00
ORD_BULK_02748,DISH_BULK_2591,CUST_00841,2026-09-16T12:39:00
ORD_BULK_02749,DISH_BULK_2511,CUST_03230,2026-09-17T08:48:00
ORD_BULK_02750,DISH_BULK_2624,CUST_01812,2026-09-18T06:27:00
ORD_BULK_02751,DISH_BULK_1368,CUST_03636,2026-09-17T17:09:00
ORD_BULK_02752,DISH_BULK_1610,CUST_03177,2026-09-12T13:52:00
ORD_BULK_02753,DISH_BULK_1189,CUST_00346,2026-09-10T18:05:00
ORD_BULK_02754,DISH_BULK_2155,CUST_01371,2026-09-14T18:29:00
ORD_BULK_02755,DISH_BULK_2924,CUST_02945,2026-09-11T18:24:00
ORD_BULK_02756,DISH_BULK_2085,CUST_02216,2026-09-13T13:31:00
ORD_BULK_02757,DISH_BULK_0829,CUST_00381,2026-09-16T03:43:00
ORD_BULK_02758,DISH_BULK_2214,CUST_01279,2026-09-16T06:21:00
ORD_BULK_02759,DISH_BULK_1349,CUST_03101,2026-09-17T13:35:00
ORD_BULK_02760,DISH_BULK_0609,CUST_00096,2026-09-10T15:36:00
ORD_BULK_02761,DISH_BULK_2165,CUST_02427,2026-09-13T06:38:00
ORD_BULK_02762,DISH_BULK_0942,CUST_03409,2026-09-13T18:59:00
ORD_BULK_02763,DISH_BULK_2929,CUST_01732,2026-09-16T01:58:00
ORD_BULK_02764,DISH_BULK_0406,CUST_02999,2026-09-11T00:22:00
ORD_BULK_02765,DISH_BULK_1481,CUST_01064,2026-09-17T11:12:00
ORD_BULK_02766,DISH_BULK_2032,CUST_01452,2026-09-11T17:48:00
ORD_BULK_02767,DISH_BULK_0149,CUST_03099,2026-09-17T17:45:00
ORD_BULK_02768,DISH_BULK_0464,CUST_01839,2026-09-13T17:21:00
ORD_BULK_02769,DISH_BULK_2298,CUST_03019,2026-09-10T09:25:00
ORD_BULK_02770,DISH_BULK_1810,CUST_01389,2026-09-13T00:28:00
ORD_BULK_02771,DISH_BULK_2336,CUST_02317,2026-09-18T11:08:00
ORD_BULK_02772,DISH_BULK_2525,CUST_02726,2026-09-16T09:37:00
ORD_BULK_02773,DISH_BULK_2393,CUST_00958,2026-09-14T07:39:00
ORD_BULK_02774,DISH_BULK_1179,CUST_01166,2026-09-17T22:06:00
ORD_BULK_02775,DISH_BULK_2882,CUST_02347,2026-09-17T23:37:00
ORD_BULK_02776,DISH_BULK_0527,CUST_02926,2026-09-14T15:07:00
ORD_BULK_02777,DISH_BULK_2082,CUST_03021,2026-09-13T03:37:00
ORD_BULK_02778,DISH_BULK_0385,CUST_01343,2026-09-16T05:01:00
ORD_BULK_02779,DISH_BULK_2339,CUST_00789,2026-09-14T10:39:00
ORD_BULK_02780,DISH_BULK_1814,CUST_00402,2026-09-12T00:01:00
ORD_BULK_02781,DISH_BULK_2868,CUST_01744,2026-09-15T00:31:00
ORD_BULK_02782,DISH_BULK_0289,CUST_00378,2026-09-11T00:58:00
ORD_BULK_02783,DISH_BULK_1694,CUST_03640,2026-09-11T19:30:00
ORD_BULK_02784,DISH_BULK_1904,CUST_00880,2026-09-15T09:49:00
ORD_BULK_02785,DISH_BULK_0273,CUST_01513,2026-09-18T00:49:00
ORD_BULK_02786,DISH_BULK_2109,CUST_01650,2026-09-17T00:37:00
ORD_BULK_02787,DISH_BULK_2243,CUST_02126,2026-09-14T19:48:00
ORD_BULK_02788,DISH_BULK_1034,CUST_02394,2026-09-16T00:12:00
ORD_BULK_02789,DISH_BULK_2560,CUST_01735,2026-09-15T08:10:00
ORD_BULK_02790,DISH_BULK_2776,CUST_03814,2026-09-15T21:40:00
ORD_BULK_02791,DISH_BULK_2951,CUST_03987,2026-09-15T01:50:00
ORD_BULK_02792,DISH_BULK_0621,CUST_00592,2026-09-16T02:06:00
ORD_BULK_02793,DISH_BULK_0474,CUST_01986,2026-09-18T10:11:00
ORD_BULK_02794,DISH_BULK_1828,CUST_00530,2026-09-18T08:22:00
ORD_BULK_02795,DISH_BULK_2056,CUST_03536,2026-09-16T08:29:00
ORD_BULK_02796,DISH_BULK_0437,CUST_02845,2026-09-12T18:03:00
ORD_BULK_02797,DISH_BULK_1819,CUST_01939,2026-09-10T16:54:00
ORD_BULK_02798,DISH_BULK_0596,CUST_03867,2026-09-16T16:39:00
ORD_BULK_02799,DISH_BULK_1466,CUST_03776,2026-09-11T16:25:00
ORD_BULK_02800,DISH_BULK_2418,CUST_03492,2026-09-14T23:34:00
ORD_BULK_02801,DISH_BULK_0405,CUST_00496,2026-09-14T12:55:00
ORD_BULK_02802,DISH_BULK_2295,CUST_01187,2026-09-10T18:59:00
ORD_BULK_02803,DISH_BULK_2095,CUST_00628,2026-09-11T16:09:00
ORD_BULK_02804,DISH_BULK_1475,CUST_01249,2026-09-14T14:15:00
ORD_BULK_02805,DISH_BULK_1196,CUST_01205,2026-09-15T20:41:00
ORD_BULK_02806,DISH_BULK_0068,CUST_03241,2026-09-11T23:00:00
ORD_BULK_02807,DISH_BULK_0536,CUST_03211,2026-09-17T01:00:00
ORD_BULK_02808,DISH_BULK_1681,CUST_00200,2026-09-13T19:19:00
ORD_BULK_02809,DISH_BULK_1115,CUST_00884,2026-09-12T09:59:00
ORD_BULK_02810,DISH_BULK_1956,CUST_00009,2026-09-11T17:24:00
ORD_BULK_02811,DISH_BULK_2196,CUST_01429,2026-09-11T02:26:00
ORD_BULK_02812,DISH_BULK_0137,CUST_01711,2026-09-15T19:23:00
ORD_BULK_02813,DISH_BULK_2301,CUST_01269,2026-09-16T18:29:00
ORD_BULK_02814,DISH_BULK_1806,CUST_03688,2026-09-14T04:14:00
ORD_BULK_02815,DISH_BULK_1499,CUST_01947,2026-09-18T12:37:00
ORD_BULK_02816,DISH_BULK_2434,CUST_00544,2026-09-11T21:49:00
ORD_BULK_02817,DISH_BULK_2021,CUST_02607,2026-09-15T13:51:00
ORD_BULK_02818,DISH_BULK_1796,CUST_02733,2026-09-15T10:37:00
ORD_BULK_02819,DISH_BULK_0564,CUST_03549,2026-09-18T14:45:00
ORD_BULK_02820,DISH_BULK_1286,CUST_00366,2026-09-17T10:36:00
ORD_BULK_02821,DISH_BULK_2675,CUST_02555,2026-09-14T23:51:00
ORD_BULK_02822,DISH_BULK_1540,CUST_00954,2026-09-14T19:58:00
ORD_BULK_02823,DISH_BULK_1342,CUST_02216,2026-09-10T20:30:00
ORD_BULK_02824,DISH_BULK_2700,CUST_03646,2026-09-15T08:59:00
ORD_BULK_02825,DISH_BULK_1090,CUST_02646,2026-09-11T08:10:00
ORD_BULK_02826,DISH_BULK_0632,CUST_02897,2026-09-10T14:46:00
ORD_BULK_02827,DISH_BULK_2296,CUST_02581,2026-09-18T09:10:00
ORD_BULK_02828,DISH_BULK_1219,CUST_02299,2026-09-17T16:10:00
ORD_BULK_02829,DISH_BULK_0461,CUST_02638,2026-09-16T16:44:00
ORD_BULK_02830,DISH_BULK_0302,CUST_00789,2026-09-17T08:56:00
ORD_BULK_02831,DISH_BULK_2173,CUST_02363,2026-09-10T22:26:00
ORD_BULK_02832,DISH_BULK_2289,CUST_02138,2026-09-12T11:43:00
ORD_BULK_02833,DISH_BULK_1903,CUST_02059,2026-09-10T13:05:00
ORD_BULK_02834,DISH_BULK_0446,CUST_02697,2026-09-16T09:13:00
ORD_BULK_02835,DISH_BULK_0690,CUST_03942,2026-09-10T13:10:00
ORD_BULK_02836,DISH_BULK_1080,CUST_03223,2026-09-12T16:11:00
ORD_BULK_02837,DISH_BULK_0958,CUST_03399,2026-09-18T08:40:00
ORD_BULK_02838,DISH_BULK_2327,CUST_01820,2026-09-11T07:06:00
ORD_BULK_02839,DISH_BULK_2139,CUST_02486,2026-09-13T23:29:00
ORD_BULK_02840,DISH_BULK_1599,CUST_02413,2026-09-10T20:17:00
ORD_BULK_02841,DISH_BULK_1967,CUST_03531,2026-09-10T14:21:00
ORD_BULK_02842,DISH_BULK_1346,CUST_01791,2026-09-12T09:17:00
ORD_BULK_02843,DISH_BULK_1653,CUST_00099,2026-09-16T08:09:00
ORD_BULK_02844,DISH_BULK_1253,CUST_01565,2026-09-13T06:13:00
ORD_BULK_02845,DISH_BULK_0326,CUST_00470,2026-09-11T11:07:00
ORD_BULK_02846,DISH_BULK_2173,CUST_00689,2026-09-13T13:55:00
ORD_BULK_02847,DISH_BULK_0543,CUST_00749,2026-09-13T05:47:00
ORD_BULK_02848,DISH_BULK_0321,CUST_00632,2026-09-13T19:46:00
ORD_BULK_02849,DISH_BULK_1622,CUST_02780,2026-09-12T06:12:00
ORD_BULK_02850,DISH_BULK_0195,CUST_02517,2026-09-14T00:49:00
ORD_BULK_02851,DISH_BULK_0697,CUST_00112,2026-09-18T10:46:00
ORD_BULK_02852,DISH_BULK_0193,CUST_01221,2026-09-14T18:28:00
ORD_BULK_02853,DISH_BULK_0358,CUST_01311,2026-09-11T22:54:00
ORD_BULK_02854,DISH_BULK_1644,CUST_03658,2026-09-14T00:31:00
ORD_BULK_02855,DISH_BULK_1010,CUST_01539,2026-09-11T17:01:00
ORD_BULK_02856,DISH_BULK_0166,CUST_00830,2026-09-13T01:25:00
ORD_BULK_02857,DISH_BULK_2399,CUST_02401,2026-09-13T00:34:00
ORD_BULK_02858,DISH_BULK_1973,CUST_02084,2026-09-16T01:44:00
ORD_BULK_02859,DISH_BULK_1531,CUST_03889,2026-09-11T15:25:00
ORD_BULK_02860,DISH_BULK_1057,CUST_00249,2026-09-13T22:55:00
ORD_BULK_02861,DISH_BULK_1857,CUST_02266,2026-09-14T23:09:00
ORD_BULK_02862,DISH_BULK_0222,CUST_01984,2026-09-10T15:53:00
ORD_BULK_02863,DISH_BULK_1623,CUST_02595,2026-09-12T23:49:00
ORD_BULK_02864,DISH_BULK_0030,CUST_01103,2026-09-16T15:17:00
ORD_BULK_02865,DISH_BULK_2354,CUST_02766,2026-09-11T11:43:00
ORD_BULK_02866,DISH_BULK_0962,CUST_03126,2026-09-16T15:28:00
ORD_BULK_02867,DISH_BULK_2622,CUST_03217,2026-09-11T18:17:00
ORD_BULK_02868,DISH_BULK_1201,CUST_02328,2026-09-14T23:04:00
ORD_BULK_02869,DISH_BULK_1780,CUST_00344,2026-09-17T13:36:00
ORD_BULK_02870,DISH_BULK_2003,CUST_00834,2026-09-11T22:52:00
ORD_BULK_02871,DISH_BULK_1483,CUST_02214,2026-09-12T05:55:00
ORD_BULK_02872,DISH_BULK_0958,CUST_02202,2026-09-15T03:42:00
ORD_BULK_02873,DISH_BULK_2227,CUST_01851,2026-09-10T19:24:00
ORD_BULK_02874,DISH_PNR_005,CUST_03329,2026-09-15T14:52:00
ORD_BULK_02875,DISH_BULK_2496,CUST_01185,2026-09-17T18:19:00
ORD_BULK_02876,DISH_BULK_0639,CUST_00003,2026-09-11T00:25:00
ORD_BULK_02877,DISH_BULK_1929,CUST_01120,2026-09-17T03:15:00
ORD_BULK_02878,DISH_BULK_0981,CUST_03439,2026-09-18T01:41:00
ORD_BULK_02879,DISH_BULK_1511,CUST_01440,2026-09-17T12:38:00
ORD_BULK_02880,DISH_BULK_0825,CUST_02397,2026-09-16T03:21:00
ORD_BULK_02881,DISH_BULK_1106,CUST_00187,2026-09-12T04:04:00
ORD_BULK_02882,DISH_BULK_2141,CUST_02307,2026-09-11T03:05:00
ORD_BULK_02883,DISH_BULK_1185,CUST_00368,2026-09-14T19:56:00
ORD_BULK_02884,DISH_BULK_2814,CUST_00504,2026-09-11T22:08:00
ORD_BULK_02885,DISH_BULK_2923,CUST_02280,2026-09-13T12:18:00
ORD_BULK_02886,DISH_BULK_1723,CUST_00864,2026-09-17T06:41:00
ORD_BULK_02887,DISH_BULK_2021,CUST_03922,2026-09-13T22:55:00
ORD_BULK_02888,DISH_BULK_2747,CUST_03873,2026-09-14T05:33:00
ORD_BULK_02889,DISH_BULK_2555,CUST_01071,2026-09-18T09:15:00
ORD_BULK_02890,DISH_BULK_1808,CUST_01119,2026-09-13T03:09:00
ORD_BULK_02891,DISH_BULK_2666,CUST_01318,2026-09-14T05:17:00
ORD_BULK_02892,DISH_BULK_0816,CUST_01884,2026-09-17T03:42:00
ORD_BULK_02893,DISH_BULK_1299,CUST_00066,2026-09-18T04:55:00
ORD_BULK_02894,DISH_BULK_0501,CUST_02648,2026-09-10T08:33:00
ORD_BULK_02895,DISH_BULK_2447,CUST_01952,2026-09-10T09:10:00
ORD_BULK_02896,DISH_PNR_040,CUST_02756,2026-09-12T07:23:00
ORD_BULK_02897,DISH_BULK_1646,CUST_02277,2026-09-18T06:11:00
ORD_BULK_02898,DISH_BULK_2834,CUST_02003,2026-09-14T19:15:00
ORD_BULK_02899,DISH_BULK_2158,CUST_00333,2026-09-17T17:14:00
ORD_BULK_02900,DISH_BULK_2621,CUST_00318,2026-09-16T11:05:00
ORD_BULK_02901,DISH_BULK_0080,CUST_03656,2026-09-17T23:23:00
ORD_BULK_02902,DISH_BULK_1777,CUST_02754,2026-09-11T17:42:00
ORD_BULK_02903,DISH_BULK_1399,CUST_03982,2026-09-14T14:46:00
ORD_BULK_02904,DISH_BULK_2416,CUST_01467,2026-09-14T17:36:00
ORD_BULK_02905,DISH_BULK_0679,CUST_03438,2026-09-18T06:20:00
ORD_BULK_02906,DISH_PNR_035,CUST_00512,2026-09-15T14:20:00
ORD_BULK_02907,DISH_BULK_1471,CUST_03835,2026-09-12T12:41:00
ORD_BULK_02908,DISH_BULK_1774,CUST_00039,2026-09-12T20:29:00
ORD_BULK_02909,DISH_BULK_0035,CUST_03107,2026-09-13T12:46:00
ORD_BULK_02910,DISH_BULK_2741,CUST_03775,2026-09-18T09:39:00
ORD_BULK_02911,DISH_BULK_1419,CUST_00785,2026-09-11T08:34:00
ORD_BULK_02912,DISH_BULK_2466,CUST_02561,2026-09-13T18:47:00
ORD_BULK_02913,DISH_BULK_2894,CUST_00906,2026-09-12T23:58:00
ORD_BULK_02914,DISH_BULK_1976,CUST_03963,2026-09-14T11:07:00
ORD_BULK_02915,DISH_BULK_0104,CUST_01150,2026-09-15T22:34:00
ORD_BULK_02916,DISH_BULK_2837,CUST_02896,2026-09-17T05:29:00
ORD_BULK_02917,DISH_BULK_0810,CUST_00030,2026-09-12T13:32:00
ORD_BULK_02918,DISH_BULK_2569,CUST_01623,2026-09-11T14:17:00
ORD_BULK_02919,DISH_BULK_1090,CUST_02332,2026-09-16T00:37:00
ORD_BULK_02920,DISH_BULK_1977,CUST_00699,2026-09-16T14:40:00
ORD_BULK_02921,DISH_BULK_0747,CUST_02703,2026-09-16T18:28:00
ORD_BULK_02922,DISH_BULK_2707,CUST_02796,2026-09-17T04:39:00
ORD_BULK_02923,DISH_BULK_2268,CUST_00719,2026-09-11T01:50:00
ORD_BULK_02924,DISH_BULK_2363,CUST_00526,2026-09-11T01:45:00
ORD_BULK_02925,DISH_BULK_0475,CUST_01064,2026-09-16T19:37:00
ORD_BULK_02926,DISH_BULK_0887,CUST_03609,2026-09-16T06:50:00
ORD_BULK_02927,DISH_BULK_2939,CUST_03205,2026-09-13T10:54:00
ORD_BULK_02928,DISH_BULK_0739,CUST_03473,2026-09-18T01:08:00
ORD_BULK_02929,DISH_BULK_0048,CUST_03973,2026-09-18T05:13:00
ORD_BULK_02930,DISH_BULK_2730,CUST_02183,2026-09-17T07:47:00
ORD_BULK_02931,DISH_BULK_0989,CUST_02789,2026-09-16T16:56:00
ORD_BULK_02932,DISH_BULK_1813,CUST_00009,2026-09-15T04:37:00
ORD_BULK_02933,DISH_BULK_2579,CUST_02758,2026-09-17T17:30:00
ORD_BULK_02934,DISH_BULK_0166,CUST_03498,2026-09-14T00:12:00
ORD_BULK_02935,DISH_BULK_1725,CUST_03459,2026-09-14T23:06:00
ORD_BULK_02936,DISH_BULK_1076,CUST_00499,2026-09-18T01:43:00
ORD_BULK_02937,DISH_BULK_2076,CUST_01912,2026-09-15T23:19:00
ORD_BULK_02938,DISH_BULK_1434,CUST_02119,2026-09-10T19:52:00
ORD_BULK_02939,DISH_BULK_2908,CUST_00920,2026-09-10T20:49:00
ORD_BULK_02940,DISH_BULK_1092,CUST_03762,2026-09-15T02:42:00
ORD_BULK_02941,DISH_BULK_2134,CUST_01839,2026-09-13T22:21:00
ORD_BULK_02942,DISH_PNR_022,CUST_01606,2026-09-12T13:08:00
ORD_BULK_02943,DISH_BULK_1324,CUST_00336,2026-09-16T20:08:00
ORD_BULK_02944,DISH_BULK_0057,CUST_03021,2026-09-12T21:36:00
ORD_BULK_02945,DISH_BULK_2778,CUST_01736,2026-09-11T04:19:00
ORD_BULK_02946,DISH_BULK_0977,CUST_00807,2026-09-12T04:54:00
ORD_BULK_02947,DISH_BULK_1302,CUST_01274,2026-09-11T01:09:00
ORD_BULK_02948,DISH_BULK_2518,CUST_02562,2026-09-11T10:24:00
ORD_BULK_02949,DISH_BULK_0068,CUST_01966,2026-09-15T05:57:00
ORD_BULK_02950,DISH_BULK_0052,CUST_02428,2026-09-17T11:01:00
ORD_BULK_02951,DISH_BULK_1323,CUST_03443,2026-09-13T04:22:00
ORD_BULK_02952,DISH_BULK_0966,CUST_00442,2026-09-15T17:19:00
ORD_BULK_02953,DISH_BULK_0930,CUST_03928,2026-09-14T05:03:00
ORD_BULK_02954,DISH_BULK_0176,CUST_03366,2026-09-14T03:05:00
ORD_BULK_02955,DISH_BULK_2082,CUST_03253,2026-09-13T00:38:00
ORD_BULK_02956,DISH_BULK_0252,CUST_03178,2026-09-17T03:49:00
ORD_BULK_02957,DISH_BULK_2491,CUST_01797,2026-09-11T10:07:00
ORD_BULK_02958,DISH_BULK_2515,CUST_01829,2026-09-16T22:05:00
ORD_BULK_02959,DISH_BULK_0465,CUST_00351,2026-09-11T00:34:00
ORD_BULK_02960,DISH_BULK_0090,CUST_01546,2026-09-13T21:32:00
ORD_BULK_02961,DISH_BULK_2794,CUST_00267,2026-09-11T18:49:00
ORD_BULK_02962,DISH_BULK_0207,CUST_03765,2026-09-15T08:40:00
ORD_BULK_02963,DISH_BULK_0178,CUST_01235,2026-09-17T06:46:00
ORD_BULK_02964,DISH_BULK_2518,CUST_01769,2026-09-11T01:57:00
ORD_BULK_02965,DISH_BULK_0371,CUST_02776,2026-09-10T23:14:00
ORD_BULK_02966,DISH_BULK_2244,CUST_00214,2026-09-13T16:31:00
ORD_BULK_02967,DISH_BULK_1516,CUST_01646,2026-09-11T10:10:00
ORD_BULK_02968,DISH_BULK_2482,CUST_03081,2026-09-15T00:15:00
ORD_BULK_02969,DISH_BULK_0908,CUST_03542,2026-09-17T03:43:00
ORD_BULK_02970,DISH_BULK_2656,CUST_02556,2026-09-10T10:53:00
ORD_BULK_02971,DISH_BULK_1811,CUST_01573,2026-09-15T14:45:00
ORD_BULK_02972,DISH_BULK_1707,CUST_03605,2026-09-17T09:21:00
ORD_BULK_02973,DISH_BULK_2490,CUST_00415,2026-09-14T04:44:00
ORD_BULK_02974,DISH_BULK_2620,CUST_03841,2026-09-18T00:31:00
ORD_BULK_02975,DISH_BULK_0060,CUST_01860,2026-09-16T05:14:00
ORD_BULK_02976,DISH_BULK_1298,CUST_02408,2026-09-12T12:33:00
ORD_BULK_02977,DISH_BULK_0396,CUST_00421,2026-09-10T11:21:00
ORD_BULK_02978,DISH_BULK_2391,CUST_02922,2026-09-11T02:26:00
ORD_BULK_02979,DISH_BULK_2382,CUST_03234,2026-09-12T12:52:00
ORD_BULK_02980,DISH_BULK_2301,CUST_00517,2026-09-17T14:02:00
ORD_BULK_02981,DISH_BULK_2038,CUST_01050,2026-09-14T09:02:00
ORD_BULK_02982,DISH_BULK_1678,CUST_01972,2026-09-18T13:52:00
ORD_BULK_02983,DISH_BULK_2497,CUST_01822,2026-09-12T10:46:00
ORD_BULK_02984,DISH_BULK_0949,CUST_00564,2026-09-10T20:02:00
ORD_BULK_02985,DISH_BULK_0201,CUST_00523,2026-09-13T21:06:00
ORD_BULK_02986,DISH_BULK_2348,CUST_01786,2026-09-16T04:07:00
ORD_BULK_02987,DISH_BULK_2623,CUST_03090,2026-09-14T09:41:00
ORD_BULK_02988,DISH_BULK_1228,CUST_02391,2026-09-16T11:46:00
ORD_BULK_02989,DISH_BULK_0550,CUST_00604,2026-09-15T16:12:00
ORD_BULK_02990,DISH_BULK_1218,CUST_02472,2026-09-14T05:38:00
ORD_BULK_02991,DISH_BULK_1146,CUST_01511,2026-09-10T10:12:00
ORD_BULK_02992,DISH_BULK_2074,CUST_02403,2026-09-17T19:35:00
ORD_BULK_02993,DISH_BULK_2732,CUST_00593,2026-09-10T23:39:00
ORD_BULK_02994,DISH_BULK_0926,CUST_02078,2026-09-16T16:46:00
ORD_BULK_02995,DISH_BULK_0177,CUST_01729,2026-09-14T05:53:00
ORD_BULK_02996,DISH_BULK_0754,CUST_04000,2026-09-12T14:42:00
ORD_BULK_02997,DISH_BULK_2577,CUST_03722,2026-09-12T14:57:00
ORD_BULK_02998,DISH_BULK_0234,CUST_01399,2026-09-12T11:42:00
ORD_BULK_02999,DISH_BULK_2689,CUST_01949,2026-09-18T05:43:00
ORD_BULK_03000,DISH_BULK_2787,CUST_01915,2026-09-17T03:46:00
ORD_BULK_03001,DISH_BULK_2790,CUST_01357,2026-09-16T21:56:00
ORD_BULK_03002,DISH_BULK_2272,CUST_03945,2026-09-14T03:39:00
ORD_BULK_03003,DISH_BULK_2477,CUST_01228,2026-09-15T02:19:00
ORD_BULK_03004,DISH_BULK_1300,CUST_00665,2026-09-11T12:37:00
ORD_BULK_03005,DISH_BULK_1814,CUST_03589,2026-09-10T19:31:00
ORD_BULK_03006,DISH_BULK_1985,CUST_00899,2026-09-10T09:00:00
ORD_BULK_03007,DISH_BULK_2570,CUST_00914,2026-09-18T05:17:00
ORD_BULK_03008,DISH_BULK_0897,CUST_01911,2026-09-17T10:22:00
ORD_BULK_03009,DISH_BULK_0827,CUST_00980,2026-09-15T19:16:00
ORD_BULK_03010,DISH_BULK_1311,CUST_03307,2026-09-14T14:38:00
ORD_BULK_03011,DISH_BULK_0794,CUST_01640,2026-09-12T10:18:00
ORD_BULK_03012,DISH_PNR_028,CUST_01487,2026-09-10T10:42:00
ORD_BULK_03013,DISH_BULK_0256,CUST_01466,2026-09-10T16:11:00
ORD_BULK_03014,DISH_BULK_2226,CUST_00472,2026-09-11T22:53:00
ORD_BULK_03015,DISH_BULK_1144,CUST_01804,2026-09-12T13:05:00
ORD_BULK_03016,DISH_BULK_2539,CUST_02399,2026-09-14T10:16:00
ORD_BULK_03017,DISH_BULK_0133,CUST_03995,2026-09-10T16:06:00
ORD_BULK_03018,DISH_BULK_0769,CUST_00811,2026-09-13T13:34:00
ORD_BULK_03019,DISH_BULK_0667,CUST_00897,2026-09-13T07:32:00
ORD_BULK_03020,DISH_BULK_2898,CUST_00714,2026-09-14T04:47:00
ORD_BULK_03021,DISH_BULK_2225,CUST_01008,2026-09-12T08:45:00
ORD_BULK_03022,DISH_BULK_0756,CUST_00089,2026-09-12T08:04:00
ORD_BULK_03023,DISH_BULK_1026,CUST_03731,2026-09-11T11:37:00
ORD_BULK_03024,DISH_BULK_0039,CUST_03406,2026-09-18T00:59:00
ORD_BULK_03025,DISH_BULK_0516,CUST_01553,2026-09-17T18:49:00
ORD_BULK_03026,DISH_BULK_0408,CUST_01387,2026-09-12T17:24:00
ORD_BULK_03027,DISH_BULK_1203,CUST_01869,2026-09-13T01:34:00
ORD_BULK_03028,DISH_BULK_1468,CUST_03316,2026-09-14T13:40:00
ORD_BULK_03029,DISH_BULK_2661,CUST_00702,2026-09-16T07:53:00
ORD_BULK_03030,DISH_BULK_2506,CUST_03612,2026-09-15T06:26:00
ORD_BULK_03031,DISH_BULK_2866,CUST_00268,2026-09-11T16:21:00
ORD_BULK_03032,DISH_BULK_0545,CUST_03616,2026-09-11T19:42:00
ORD_BULK_03033,DISH_BULK_0730,CUST_00786,2026-09-16T09:25:00
ORD_BULK_03034,DISH_BULK_1503,CUST_02845,2026-09-14T14:11:00
ORD_BULK_03035,DISH_BULK_1256,CUST_02456,2026-09-15T05:17:00
ORD_BULK_03036,DISH_BULK_2559,CUST_01002,2026-09-10T20:36:00
ORD_BULK_03037,DISH_BULK_2477,CUST_02406,2026-09-12T11:38:00
ORD_BULK_03038,DISH_BULK_2147,CUST_01205,2026-09-12T00:34:00
ORD_BULK_03039,DISH_BULK_1296,CUST_01013,2026-09-10T22:32:00
ORD_BULK_03040,DISH_BULK_2532,CUST_03259,2026-09-13T12:28:00
ORD_BULK_03041,DISH_BULK_0471,CUST_03488,2026-09-16T02:47:00
ORD_BULK_03042,DISH_BULK_2346,CUST_03629,2026-09-15T21:31:00
ORD_BULK_03043,DISH_BULK_0811,CUST_02980,2026-09-11T06:13:00
ORD_BULK_03044,DISH_BULK_1881,CUST_03240,2026-09-17T21:10:00
ORD_BULK_03045,DISH_BULK_2472,CUST_00266,2026-09-12T05:43:00
ORD_BULK_03046,DISH_BULK_2037,CUST_01590,2026-09-17T16:08:00
ORD_BULK_03047,DISH_BULK_2039,CUST_01533,2026-09-16T00:08:00
ORD_BULK_03048,DISH_BULK_2079,CUST_01902,2026-09-12T08:52:00
ORD_BULK_03049,DISH_BULK_1272,CUST_02919,2026-09-14T14:05:00
ORD_BULK_03050,DISH_BULK_2106,CUST_02845,2026-09-15T19:58:00
ORD_BULK_03051,DISH_BULK_2885,CUST_03915,2026-09-15T23:06:00
ORD_BULK_03052,DISH_BULK_1894,CUST_01100,2026-09-16T22:42:00
ORD_BULK_03053,DISH_BULK_1596,CUST_02614,2026-09-16T23:27:00
ORD_BULK_03054,DISH_BULK_2615,CUST_00150,2026-09-12T16:34:00
ORD_BULK_03055,DISH_BULK_0853,CUST_03666,2026-09-12T15:25:00
ORD_BULK_03056,DISH_BULK_1805,CUST_03536,2026-09-13T00:00:00
ORD_BULK_03057,DISH_BULK_1575,CUST_00896,2026-09-13T19:33:00
ORD_BULK_03058,DISH_BULK_1694,CUST_03641,2026-09-14T14:58:00
ORD_BULK_03059,DISH_BULK_2294,CUST_00644,2026-09-14T14:09:00
ORD_BULK_03060,DISH_BULK_0996,CUST_02256,2026-09-11T07:08:00
ORD_BULK_03061,DISH_BULK_0504,CUST_03079,2026-09-11T06:56:00
ORD_BULK_03062,DISH_BULK_1162,CUST_01821,2026-09-16T05:40:00
ORD_BULK_03063,DISH_BULK_1394,CUST_00943,2026-09-16T23:27:00
ORD_BULK_03064,DISH_BULK_0122,CUST_01906,2026-09-16T03:52:00
ORD_BULK_03065,DISH_BULK_2498,CUST_01378,2026-09-15T04:21:00
ORD_BULK_03066,DISH_BULK_1801,CUST_01916,2026-09-15T06:06:00
ORD_BULK_03067,DISH_BULK_1629,CUST_01506,2026-09-15T23:51:00
ORD_BULK_03068,DISH_BULK_1252,CUST_01119,2026-09-14T16:24:00
ORD_BULK_03069,DISH_BULK_0055,CUST_00736,2026-09-15T08:36:00
ORD_BULK_03070,DISH_BULK_0911,CUST_01088,2026-09-17T16:13:00
ORD_BULK_03071,DISH_BULK_0264,CUST_01471,2026-09-11T06:30:00
ORD_BULK_03072,DISH_BULK_1160,CUST_03452,2026-09-16T01:00:00
ORD_BULK_03073,DISH_BULK_2054,CUST_02240,2026-09-17T15:45:00
ORD_BULK_03074,DISH_BULK_0274,CUST_03219,2026-09-13T11:28:00
ORD_BULK_03075,DISH_BULK_0886,CUST_00404,2026-09-11T16:22:00
ORD_BULK_03076,DISH_BULK_0246,CUST_01476,2026-09-10T18:27:00
ORD_BULK_03077,DISH_BULK_2190,CUST_00821,2026-09-14T03:08:00
ORD_BULK_03078,DISH_BULK_0759,CUST_02766,2026-09-14T01:54:00
ORD_BULK_03079,DISH_BULK_0978,CUST_01240,2026-09-18T02:39:00
ORD_BULK_03080,DISH_BULK_1078,CUST_00781,2026-09-18T08:41:00
ORD_BULK_03081,DISH_BULK_2428,CUST_00565,2026-09-18T11:33:00
ORD_BULK_03082,DISH_BULK_2178,CUST_03738,2026-09-13T07:18:00
ORD_BULK_03083,DISH_PNR_035,CUST_03155,2026-09-13T17:46:00
ORD_BULK_03084,DISH_BULK_1108,CUST_03369,2026-09-14T06:39:00
ORD_BULK_03085,DISH_BULK_1608,CUST_03875,2026-09-14T22:47:00
ORD_BULK_03086,DISH_BULK_2329,CUST_03104,2026-09-17T18:56:00
ORD_BULK_03087,DISH_BULK_0002,CUST_01934,2026-09-17T18:36:00
ORD_BULK_03088,DISH_BULK_2053,CUST_03118,2026-09-12T00:45:00
ORD_BULK_03089,DISH_BULK_1582,CUST_00933,2026-09-12T21:57:00
ORD_BULK_03090,DISH_BULK_2916,CUST_03069,2026-09-12T17:18:00
ORD_BULK_03091,DISH_BULK_1897,CUST_00958,2026-09-16T04:51:00
ORD_BULK_03092,DISH_BULK_2358,CUST_03220,2026-09-16T14:54:00
ORD_BULK_03093,DISH_BULK_1873,CUST_02960,2026-09-15T13:59:00
ORD_BULK_03094,DISH_BULK_1349,CUST_03244,2026-09-11T07:26:00
ORD_BULK_03095,DISH_BULK_1236,CUST_03465,2026-09-12T11:17:00
ORD_BULK_03096,DISH_BULK_1710,CUST_03155,2026-09-18T06:35:00
ORD_BULK_03097,DISH_BULK_1664,CUST_00859,2026-09-15T07:47:00
ORD_BULK_03098,DISH_BULK_1797,CUST_03494,2026-09-16T16:29:00
ORD_BULK_03099,DISH_BULK_0077,CUST_01535,2026-09-11T21:56:00
ORD_BULK_03100,DISH_BULK_2319,CUST_03579,2026-09-11T19:02:00
ORD_BULK_03101,DISH_BULK_1205,CUST_03864,2026-09-10T10:38:00
ORD_BULK_03102,DISH_BULK_2001,CUST_03320,2026-09-17T19:54:00
ORD_BULK_03103,DISH_BULK_1406,CUST_01392,2026-09-12T21:34:00
ORD_BULK_03104,DISH_BULK_1670,CUST_01744,2026-09-18T03:15:00
ORD_BULK_03105,DISH_BULK_1606,CUST_03125,2026-09-18T04:33:00
ORD_BULK_03106,DISH_BULK_2156,CUST_01228,2026-09-14T01:02:00
ORD_BULK_03107,DISH_BULK_2358,CUST_00096,2026-09-16T18:59:00
ORD_BULK_03108,DISH_BULK_0085,CUST_03778,2026-09-11T21:59:00
ORD_BULK_03109,DISH_BULK_0583,CUST_03903,2026-09-14T02:10:00
ORD_BULK_03110,DISH_BULK_2281,CUST_02580,2026-09-17T04:39:00
ORD_BULK_03111,DISH_BULK_2443,CUST_02351,2026-09-14T18:44:00
ORD_BULK_03112,DISH_BULK_1515,CUST_00837,2026-09-14T18:40:00
ORD_BULK_03113,DISH_BULK_0214,CUST_02190,2026-09-14T17:31:00
ORD_BULK_03114,DISH_BULK_0725,CUST_01945,2026-09-11T13:39:00
ORD_BULK_03115,DISH_BULK_1300,CUST_02333,2026-09-15T11:17:00
ORD_BULK_03116,DISH_BULK_2571,CUST_03665,2026-09-13T19:11:00
ORD_BULK_03117,DISH_BULK_0335,CUST_00703,2026-09-11T12:29:00
ORD_BULK_03118,DISH_BULK_2718,CUST_02265,2026-09-12T08:30:00
ORD_BULK_03119,DISH_BULK_0085,CUST_03386,2026-09-18T04:08:00
ORD_BULK_03120,DISH_BULK_2425,CUST_02002,2026-09-10T15:19:00
ORD_BULK_03121,DISH_BULK_0718,CUST_00816,2026-09-11T02:58:00
ORD_BULK_03122,DISH_BULK_1534,CUST_01163,2026-09-12T16:13:00
ORD_BULK_03123,DISH_BULK_0908,CUST_01193,2026-09-17T20:06:00
ORD_BULK_03124,DISH_BULK_2101,CUST_00287,2026-09-15T12:09:00
ORD_BULK_03125,DISH_BULK_0189,CUST_01510,2026-09-16T05:35:00
ORD_BULK_03126,DISH_PNR_046,CUST_00704,2026-09-14T01:13:00
ORD_BULK_03127,DISH_BULK_1636,CUST_01602,2026-09-12T02:52:00
ORD_BULK_03128,DISH_BULK_0407,CUST_00529,2026-09-16T10:29:00
ORD_BULK_03129,DISH_BULK_1667,CUST_01959,2026-09-11T02:46:00
ORD_BULK_03130,DISH_BULK_1547,CUST_03913,2026-09-12T16:22:00
ORD_BULK_03131,DISH_BULK_0486,CUST_03566,2026-09-12T16:09:00
ORD_BULK_03132,DISH_BULK_1222,CUST_01771,2026-09-18T09:47:00
ORD_BULK_03133,DISH_BULK_2676,CUST_01945,2026-09-12T03:21:00
ORD_BULK_03134,DISH_BULK_2426,CUST_02356,2026-09-13T20:44:00
ORD_BULK_03135,DISH_BULK_2360,CUST_00832,2026-09-16T01:12:00
ORD_BULK_03136,DISH_BULK_2889,CUST_02806,2026-09-15T13:19:00
ORD_BULK_03137,DISH_BULK_1082,CUST_00827,2026-09-10T10:01:00
ORD_BULK_03138,DISH_BULK_0538,CUST_01826,2026-09-11T01:28:00
ORD_BULK_03139,DISH_BULK_1589,CUST_02478,2026-09-13T03:24:00
ORD_BULK_03140,DISH_BULK_2107,CUST_01348,2026-09-16T19:26:00
ORD_BULK_03141,DISH_BULK_1964,CUST_01885,2026-09-15T14:20:00
ORD_BULK_03142,DISH_BULK_2313,CUST_00161,2026-09-11T08:52:00
ORD_BULK_03143,DISH_BULK_1133,CUST_02648,2026-09-15T12:36:00
ORD_BULK_03144,DISH_BULK_1374,CUST_02869,2026-09-18T10:19:00
ORD_BULK_03145,DISH_BULK_1172,CUST_01602,2026-09-17T07:23:00
ORD_BULK_03146,DISH_BULK_0671,CUST_01701,2026-09-13T04:01:00
ORD_BULK_03147,DISH_BULK_0689,CUST_03687,2026-09-17T08:40:00
ORD_BULK_03148,DISH_BULK_1723,CUST_01876,2026-09-14T17:02:00
ORD_BULK_03149,DISH_BULK_2653,CUST_00752,2026-09-18T06:44:00
ORD_BULK_03150,DISH_BULK_2283,CUST_00392,2026-09-14T19:27:00
ORD_BULK_03151,DISH_BULK_2815,CUST_03874,2026-09-10T19:55:00
ORD_BULK_03152,DISH_BULK_0935,CUST_03628,2026-09-12T03:07:00
ORD_BULK_03153,DISH_BULK_1075,CUST_03615,2026-09-17T11:30:00
ORD_BULK_03154,DISH_BULK_2156,CUST_01196,2026-09-17T22:02:00
ORD_BULK_03155,DISH_BULK_0227,CUST_02860,2026-09-18T14:23:00
ORD_BULK_03156,DISH_BULK_2912,CUST_03696,2026-09-12T19:19:00
ORD_BULK_03157,DISH_BULK_1975,CUST_01685,2026-09-16T14:57:00
ORD_BULK_03158,DISH_BULK_0450,CUST_01511,2026-09-11T04:53:00
ORD_BULK_03159,DISH_BULK_0384,CUST_02067,2026-09-14T01:01:00
ORD_BULK_03160,DISH_BULK_1633,CUST_01848,2026-09-12T05:00:00
ORD_BULK_03161,DISH_BULK_0989,CUST_00850,2026-09-16T02:11:00
ORD_BULK_03162,DISH_BULK_0136,CUST_01894,2026-09-10T15:17:00
ORD_BULK_03163,DISH_BULK_0253,CUST_02617,2026-09-18T05:38:00
ORD_BULK_03164,DISH_BULK_2721,CUST_03071,2026-09-15T14:07:00
ORD_BULK_03165,DISH_BULK_1515,CUST_01408,2026-09-14T21:02:00
ORD_BULK_03166,DISH_BULK_0750,CUST_01625,2026-09-10T18:18:00
ORD_BULK_03167,DISH_PNR_044,CUST_01027,2026-09-11T15:18:00
ORD_BULK_03168,DISH_BULK_2858,CUST_03757,2026-09-11T21:16:00
ORD_BULK_03169,DISH_BULK_1293,CUST_02746,2026-09-15T14:46:00
ORD_BULK_03170,DISH_BULK_1939,CUST_01890,2026-09-11T02:37:00
ORD_BULK_03171,DISH_BULK_0292,CUST_02247,2026-09-17T19:24:00
ORD_BULK_03172,DISH_BULK_0946,CUST_02923,2026-09-15T07:31:00
ORD_BULK_03173,DISH_BULK_0528,CUST_01929,2026-09-13T12:13:00
ORD_BULK_03174,DISH_BULK_0614,CUST_00699,2026-09-10T12:55:00
ORD_BULK_03175,DISH_BULK_2440,CUST_00412,2026-09-12T08:23:00
ORD_BULK_03176,DISH_BULK_1158,CUST_00509,2026-09-16T09:59:00
ORD_BULK_03177,DISH_BULK_1554,CUST_00690,2026-09-11T05:11:00
ORD_BULK_03178,DISH_BULK_2704,CUST_03128,2026-09-10T11:03:00
ORD_BULK_03179,DISH_BULK_2728,CUST_01120,2026-09-12T01:54:00
ORD_BULK_03180,DISH_BULK_1758,CUST_01467,2026-09-12T08:35:00
ORD_BULK_03181,DISH_BULK_0841,CUST_02927,2026-09-10T17:24:00
ORD_BULK_03182,DISH_BULK_2718,CUST_02181,2026-09-12T19:01:00
ORD_BULK_03183,DISH_BULK_1764,CUST_02854,2026-09-10T21:02:00
ORD_BULK_03184,DISH_BULK_2554,CUST_03324,2026-09-16T06:46:00
ORD_BULK_03185,DISH_BULK_2579,CUST_02714,2026-09-18T11:37:00
ORD_BULK_03186,DISH_BULK_2657,CUST_03675,2026-09-11T12:04:00
ORD_BULK_03187,DISH_BULK_1553,CUST_02828,2026-09-13T20:11:00
ORD_BULK_03188,DISH_BULK_1772,CUST_00215,2026-09-17T03:20:00
ORD_BULK_03189,DISH_PNR_020,CUST_00200,2026-09-14T15:03:00
ORD_BULK_03190,DISH_BULK_0780,CUST_03805,2026-09-13T04:11:00
ORD_BULK_03191,DISH_BULK_1488,CUST_03723,2026-09-13T01:08:00
ORD_BULK_03192,DISH_BULK_0773,CUST_00375,2026-09-10T12:22:00
ORD_BULK_03193,DISH_BULK_1681,CUST_00115,2026-09-10T11:58:00
ORD_BULK_03194,DISH_BULK_1334,CUST_03361,2026-09-12T12:28:00
ORD_BULK_03195,DISH_BULK_2739,CUST_02741,2026-09-11T01:15:00
ORD_BULK_03196,DISH_BULK_0857,CUST_03928,2026-09-11T10:22:00
ORD_BULK_03197,DISH_BULK_2674,CUST_00688,2026-09-18T13:42:00
ORD_BULK_03198,DISH_BULK_0638,CUST_00181,2026-09-15T01:30:00
ORD_BULK_03199,DISH_BULK_2053,CUST_00442,2026-09-14T01:19:00
ORD_BULK_03200,DISH_BULK_1275,CUST_02303,2026-09-17T11:09:00
ORD_BULK_03201,DISH_BULK_0730,CUST_02559,2026-09-12T16:33:00
ORD_BULK_03202,DISH_BULK_2172,CUST_01619,2026-09-15T04:50:00
ORD_BULK_03203,DISH_BULK_0448,CUST_00952,2026-09-12T18:22:00
ORD_BULK_03204,DISH_BULK_0387,CUST_01461,2026-09-14T00:18:00
ORD_BULK_03205,DISH_BULK_0665,CUST_00062,2026-09-14T21:48:00
ORD_BULK_03206,DISH_BULK_2632,CUST_01296,2026-09-10T11:16:00
ORD_BULK_03207,DISH_BULK_1548,CUST_00872,2026-09-15T13:16:00
ORD_BULK_03208,DISH_BULK_0855,CUST_00271,2026-09-17T19:40:00
ORD_BULK_03209,DISH_BULK_1094,CUST_02663,2026-09-17T10:22:00
ORD_BULK_03210,DISH_BULK_1465,CUST_00180,2026-09-11T02:23:00
ORD_BULK_03211,DISH_BULK_0849,CUST_01684,2026-09-13T18:20:00
ORD_BULK_03212,DISH_BULK_2406,CUST_02047,2026-09-11T11:48:00
ORD_BULK_03213,DISH_BULK_2872,CUST_02197,2026-09-16T19:25:00
ORD_BULK_03214,DISH_BULK_0656,CUST_01032,2026-09-11T09:52:00
ORD_BULK_03215,DISH_BULK_2411,CUST_01329,2026-09-17T12:16:00
ORD_BULK_03216,DISH_BULK_2806,CUST_01592,2026-09-18T01:06:00
ORD_BULK_03217,DISH_BULK_2795,CUST_00545,2026-09-14T02:40:00
ORD_BULK_03218,DISH_BULK_0672,CUST_02603,2026-09-18T03:46:00
ORD_BULK_03219,DISH_BULK_1256,CUST_03488,2026-09-17T21:57:00
ORD_BULK_03220,DISH_BULK_1928,CUST_00277,2026-09-14T03:30:00
ORD_BULK_03221,DISH_BULK_0026,CUST_02493,2026-09-16T23:45:00
ORD_BULK_03222,DISH_BULK_1792,CUST_01567,2026-09-16T03:32:00
ORD_BULK_03223,DISH_BULK_2577,CUST_03039,2026-09-12T23:28:00
ORD_BULK_03224,DISH_BULK_2016,CUST_02407,2026-09-18T08:24:00
ORD_BULK_03225,DISH_BULK_0008,CUST_00953,2026-09-10T13:47:00
ORD_BULK_03226,DISH_BULK_2478,CUST_03109,2026-09-11T17:52:00
ORD_BULK_03227,DISH_BULK_1219,CUST_00969,2026-09-15T05:00:00
ORD_BULK_03228,DISH_BULK_0951,CUST_02539,2026-09-11T05:40:00
ORD_BULK_03229,DISH_BULK_0199,CUST_00564,2026-09-14T14:16:00
ORD_BULK_03230,DISH_BULK_1996,CUST_01215,2026-09-12T15:09:00
ORD_BULK_03231,DISH_BULK_0575,CUST_01540,2026-09-12T15:48:00
ORD_BULK_03232,DISH_BULK_2583,CUST_00156,2026-09-13T01:00:00
ORD_BULK_03233,DISH_BULK_2924,CUST_02450,2026-09-15T09:10:00
ORD_BULK_03234,DISH_BULK_1300,CUST_00550,2026-09-13T11:56:00
ORD_BULK_03235,DISH_BULK_1254,CUST_02637,2026-09-10T18:48:00
ORD_BULK_03236,DISH_BULK_2087,CUST_03244,2026-09-15T01:17:00
ORD_BULK_03237,DISH_BULK_2608,CUST_03329,2026-09-13T14:46:00
ORD_BULK_03238,DISH_BULK_0051,CUST_00939,2026-09-14T02:27:00
ORD_BULK_03239,DISH_BULK_1357,CUST_00993,2026-09-12T16:12:00
ORD_BULK_03240,DISH_BULK_2163,CUST_00222,2026-09-17T21:35:00
ORD_BULK_03241,DISH_BULK_0971,CUST_03283,2026-09-18T03:41:00
ORD_BULK_03242,DISH_BULK_2805,CUST_02948,2026-09-12T20:44:00
ORD_BULK_03243,DISH_BULK_2444,CUST_03575,2026-09-14T16:10:00
ORD_BULK_03244,DISH_BULK_2089,CUST_01318,2026-09-12T10:07:00
ORD_BULK_03245,DISH_BULK_1765,CUST_02580,2026-09-10T09:39:00
ORD_BULK_03246,DISH_BULK_0218,CUST_03563,2026-09-15T22:15:00
ORD_BULK_03247,DISH_BULK_0240,CUST_03907,2026-09-12T12:33:00
ORD_BULK_03248,DISH_BULK_0167,CUST_02599,2026-09-11T22:38:00
ORD_BULK_03249,DISH_BULK_0790,CUST_00515,2026-09-11T09:03:00
ORD_BULK_03250,DISH_BULK_0665,CUST_02428,2026-09-16T13:52:00
ORD_BULK_03251,DISH_BULK_0791,CUST_00968,2026-09-16T02:33:00
ORD_BULK_03252,DISH_BULK_0274,CUST_01746,2026-09-18T13:58:00
ORD_BULK_03253,DISH_BULK_1867,CUST_01276,2026-09-12T04:49:00
ORD_BULK_03254,DISH_BULK_2909,CUST_00810,2026-09-13T02:52:00
ORD_BULK_03255,DISH_BULK_1690,CUST_00723,2026-09-17T05:26:00
ORD_BULK_03256,DISH_BULK_0973,CUST_01242,2026-09-13T13:55:00
ORD_BULK_03257,DISH_BULK_2315,CUST_01837,2026-09-17T13:33:00
ORD_BULK_03258,DISH_BULK_0778,CUST_01114,2026-09-15T19:23:00
ORD_BULK_03259,DISH_BULK_0281,CUST_03896,2026-09-14T10:11:00
ORD_BULK_03260,DISH_BULK_1585,CUST_01548,2026-09-12T05:48:00
ORD_BULK_03261,DISH_BULK_1882,CUST_01808,2026-09-15T03:25:00
ORD_BULK_03262,DISH_BULK_2023,CUST_02497,2026-09-15T06:21:00
ORD_BULK_03263,DISH_BULK_0592,CUST_03358,2026-09-15T19:37:00
ORD_BULK_03264,DISH_BULK_0035,CUST_03121,2026-09-14T16:09:00
ORD_BULK_03265,DISH_BULK_1704,CUST_03499,2026-09-11T06:43:00
ORD_BULK_03266,DISH_BULK_1183,CUST_02438,2026-09-16T10:41:00
ORD_BULK_03267,DISH_BULK_0579,CUST_02265,2026-09-18T14:25:00
ORD_BULK_03268,DISH_BULK_0673,CUST_01054,2026-09-14T15:53:00
ORD_BULK_03269,DISH_BULK_1853,CUST_01253,2026-09-15T11:51:00
ORD_BULK_03270,DISH_BULK_1114,CUST_01537,2026-09-16T17:30:00
ORD_BULK_03271,DISH_BULK_2436,CUST_01970,2026-09-11T03:38:00
ORD_BULK_03272,DISH_BULK_1318,CUST_00560,2026-09-18T11:12:00
ORD_BULK_03273,DISH_BULK_1876,CUST_00802,2026-09-12T02:15:00
ORD_BULK_03274,DISH_BULK_0730,CUST_00018,2026-09-10T11:30:00
ORD_BULK_03275,DISH_BULK_2004,CUST_02992,2026-09-18T14:04:00
ORD_BULK_03276,DISH_BULK_1486,CUST_02013,2026-09-14T22:28:00
ORD_BULK_03277,DISH_BULK_1657,CUST_03852,2026-09-14T19:45:00
ORD_BULK_03278,DISH_BULK_1482,CUST_01574,2026-09-15T21:40:00
ORD_BULK_03279,DISH_BULK_1214,CUST_02626,2026-09-17T00:38:00
ORD_BULK_03280,DISH_BULK_0245,CUST_01675,2026-09-10T18:36:00
ORD_BULK_03281,DISH_BULK_0463,CUST_01577,2026-09-16T18:26:00
ORD_BULK_03282,DISH_BULK_0619,CUST_00796,2026-09-15T07:08:00
ORD_BULK_03283,DISH_BULK_0999,CUST_03160,2026-09-18T13:13:00
ORD_BULK_03284,DISH_BULK_1381,CUST_02088,2026-09-18T09:38:00
ORD_BULK_03285,DISH_BULK_1955,CUST_02601,2026-09-18T04:00:00
ORD_BULK_03286,DISH_BULK_1462,CUST_02853,2026-09-10T23:45:00
ORD_BULK_03287,DISH_BULK_2620,CUST_01579,2026-09-15T03:47:00
ORD_BULK_03288,DISH_BULK_0964,CUST_00993,2026-09-15T18:27:00
ORD_BULK_03289,DISH_BULK_0095,CUST_03775,2026-09-14T10:41:00
ORD_BULK_03290,DISH_BULK_2538,CUST_02895,2026-09-18T00:42:00
ORD_BULK_03291,DISH_BULK_0069,CUST_02857,2026-09-17T21:46:00
ORD_BULK_03292,DISH_BULK_2597,CUST_00606,2026-09-13T07:21:00
ORD_BULK_03293,DISH_BULK_2433,CUST_01866,2026-09-18T01:58:00
ORD_BULK_03294,DISH_BULK_0557,CUST_01042,2026-09-13T03:33:00
ORD_BULK_03295,DISH_BULK_2420,CUST_02369,2026-09-17T20:56:00
ORD_BULK_03296,DISH_BULK_0615,CUST_00051,2026-09-11T15:52:00
ORD_BULK_03297,DISH_BULK_0332,CUST_02640,2026-09-18T10:19:00
ORD_BULK_03298,DISH_BULK_1528,CUST_01629,2026-09-18T08:48:00
ORD_BULK_03299,DISH_BULK_2354,CUST_03991,2026-09-11T05:56:00
ORD_BULK_03300,DISH_BULK_2077,CUST_03728,2026-09-12T11:33:00
ORD_BULK_03301,DISH_BULK_1686,CUST_00680,2026-09-15T04:33:00
ORD_BULK_03302,DISH_BULK_0989,CUST_02834,2026-09-13T18:31:00
ORD_BULK_03303,DISH_BULK_2004,CUST_03964,2026-09-16T09:35:00
ORD_BULK_03304,DISH_BULK_2651,CUST_03632,2026-09-14T16:31:00
ORD_BULK_03305,DISH_BULK_2354,CUST_01262,2026-09-15T00:23:00
ORD_BULK_03306,DISH_BULK_2934,CUST_03562,2026-09-11T08:16:00
ORD_BULK_03307,DISH_BULK_0401,CUST_02606,2026-09-16T20:21:00
ORD_BULK_03308,DISH_BULK_1364,CUST_03336,2026-09-11T22:58:00
ORD_BULK_03309,DISH_BULK_1055,CUST_03067,2026-09-12T17:12:00
ORD_BULK_03310,DISH_BULK_1584,CUST_02864,2026-09-13T20:07:00
ORD_BULK_03311,DISH_PNR_027,CUST_00690,2026-09-15T22:16:00
ORD_BULK_03312,DISH_PNR_007,CUST_00397,2026-09-11T03:04:00
ORD_BULK_03313,DISH_BULK_2806,CUST_01712,2026-09-16T07:20:00
ORD_BULK_03314,DISH_BULK_1661,CUST_02681,2026-09-13T14:44:00
ORD_BULK_03315,DISH_BULK_1719,CUST_00699,2026-09-12T08:10:00
ORD_BULK_03316,DISH_BULK_1488,CUST_00764,2026-09-18T08:15:00
ORD_BULK_03317,DISH_BULK_0504,CUST_00812,2026-09-15T20:50:00
ORD_BULK_03318,DISH_BULK_0699,CUST_02059,2026-09-11T14:06:00
ORD_BULK_03319,DISH_BULK_1799,CUST_02323,2026-09-12T18:02:00
ORD_BULK_03320,DISH_BULK_0714,CUST_00824,2026-09-11T00:06:00
ORD_BULK_03321,DISH_BULK_0702,CUST_03315,2026-09-12T12:23:00
ORD_BULK_03322,DISH_BULK_1016,CUST_03696,2026-09-14T23:37:00
ORD_BULK_03323,DISH_BULK_1759,CUST_02568,2026-09-17T10:30:00
ORD_BULK_03324,DISH_BULK_0401,CUST_03557,2026-09-17T13:47:00
ORD_BULK_03325,DISH_BULK_0634,CUST_00327,2026-09-13T16:02:00
ORD_BULK_03326,DISH_BULK_0305,CUST_01548,2026-09-11T18:02:00
ORD_BULK_03327,DISH_BULK_1087,CUST_00264,2026-09-14T05:25:00
ORD_BULK_03328,DISH_BULK_0075,CUST_02399,2026-09-13T00:06:00
ORD_BULK_03329,DISH_BULK_1911,CUST_01988,2026-09-17T23:43:00
ORD_BULK_03330,DISH_BULK_0366,CUST_00039,2026-09-11T00:40:00
ORD_BULK_03331,DISH_BULK_1043,CUST_03080,2026-09-10T09:58:00
ORD_BULK_03332,DISH_BULK_2679,CUST_02386,2026-09-10T19:25:00
ORD_BULK_03333,DISH_BULK_0350,CUST_00865,2026-09-16T06:37:00
ORD_BULK_03334,DISH_PNR_030,CUST_01539,2026-09-17T04:39:00
ORD_BULK_03335,DISH_BULK_2084,CUST_03941,2026-09-13T08:35:00
ORD_BULK_03336,DISH_BULK_1944,CUST_01939,2026-09-14T04:01:00
ORD_BULK_03337,DISH_BULK_2429,CUST_01760,2026-09-14T03:54:00
ORD_BULK_03338,DISH_BULK_1472,CUST_02793,2026-09-14T05:40:00
ORD_BULK_03339,DISH_BULK_1245,CUST_03346,2026-09-13T01:25:00
ORD_BULK_03340,DISH_BULK_1433,CUST_02725,2026-09-14T20:48:00
ORD_BULK_03341,DISH_BULK_1504,CUST_02502,2026-09-10T23:37:00
ORD_BULK_03342,DISH_BULK_1412,CUST_03577,2026-09-14T02:10:00
ORD_BULK_03343,DISH_BULK_0364,CUST_00013,2026-09-15T12:46:00
ORD_BULK_03344,DISH_BULK_2814,CUST_01646,2026-09-18T14:02:00
ORD_BULK_03345,DISH_BULK_0522,CUST_00106,2026-09-17T04:21:00
ORD_BULK_03346,DISH_BULK_0457,CUST_03560,2026-09-16T08:53:00
ORD_BULK_03347,DISH_BULK_1098,CUST_03896,2026-09-18T06:56:00
ORD_BULK_03348,DISH_BULK_0972,CUST_01510,2026-09-15T11:24:00
ORD_BULK_03349,DISH_BULK_2486,CUST_02811,2026-09-17T19:55:00
ORD_BULK_03350,DISH_BULK_1900,CUST_02110,2026-09-15T00:48:00
ORD_BULK_03351,DISH_BULK_2658,CUST_00770,2026-09-10T08:51:00
ORD_BULK_03352,DISH_BULK_2567,CUST_03923,2026-09-13T23:58:00
ORD_BULK_03353,DISH_BULK_0022,CUST_02596,2026-09-14T10:21:00
ORD_BULK_03354,DISH_BULK_0141,CUST_03972,2026-09-14T00:53:00
ORD_BULK_03355,DISH_BULK_2730,CUST_01820,2026-09-12T23:46:00
ORD_BULK_03356,DISH_BULK_2439,CUST_01985,2026-09-14T21:16:00
ORD_BULK_03357,DISH_BULK_2463,CUST_03253,2026-09-11T06:13:00
ORD_BULK_03358,DISH_BULK_1380,CUST_01753,2026-09-15T18:00:00
ORD_BULK_03359,DISH_BULK_2650,CUST_03511,2026-09-18T07:00:00
ORD_BULK_03360,DISH_BULK_0365,CUST_03008,2026-09-14T17:05:00
ORD_BULK_03361,DISH_BULK_1157,CUST_02487,2026-09-12T13:16:00
ORD_BULK_03362,DISH_BULK_2870,CUST_00587,2026-09-16T06:00:00
ORD_BULK_03363,DISH_BULK_2296,CUST_03215,2026-09-18T11:41:00
ORD_BULK_03364,DISH_BULK_2020,CUST_00131,2026-09-11T18:54:00
ORD_BULK_03365,DISH_BULK_1993,CUST_03264,2026-09-11T07:46:00
ORD_BULK_03366,DISH_BULK_1188,CUST_03410,2026-09-17T23:47:00
ORD_BULK_03367,DISH_BULK_2201,CUST_03584,2026-09-15T15:28:00
ORD_BULK_03368,DISH_BULK_0642,CUST_03672,2026-09-15T09:51:00
ORD_BULK_03369,DISH_BULK_0427,CUST_01975,2026-09-17T20:56:00
ORD_BULK_03370,DISH_BULK_2168,CUST_00987,2026-09-13T02:27:00
ORD_BULK_03371,DISH_BULK_0820,CUST_00699,2026-09-17T20:09:00
ORD_BULK_03372,DISH_BULK_2820,CUST_00367,2026-09-11T12:48:00
ORD_BULK_03373,DISH_BULK_1735,CUST_02932,2026-09-10T15:58:00
ORD_BULK_03374,DISH_BULK_0610,CUST_03806,2026-09-14T01:09:00
ORD_BULK_03375,DISH_BULK_1524,CUST_03139,2026-09-13T12:33:00
ORD_BULK_03376,DISH_BULK_0856,CUST_02946,2026-09-13T06:20:00
ORD_BULK_03377,DISH_BULK_2681,CUST_01951,2026-09-17T23:07:00
ORD_BULK_03378,DISH_BULK_0458,CUST_02726,2026-09-11T21:04:00
ORD_BULK_03379,DISH_BULK_2143,CUST_02596,2026-09-18T14:05:00
ORD_BULK_03380,DISH_BULK_1969,CUST_00371,2026-09-18T04:54:00
ORD_BULK_03381,DISH_BULK_1317,CUST_03572,2026-09-12T21:06:00
ORD_BULK_03382,DISH_BULK_2313,CUST_03139,2026-09-17T04:01:00
ORD_BULK_03383,DISH_BULK_0218,CUST_02638,2026-09-14T05:43:00
ORD_BULK_03384,DISH_BULK_1498,CUST_03729,2026-09-18T11:54:00
ORD_BULK_03385,DISH_BULK_2923,CUST_01564,2026-09-17T18:33:00
ORD_BULK_03386,DISH_BULK_2584,CUST_03216,2026-09-16T17:26:00
ORD_BULK_03387,DISH_BULK_1743,CUST_03312,2026-09-12T23:43:00
ORD_BULK_03388,DISH_BULK_0869,CUST_01062,2026-09-11T15:35:00
ORD_BULK_03389,DISH_BULK_1145,CUST_00360,2026-09-11T14:24:00
ORD_BULK_03390,DISH_BULK_0319,CUST_01394,2026-09-17T01:42:00
ORD_BULK_03391,DISH_BULK_0724,CUST_03050,2026-09-11T15:42:00
ORD_BULK_03392,DISH_BULK_2300,CUST_01507,2026-09-11T18:47:00
ORD_BULK_03393,DISH_BULK_1237,CUST_03908,2026-09-14T15:49:00
ORD_BULK_03394,DISH_BULK_2317,CUST_03019,2026-09-10T08:27:00
ORD_BULK_03395,DISH_BULK_1227,CUST_00254,2026-09-17T01:07:00
ORD_BULK_03396,DISH_BULK_2147,CUST_00778,2026-09-14T17:59:00
ORD_BULK_03397,DISH_BULK_1689,CUST_01310,2026-09-14T11:40:00
ORD_BULK_03398,DISH_BULK_2736,CUST_03826,2026-09-11T18:29:00
ORD_BULK_03399,DISH_BULK_2082,CUST_02719,2026-09-17T04:16:00
ORD_BULK_03400,DISH_BULK_2373,CUST_00910,2026-09-11T13:06:00
ORD_BULK_03401,DISH_BULK_1573,CUST_00038,2026-09-16T10:59:00
ORD_BULK_03402,DISH_BULK_1840,CUST_01295,2026-09-11T23:30:00
ORD_BULK_03403,DISH_BULK_1169,CUST_03430,2026-09-12T19:46:00
ORD_BULK_03404,DISH_BULK_2001,CUST_02786,2026-09-15T12:27:00
ORD_BULK_03405,DISH_BULK_0557,CUST_02464,2026-09-13T13:23:00
ORD_BULK_03406,DISH_BULK_0551,CUST_03060,2026-09-17T21:41:00
ORD_BULK_03407,DISH_BULK_2833,CUST_00141,2026-09-17T03:32:00
ORD_BULK_03408,DISH_BULK_1265,CUST_01266,2026-09-16T01:10:00
ORD_BULK_03409,DISH_BULK_2774,CUST_00506,2026-09-13T10:40:00
ORD_BULK_03410,DISH_BULK_2847,CUST_02351,2026-09-15T18:36:00
ORD_BULK_03411,DISH_BULK_2538,CUST_03395,2026-09-12T18:54:00
ORD_BULK_03412,DISH_BULK_1981,CUST_01194,2026-09-18T08:16:00
ORD_BULK_03413,DISH_BULK_1496,CUST_00241,2026-09-14T02:58:00
ORD_BULK_03414,DISH_BULK_0579,CUST_03392,2026-09-18T11:43:00
ORD_BULK_03415,DISH_BULK_0816,CUST_03474,2026-09-12T21:27:00
ORD_BULK_03416,DISH_BULK_2822,CUST_03014,2026-09-10T22:21:00
ORD_BULK_03417,DISH_BULK_0687,CUST_03510,2026-09-15T21:07:00
ORD_BULK_03418,DISH_BULK_2933,CUST_01605,2026-09-13T17:40:00
ORD_BULK_03419,DISH_BULK_2654,CUST_03738,2026-09-12T03:28:00
ORD_BULK_03420,DISH_BULK_0042,CUST_02245,2026-09-14T19:07:00
ORD_BULK_03421,DISH_BULK_1336,CUST_01731,2026-09-18T01:06:00
ORD_BULK_03422,DISH_BULK_1893,CUST_01427,2026-09-14T18:52:00
ORD_BULK_03423,DISH_BULK_1555,CUST_00295,2026-09-16T08:08:00
ORD_BULK_03424,DISH_BULK_2930,CUST_01160,2026-09-13T13:06:00
ORD_BULK_03425,DISH_BULK_2806,CUST_03781,2026-09-12T13:16:00
ORD_BULK_03426,DISH_BULK_2825,CUST_03508,2026-09-16T13:38:00
ORD_BULK_03427,DISH_BULK_1566,CUST_00399,2026-09-11T19:44:00
ORD_BULK_03428,DISH_BULK_1278,CUST_03082,2026-09-16T22:29:00
ORD_BULK_03429,DISH_BULK_0175,CUST_03481,2026-09-18T09:45:00
ORD_BULK_03430,DISH_BULK_1199,CUST_01875,2026-09-17T18:45:00
ORD_BULK_03431,DISH_BULK_0624,CUST_02365,2026-09-11T21:33:00
ORD_BULK_03432,DISH_BULK_1763,CUST_02851,2026-09-15T19:44:00
ORD_BULK_03433,DISH_BULK_1146,CUST_03676,2026-09-11T23:32:00
ORD_BULK_03434,DISH_BULK_0813,CUST_00894,2026-09-12T13:25:00
ORD_BULK_03435,DISH_BULK_2621,CUST_00038,2026-09-14T10:54:00
ORD_BULK_03436,DISH_BULK_2927,CUST_03507,2026-09-16T21:11:00
ORD_BULK_03437,DISH_BULK_0371,CUST_02779,2026-09-12T00:18:00
ORD_BULK_03438,DISH_BULK_1496,CUST_03893,2026-09-15T04:37:00
ORD_BULK_03439,DISH_BULK_2737,CUST_03448,2026-09-12T05:56:00
ORD_BULK_03440,DISH_BULK_0184,CUST_00394,2026-09-14T09:05:00
ORD_BULK_03441,DISH_BULK_1894,CUST_00736,2026-09-10T22:19:00
ORD_BULK_03442,DISH_BULK_0434,CUST_02112,2026-09-17T17:31:00
ORD_BULK_03443,DISH_BULK_1340,CUST_02431,2026-09-15T06:27:00
ORD_BULK_03444,DISH_BULK_0562,CUST_02569,2026-09-18T13:18:00
ORD_BULK_03445,DISH_BULK_1608,CUST_01004,2026-09-10T17:16:00
ORD_BULK_03446,DISH_BULK_0440,CUST_00987,2026-09-14T20:18:00
ORD_BULK_03447,DISH_BULK_1955,CUST_01240,2026-09-18T03:51:00
ORD_BULK_03448,DISH_BULK_2395,CUST_03910,2026-09-12T07:06:00
ORD_BULK_03449,DISH_BULK_2627,CUST_03053,2026-09-14T14:30:00
ORD_BULK_03450,DISH_BULK_2787,CUST_03258,2026-09-17T23:09:00
ORD_BULK_03451,DISH_BULK_2651,CUST_00368,2026-09-15T14:36:00
ORD_BULK_03452,DISH_BULK_2617,CUST_01566,2026-09-13T11:09:00
ORD_BULK_03453,DISH_BULK_2544,CUST_02676,2026-09-15T09:32:00
ORD_BULK_03454,DISH_BULK_1458,CUST_00048,2026-09-11T16:46:00
ORD_BULK_03455,DISH_BULK_0431,CUST_00339,2026-09-11T17:19:00
ORD_BULK_03456,DISH_BULK_1957,CUST_02628,2026-09-17T22:37:00
ORD_BULK_03457,DISH_BULK_2041,CUST_00922,2026-09-10T14:17:00
ORD_BULK_03458,DISH_BULK_2357,CUST_02347,2026-09-16T20:21:00
ORD_BULK_03459,DISH_BULK_1918,CUST_01122,2026-09-18T05:26:00
ORD_BULK_03460,DISH_BULK_0341,CUST_03254,2026-09-17T01:53:00
ORD_BULK_03461,DISH_BULK_0695,CUST_01573,2026-09-15T20:12:00
ORD_BULK_03462,DISH_BULK_2594,CUST_02879,2026-09-15T06:25:00
ORD_BULK_03463,DISH_BULK_1176,CUST_02341,2026-09-11T18:11:00
ORD_BULK_03464,DISH_BULK_0361,CUST_01333,2026-09-11T01:20:00
ORD_BULK_03465,DISH_BULK_2877,CUST_03723,2026-09-16T10:46:00
ORD_BULK_03466,DISH_BULK_0711,CUST_01661,2026-09-18T07:20:00
ORD_BULK_03467,DISH_BULK_0034,CUST_01613,2026-09-16T15:50:00
ORD_BULK_03468,DISH_BULK_2151,CUST_03210,2026-09-16T08:44:00
ORD_BULK_03469,DISH_BULK_1955,CUST_00262,2026-09-16T05:41:00
ORD_BULK_03470,DISH_BULK_2349,CUST_02208,2026-09-18T10:54:00
ORD_BULK_03471,DISH_BULK_2623,CUST_00509,2026-09-12T16:39:00
ORD_BULK_03472,DISH_BULK_2651,CUST_03677,2026-09-11T16:02:00
ORD_BULK_03473,DISH_BULK_0694,CUST_03531,2026-09-17T03:35:00
ORD_BULK_03474,DISH_BULK_2801,CUST_00738,2026-09-10T09:27:00
ORD_BULK_03475,DISH_BULK_2226,CUST_01832,2026-09-13T21:49:00
ORD_BULK_03476,DISH_BULK_0457,CUST_00161,2026-09-11T19:10:00
ORD_BULK_03477,DISH_BULK_2309,CUST_00845,2026-09-17T18:12:00
ORD_BULK_03478,DISH_BULK_0614,CUST_00360,2026-09-16T17:35:00
ORD_BULK_03479,DISH_BULK_1005,CUST_03488,2026-09-10T17:33:00
ORD_BULK_03480,DISH_BULK_0300,CUST_00511,2026-09-16T02:12:00
ORD_BULK_03481,DISH_BULK_1176,CUST_01490,2026-09-16T12:39:00
ORD_BULK_03482,DISH_BULK_0656,CUST_01733,2026-09-17T19:43:00
ORD_BULK_03483,DISH_PNR_001,CUST_01018,2026-09-13T18:05:00
ORD_BULK_03484,DISH_BULK_0143,CUST_03876,2026-09-16T05:50:00
ORD_BULK_03485,DISH_BULK_1155,CUST_02700,2026-09-16T09:50:00
ORD_BULK_03486,DISH_BULK_1776,CUST_00573,2026-09-16T21:34:00
ORD_BULK_03487,DISH_BULK_1962,CUST_02848,2026-09-13T21:27:00
ORD_BULK_03488,DISH_BULK_2094,CUST_03731,2026-09-14T08:09:00
ORD_BULK_03489,DISH_BULK_2436,CUST_02205,2026-09-16T03:25:00
ORD_BULK_03490,DISH_BULK_0813,CUST_02818,2026-09-11T11:02:00
ORD_BULK_03491,DISH_BULK_2668,CUST_03358,2026-09-10T20:12:00
ORD_BULK_03492,DISH_BULK_0925,CUST_00151,2026-09-12T11:21:00
ORD_BULK_03493,DISH_BULK_0534,CUST_01228,2026-09-12T18:46:00
ORD_BULK_03494,DISH_BULK_0503,CUST_02467,2026-09-16T14:45:00
ORD_BULK_03495,DISH_BULK_0838,CUST_02424,2026-09-14T10:02:00
ORD_BULK_03496,DISH_BULK_1090,CUST_00527,2026-09-18T15:05:00
ORD_BULK_03497,DISH_BULK_2502,CUST_01729,2026-09-11T04:18:00
ORD_BULK_03498,DISH_BULK_2206,CUST_01045,2026-09-13T07:10:00
ORD_BULK_03499,DISH_BULK_1517,CUST_02662,2026-09-12T04:35:00
ORD_BULK_03500,DISH_BULK_1592,CUST_01869,2026-09-11T06:44:00
ORD_BULK_03501,DISH_BULK_0995,CUST_02772,2026-09-15T04:08:00
ORD_BULK_03502,DISH_BULK_2798,CUST_00587,2026-09-16T10:20:00
ORD_BULK_03503,DISH_BULK_0788,CUST_00290,2026-09-17T11:54:00
ORD_BULK_03504,DISH_BULK_1057,CUST_02594,2026-09-18T06:16:00
ORD_BULK_03505,DISH_BULK_2598,CUST_00790,2026-09-18T11:05:00
ORD_BULK_03506,DISH_BULK_1478,CUST_02309,2026-09-17T19:29:00
ORD_BULK_03507,DISH_BULK_2607,CUST_03361,2026-09-16T03:39:00
ORD_BULK_03508,DISH_BULK_2431,CUST_00672,2026-09-15T02:36:00
ORD_BULK_03509,DISH_BULK_0582,CUST_01296,2026-09-15T06:24:00
ORD_BULK_03510,DISH_BULK_1506,CUST_00107,2026-09-17T04:49:00
ORD_BULK_03511,DISH_BULK_0967,CUST_00318,2026-09-13T09:45:00
ORD_BULK_03512,DISH_BULK_0464,CUST_02177,2026-09-11T14:02:00
ORD_BULK_03513,DISH_BULK_2755,CUST_02247,2026-09-14T23:04:00
ORD_BULK_03514,DISH_BULK_0224,CUST_01350,2026-09-17T14:48:00
ORD_BULK_03515,DISH_BULK_0318,CUST_01487,2026-09-14T03:04:00
ORD_BULK_03516,DISH_BULK_1073,CUST_00600,2026-09-12T21:38:00
ORD_BULK_03517,DISH_BULK_1074,CUST_00041,2026-09-11T10:44:00
ORD_BULK_03518,DISH_BULK_1498,CUST_03969,2026-09-12T20:40:00
ORD_BULK_03519,DISH_BULK_1504,CUST_03899,2026-09-11T12:40:00
ORD_BULK_03520,DISH_BULK_0459,CUST_00720,2026-09-16T07:45:00
ORD_BULK_03521,DISH_BULK_2937,CUST_03587,2026-09-13T19:42:00
ORD_BULK_03522,DISH_BULK_2365,CUST_03365,2026-09-15T21:41:00
ORD_BULK_03523,DISH_BULK_0345,CUST_02167,2026-09-14T07:16:00
ORD_BULK_03524,DISH_BULK_2823,CUST_02344,2026-09-13T13:00:00
ORD_BULK_03525,DISH_BULK_2213,CUST_01111,2026-09-17T05:52:00
ORD_BULK_03526,DISH_BULK_0359,CUST_03673,2026-09-10T21:05:00
ORD_BULK_03527,DISH_BULK_0653,CUST_01303,2026-09-14T18:22:00
ORD_BULK_03528,DISH_BULK_0694,CUST_01414,2026-09-18T01:05:00
ORD_BULK_03529,DISH_BULK_2131,CUST_02260,2026-09-17T02:22:00
ORD_BULK_03530,DISH_BULK_1603,CUST_01954,2026-09-17T01:44:00
ORD_BULK_03531,DISH_BULK_0476,CUST_01062,2026-09-10T10:35:00
ORD_BULK_03532,DISH_BULK_2766,CUST_02104,2026-09-18T10:45:00
ORD_BULK_03533,DISH_BULK_0590,CUST_02694,2026-09-11T18:30:00
ORD_BULK_03534,DISH_BULK_0538,CUST_01552,2026-09-16T18:58:00
ORD_BULK_03535,DISH_BULK_1049,CUST_00217,2026-09-18T14:05:00
ORD_BULK_03536,DISH_BULK_2572,CUST_03992,2026-09-14T13:04:00
ORD_BULK_03537,DISH_BULK_2851,CUST_03185,2026-09-13T04:01:00
ORD_BULK_03538,DISH_BULK_2731,CUST_02494,2026-09-15T02:12:00
ORD_BULK_03539,DISH_BULK_2848,CUST_01876,2026-09-12T09:59:00
ORD_BULK_03540,DISH_BULK_1751,CUST_01450,2026-09-15T15:58:00
ORD_BULK_03541,DISH_BULK_2011,CUST_01175,2026-09-13T11:19:00
ORD_BULK_03542,DISH_BULK_1706,CUST_02133,2026-09-18T12:11:00
ORD_BULK_03543,DISH_BULK_0891,CUST_01251,2026-09-17T13:34:00
ORD_BULK_03544,DISH_BULK_0310,CUST_03881,2026-09-13T19:27:00
ORD_BULK_03545,DISH_BULK_1619,CUST_03157,2026-09-13T21:23:00
ORD_BULK_03546,DISH_BULK_0323,CUST_02600,2026-09-11T05:42:00
ORD_BULK_03547,DISH_BULK_0268,CUST_02990,2026-09-13T01:32:00
ORD_BULK_03548,DISH_BULK_0337,CUST_00677,2026-09-16T21:05:00
ORD_BULK_03549,DISH_BULK_0189,CUST_00347,2026-09-13T14:03:00
ORD_BULK_03550,DISH_BULK_2223,CUST_03808,2026-09-15T22:34:00
ORD_BULK_03551,DISH_PNR_044,CUST_03942,2026-09-15T03:46:00
ORD_BULK_03552,DISH_BULK_2727,CUST_02084,2026-09-18T15:33:00
ORD_BULK_03553,DISH_BULK_0512,CUST_01965,2026-09-15T23:56:00
ORD_BULK_03554,DISH_BULK_2063,CUST_02807,2026-09-18T00:48:00
ORD_BULK_03555,DISH_BULK_2134,CUST_02859,2026-09-11T18:02:00
ORD_BULK_03556,DISH_BULK_1614,CUST_00057,2026-09-17T08:17:00
ORD_BULK_03557,DISH_BULK_0732,CUST_03731,2026-09-10T09:59:00
ORD_BULK_03558,DISH_BULK_2879,CUST_01741,2026-09-18T07:51:00
ORD_BULK_03559,DISH_BULK_2142,CUST_03071,2026-09-14T06:13:00
ORD_BULK_03560,DISH_BULK_0954,CUST_03027,2026-09-17T20:32:00
ORD_BULK_03561,DISH_BULK_2117,CUST_02802,2026-09-17T06:21:00
ORD_BULK_03562,DISH_BULK_0127,CUST_02488,2026-09-15T10:30:00
ORD_BULK_03563,DISH_BULK_0644,CUST_02763,2026-09-16T06:57:00
ORD_BULK_03564,DISH_BULK_0875,CUST_00717,2026-09-11T04:30:00
ORD_BULK_03565,DISH_BULK_1457,CUST_03439,2026-09-11T20:24:00
ORD_BULK_03566,DISH_BULK_2058,CUST_01448,2026-09-10T21:54:00
ORD_BULK_03567,DISH_BULK_1685,CUST_02030,2026-09-14T15:31:00
ORD_BULK_03568,DISH_BULK_0652,CUST_01529,2026-09-11T14:55:00
ORD_BULK_03569,DISH_BULK_1338,CUST_03744,2026-09-18T01:25:00
ORD_BULK_03570,DISH_BULK_0977,CUST_03407,2026-09-16T11:12:00
ORD_BULK_03571,DISH_BULK_0436,CUST_01189,2026-09-13T17:41:00
ORD_BULK_03572,DISH_BULK_1932,CUST_01203,2026-09-13T08:17:00
ORD_BULK_03573,DISH_BULK_0826,CUST_00010,2026-09-17T12:21:00
ORD_BULK_03574,DISH_BULK_2283,CUST_01613,2026-09-12T19:22:00
ORD_BULK_03575,DISH_BULK_1202,CUST_03806,2026-09-17T15:34:00
ORD_BULK_03576,DISH_BULK_2065,CUST_03383,2026-09-10T17:40:00
ORD_BULK_03577,DISH_BULK_1850,CUST_03656,2026-09-17T08:41:00
ORD_BULK_03578,DISH_BULK_1953,CUST_00236,2026-09-14T09:08:00
ORD_BULK_03579,DISH_PNR_025,CUST_02522,2026-09-15T13:42:00
ORD_BULK_03580,DISH_BULK_1299,CUST_01223,2026-09-14T08:38:00
ORD_BULK_03581,DISH_BULK_0392,CUST_00022,2026-09-14T07:29:00
ORD_BULK_03582,DISH_BULK_2913,CUST_00763,2026-09-14T21:47:00
ORD_BULK_03583,DISH_BULK_1406,CUST_00037,2026-09-11T11:40:00
ORD_BULK_03584,DISH_BULK_1718,CUST_02016,2026-09-12T13:56:00
ORD_BULK_03585,DISH_BULK_0301,CUST_02168,2026-09-16T04:26:00
ORD_BULK_03586,DISH_BULK_0583,CUST_01683,2026-09-11T17:49:00
ORD_BULK_03587,DISH_BULK_1950,CUST_00029,2026-09-12T02:29:00
ORD_BULK_03588,DISH_BULK_2643,CUST_01025,2026-09-12T21:44:00
ORD_BULK_03589,DISH_BULK_1881,CUST_01620,2026-09-14T14:12:00
ORD_BULK_03590,DISH_BULK_1179,CUST_01493,2026-09-15T04:57:00
ORD_BULK_03591,DISH_BULK_0700,CUST_02198,2026-09-13T09:35:00
ORD_BULK_03592,DISH_BULK_0399,CUST_01797,2026-09-17T19:12:00
ORD_BULK_03593,DISH_BULK_1753,CUST_00663,2026-09-11T22:11:00
ORD_BULK_03594,DISH_BULK_1402,CUST_03061,2026-09-15T06:30:00
ORD_BULK_03595,DISH_PNR_024,CUST_01472,2026-09-18T09:39:00
ORD_BULK_03596,DISH_BULK_0766,CUST_00454,2026-09-12T11:45:00
ORD_BULK_03597,DISH_BULK_1120,CUST_00165,2026-09-11T20:30:00
ORD_BULK_03598,DISH_BULK_1570,CUST_01725,2026-09-14T02:26:00
ORD_BULK_03599,DISH_BULK_0083,CUST_00657,2026-09-17T21:55:00
ORD_BULK_03600,DISH_BULK_0769,CUST_03885,2026-09-15T18:52:00
ORD_BULK_03601,DISH_BULK_2678,CUST_01089,2026-09-11T16:26:00
ORD_BULK_03602,DISH_BULK_1678,CUST_02004,2026-09-16T14:13:00
ORD_BULK_03603,DISH_BULK_1983,CUST_03277,2026-09-18T02:09:00
ORD_BULK_03604,DISH_BULK_2879,CUST_00522,2026-09-14T00:42:00
ORD_BULK_03605,DISH_BULK_1591,CUST_02056,2026-09-18T14:14:00
ORD_BULK_03606,DISH_BULK_1546,CUST_00539,2026-09-11T13:57:00
ORD_BULK_03607,DISH_BULK_0395,CUST_03247,2026-09-10T13:46:00
ORD_BULK_03608,DISH_BULK_0470,CUST_00638,2026-09-14T05:58:00
ORD_BULK_03609,DISH_BULK_2002,CUST_00056,2026-09-18T02:53:00
ORD_BULK_03610,DISH_BULK_0922,CUST_00214,2026-09-18T01:13:00
ORD_BULK_03611,DISH_BULK_1355,CUST_01760,2026-09-17T03:02:00
ORD_BULK_03612,DISH_PNR_033,CUST_01780,2026-09-15T19:07:00
ORD_BULK_03613,DISH_BULK_1139,CUST_01156,2026-09-15T20:41:00
ORD_BULK_03614,DISH_BULK_0292,CUST_03117,2026-09-15T05:07:00
ORD_BULK_03615,DISH_BULK_0968,CUST_02530,2026-09-12T01:38:00
ORD_BULK_03616,DISH_BULK_2941,CUST_02095,2026-09-12T11:01:00
ORD_BULK_03617,DISH_BULK_0975,CUST_01152,2026-09-11T15:24:00
ORD_BULK_03618,DISH_BULK_1033,CUST_02872,2026-09-13T03:32:00
ORD_BULK_03619,DISH_BULK_2683,CUST_03362,2026-09-15T05:11:00
ORD_BULK_03620,DISH_BULK_0766,CUST_01942,2026-09-18T08:54:00
ORD_BULK_03621,DISH_BULK_0376,CUST_02872,2026-09-18T15:27:00
ORD_BULK_03622,DISH_BULK_2011,CUST_02504,2026-09-12T09:28:00
ORD_BULK_03623,DISH_BULK_0726,CUST_03502,2026-09-17T01:26:00
ORD_BULK_03624,DISH_BULK_2530,CUST_02599,2026-09-12T00:36:00
ORD_BULK_03625,DISH_BULK_0893,CUST_00494,2026-09-11T20:07:00
ORD_BULK_03626,DISH_BULK_1597,CUST_00158,2026-09-13T10:46:00
ORD_BULK_03627,DISH_BULK_0741,CUST_03806,2026-09-11T23:55:00
ORD_BULK_03628,DISH_BULK_1700,CUST_00073,2026-09-17T08:20:00
ORD_BULK_03629,DISH_BULK_0771,CUST_00373,2026-09-10T21:54:00
ORD_BULK_03630,DISH_BULK_1511,CUST_01669,2026-09-16T07:21:00
ORD_BULK_03631,DISH_BULK_1209,CUST_02868,2026-09-17T12:56:00
ORD_BULK_03632,DISH_BULK_0901,CUST_00909,2026-09-14T03:47:00
ORD_BULK_03633,DISH_BULK_1699,CUST_01963,2026-09-11T00:45:00
ORD_BULK_03634,DISH_BULK_2042,CUST_01750,2026-09-17T15:49:00
ORD_BULK_03635,DISH_BULK_0165,CUST_01247,2026-09-11T14:03:00
ORD_BULK_03636,DISH_BULK_1056,CUST_01490,2026-09-13T12:36:00
ORD_BULK_03637,DISH_BULK_1391,CUST_02915,2026-09-15T02:09:00
ORD_BULK_03638,DISH_BULK_0965,CUST_01311,2026-09-10T20:59:00
ORD_BULK_03639,DISH_BULK_0698,CUST_00168,2026-09-10T08:08:00
ORD_BULK_03640,DISH_BULK_0167,CUST_02706,2026-09-13T23:49:00
ORD_BULK_03641,DISH_BULK_0822,CUST_01169,2026-09-15T16:54:00
ORD_BULK_03642,DISH_BULK_1101,CUST_03722,2026-09-17T05:37:00
ORD_BULK_03643,DISH_BULK_0366,CUST_01765,2026-09-12T10:28:00
ORD_BULK_03644,DISH_BULK_0987,CUST_03885,2026-09-15T22:09:00
ORD_BULK_03645,DISH_BULK_1443,CUST_01370,2026-09-13T19:06:00
ORD_BULK_03646,DISH_BULK_0410,CUST_00397,2026-09-17T22:40:00
ORD_BULK_03647,DISH_BULK_0009,CUST_02798,2026-09-16T14:40:00
ORD_BULK_03648,DISH_BULK_0487,CUST_01357,2026-09-14T10:27:00
ORD_BULK_03649,DISH_BULK_1434,CUST_03044,2026-09-17T00:48:00
ORD_BULK_03650,DISH_BULK_2120,CUST_02477,2026-09-14T13:28:00
ORD_BULK_03651,DISH_BULK_0929,CUST_02664,2026-09-13T11:21:00
ORD_BULK_03652,DISH_BULK_0814,CUST_02394,2026-09-14T16:52:00
ORD_BULK_03653,DISH_BULK_0311,CUST_03634,2026-09-11T13:02:00
ORD_BULK_03654,DISH_BULK_0488,CUST_02579,2026-09-17T04:20:00
ORD_BULK_03655,DISH_BULK_0446,CUST_00169,2026-09-17T00:10:00
ORD_BULK_03656,DISH_BULK_2634,CUST_03349,2026-09-12T12:00:00
ORD_BULK_03657,DISH_BULK_0744,CUST_02887,2026-09-15T09:43:00
ORD_BULK_03658,DISH_BULK_0358,CUST_00307,2026-09-16T13:15:00
ORD_BULK_03659,DISH_BULK_2489,CUST_01405,2026-09-13T18:19:00
ORD_BULK_03660,DISH_BULK_2925,CUST_01943,2026-09-12T15:09:00
ORD_BULK_03661,DISH_BULK_2139,CUST_02953,2026-09-12T01:57:00
ORD_BULK_03662,DISH_BULK_0133,CUST_00524,2026-09-12T12:20:00
ORD_BULK_03663,DISH_BULK_1666,CUST_02255,2026-09-18T10:18:00
ORD_BULK_03664,DISH_BULK_0988,CUST_03652,2026-09-16T17:00:00
ORD_BULK_03665,DISH_BULK_1376,CUST_03666,2026-09-14T11:56:00
ORD_BULK_03666,DISH_BULK_1790,CUST_02580,2026-09-18T11:52:00
ORD_BULK_03667,DISH_BULK_0434,CUST_03731,2026-09-15T07:05:00
ORD_BULK_03668,DISH_BULK_0231,CUST_01978,2026-09-15T02:24:00
ORD_BULK_03669,DISH_BULK_2099,CUST_03815,2026-09-16T01:35:00
ORD_BULK_03670,DISH_BULK_0043,CUST_00684,2026-09-17T03:36:00
ORD_BULK_03671,DISH_BULK_1076,CUST_02854,2026-09-11T19:12:00
ORD_BULK_03672,DISH_BULK_1140,CUST_00187,2026-09-16T18:36:00
ORD_BULK_03673,DISH_BULK_0203,CUST_03254,2026-09-18T05:27:00
ORD_BULK_03674,DISH_BULK_0733,CUST_03034,2026-09-14T20:32:00
ORD_BULK_03675,DISH_BULK_1981,CUST_02805,2026-09-16T09:23:00
ORD_BULK_03676,DISH_BULK_2057,CUST_03980,2026-09-11T04:28:00
ORD_BULK_03677,DISH_BULK_0631,CUST_01794,2026-09-16T03:04:00
ORD_BULK_03678,DISH_BULK_1527,CUST_02304,2026-09-14T18:33:00
ORD_BULK_03679,DISH_BULK_1595,CUST_02488,2026-09-13T10:08:00
ORD_BULK_03680,DISH_BULK_0801,CUST_00754,2026-09-10T08:58:00
ORD_BULK_03681,DISH_BULK_0609,CUST_02343,2026-09-12T19:28:00
ORD_BULK_03682,DISH_BULK_2379,CUST_02854,2026-09-10T10:25:00
ORD_BULK_03683,DISH_BULK_2054,CUST_01866,2026-09-16T01:34:00
ORD_BULK_03684,DISH_BULK_2852,CUST_02952,2026-09-16T07:22:00
ORD_BULK_03685,DISH_BULK_1014,CUST_01243,2026-09-12T20:09:00
ORD_BULK_03686,DISH_BULK_1167,CUST_02902,2026-09-13T09:19:00
ORD_BULK_03687,DISH_BULK_2215,CUST_00488,2026-09-12T06:43:00
ORD_BULK_03688,DISH_BULK_0871,CUST_00187,2026-09-16T09:41:00
ORD_BULK_03689,DISH_BULK_0929,CUST_01196,2026-09-10T18:40:00
ORD_BULK_03690,DISH_BULK_2573,CUST_00607,2026-09-13T11:50:00
ORD_BULK_03691,DISH_BULK_0498,CUST_01108,2026-09-10T22:04:00
ORD_BULK_03692,DISH_BULK_2585,CUST_01020,2026-09-12T17:20:00
ORD_BULK_03693,DISH_BULK_2143,CUST_00476,2026-09-10T08:22:00
ORD_BULK_03694,DISH_BULK_2610,CUST_01424,2026-09-17T12:45:00
ORD_BULK_03695,DISH_BULK_2432,CUST_03983,2026-09-14T12:47:00
ORD_BULK_03696,DISH_BULK_1283,CUST_00341,2026-09-18T08:38:00
ORD_BULK_03697,DISH_BULK_2203,CUST_01082,2026-09-18T13:10:00
ORD_BULK_03698,DISH_BULK_0501,CUST_01673,2026-09-17T06:58:00
ORD_BULK_03699,DISH_BULK_1161,CUST_01330,2026-09-10T23:38:00
ORD_BULK_03700,DISH_BULK_2517,CUST_03343,2026-09-10T10:50:00
ORD_BULK_03701,DISH_BULK_1410,CUST_00899,2026-09-18T15:28:00
ORD_BULK_03702,DISH_BULK_1099,CUST_00724,2026-09-13T05:54:00
ORD_BULK_03703,DISH_BULK_0018,CUST_02202,2026-09-17T19:29:00
ORD_BULK_03704,DISH_BULK_2343,CUST_00436,2026-09-18T13:19:00
ORD_BULK_03705,DISH_BULK_2772,CUST_01565,2026-09-17T18:32:00
ORD_BULK_03706,DISH_BULK_1008,CUST_03564,2026-09-17T11:00:00
ORD_BULK_03707,DISH_BULK_2552,CUST_02476,2026-09-16T14:25:00
ORD_BULK_03708,DISH_BULK_0798,CUST_03346,2026-09-15T08:44:00
ORD_BULK_03709,DISH_BULK_0857,CUST_01329,2026-09-13T09:23:00
ORD_BULK_03710,DISH_BULK_0789,CUST_02383,2026-09-17T11:58:00
ORD_BULK_03711,DISH_BULK_1573,CUST_00638,2026-09-15T09:48:00
ORD_BULK_03712,DISH_BULK_0903,CUST_02990,2026-09-18T14:19:00
ORD_BULK_03713,DISH_BULK_1731,CUST_01510,2026-09-12T00:30:00
ORD_BULK_03714,DISH_BULK_1916,CUST_00384,2026-09-15T23:25:00
ORD_BULK_03715,DISH_BULK_0697,CUST_01882,2026-09-12T10:31:00
ORD_BULK_03716,DISH_BULK_0675,CUST_00774,2026-09-16T19:33:00
ORD_BULK_03717,DISH_BULK_1963,CUST_03864,2026-09-18T15:11:00
ORD_BULK_03718,DISH_BULK_0692,CUST_02653,2026-09-13T13:01:00
ORD_BULK_03719,DISH_BULK_0040,CUST_01271,2026-09-12T04:29:00
ORD_BULK_03720,DISH_BULK_0681,CUST_03349,2026-09-14T19:38:00
ORD_BULK_03721,DISH_BULK_2769,CUST_02490,2026-09-12T11:17:00
ORD_BULK_03722,DISH_BULK_0238,CUST_00588,2026-09-11T03:40:00
ORD_BULK_03723,DISH_BULK_1700,CUST_01005,2026-09-15T12:15:00
ORD_BULK_03724,DISH_BULK_2596,CUST_03975,2026-09-14T21:54:00
ORD_BULK_03725,DISH_BULK_0364,CUST_02967,2026-09-16T07:50:00
ORD_BULK_03726,DISH_BULK_0516,CUST_02977,2026-09-10T11:13:00
ORD_BULK_03727,DISH_BULK_2425,CUST_00409,2026-09-14T15:11:00
ORD_BULK_03728,DISH_BULK_1526,CUST_00085,2026-09-11T14:02:00
ORD_BULK_03729,DISH_BULK_0009,CUST_03128,2026-09-17T15:59:00
ORD_BULK_03730,DISH_BULK_0133,CUST_00542,2026-09-13T03:48:00
ORD_BULK_03731,DISH_BULK_0296,CUST_01097,2026-09-11T22:56:00
ORD_BULK_03732,DISH_BULK_2523,CUST_02457,2026-09-10T11:41:00
ORD_BULK_03733,DISH_PNR_039,CUST_03923,2026-09-11T13:02:00
ORD_BULK_03734,DISH_BULK_2175,CUST_03016,2026-09-14T04:24:00
ORD_BULK_03735,DISH_BULK_2851,CUST_00349,2026-09-12T15:14:00
ORD_BULK_03736,DISH_BULK_0524,CUST_01968,2026-09-16T17:41:00
ORD_BULK_03737,DISH_BULK_1773,CUST_03341,2026-09-12T04:32:00
ORD_BULK_03738,DISH_BULK_1213,CUST_01359,2026-09-15T18:46:00
ORD_BULK_03739,DISH_BULK_0586,CUST_00999,2026-09-10T23:15:00
ORD_BULK_03740,DISH_BULK_2180,CUST_02835,2026-09-13T09:02:00
ORD_BULK_03741,DISH_BULK_2524,CUST_02227,2026-09-11T17:36:00
ORD_BULK_03742,DISH_BULK_0040,CUST_03379,2026-09-10T20:09:00
ORD_BULK_03743,DISH_BULK_0375,CUST_02231,2026-09-13T17:01:00
ORD_BULK_03744,DISH_BULK_0374,CUST_02096,2026-09-15T01:24:00
ORD_BULK_03745,DISH_BULK_0534,CUST_00005,2026-09-12T21:15:00
ORD_BULK_03746,DISH_BULK_0052,CUST_00929,2026-09-15T04:38:00
ORD_BULK_03747,DISH_BULK_1532,CUST_00604,2026-09-14T08:28:00
ORD_BULK_03748,DISH_BULK_2638,CUST_01175,2026-09-12T21:40:00
ORD_BULK_03749,DISH_BULK_2757,CUST_01576,2026-09-18T03:31:00
ORD_BULK_03750,DISH_BULK_2882,CUST_03371,2026-09-11T14:41:00
ORD_BULK_03751,DISH_BULK_1968,CUST_00695,2026-09-11T14:04:00
ORD_BULK_03752,DISH_BULK_0873,CUST_00417,2026-09-13T12:57:00
ORD_BULK_03753,DISH_BULK_1417,CUST_00313,2026-09-17T08:07:00
ORD_BULK_03754,DISH_BULK_1320,CUST_00485,2026-09-14T10:26:00
ORD_BULK_03755,DISH_BULK_0301,CUST_03669,2026-09-10T19:50:00
ORD_BULK_03756,DISH_BULK_2430,CUST_00619,2026-09-12T08:37:00
ORD_BULK_03757,DISH_BULK_1709,CUST_02173,2026-09-14T03:26:00
ORD_BULK_03758,DISH_BULK_2410,CUST_00743,2026-09-18T01:31:00
ORD_BULK_03759,DISH_BULK_1695,CUST_00616,2026-09-17T22:12:00
ORD_BULK_03760,DISH_BULK_2768,CUST_01236,2026-09-17T10:36:00
ORD_BULK_03761,DISH_BULK_1129,CUST_01427,2026-09-11T12:22:00
ORD_BULK_03762,DISH_BULK_1064,CUST_03753,2026-09-16T00:19:00
ORD_BULK_03763,DISH_BULK_2664,CUST_01512,2026-09-13T08:28:00
ORD_BULK_03764,DISH_BULK_2867,CUST_03272,2026-09-11T04:51:00
ORD_BULK_03765,DISH_PNR_009,CUST_03530,2026-09-12T00:35:00
ORD_BULK_03766,DISH_BULK_2640,CUST_00601,2026-09-13T23:27:00
ORD_BULK_03767,DISH_BULK_0559,CUST_01600,2026-09-15T09:58:00
ORD_BULK_03768,DISH_BULK_2908,CUST_03264,2026-09-15T18:38:00
ORD_BULK_03769,DISH_BULK_0229,CUST_00464,2026-09-16T21:47:00
ORD_BULK_03770,DISH_BULK_1704,CUST_03931,2026-09-18T14:26:00
ORD_BULK_03771,DISH_BULK_1094,CUST_00593,2026-09-11T08:41:00
ORD_BULK_03772,DISH_BULK_1277,CUST_00523,2026-09-12T09:39:00
ORD_BULK_03773,DISH_BULK_1531,CUST_01445,2026-09-13T23:11:00
ORD_BULK_03774,DISH_BULK_1978,CUST_01737,2026-09-15T19:25:00
ORD_BULK_03775,DISH_BULK_2794,CUST_03985,2026-09-15T01:02:00
ORD_BULK_03776,DISH_BULK_2418,CUST_03251,2026-09-17T13:50:00
ORD_BULK_03777,DISH_BULK_1319,CUST_00567,2026-09-17T18:34:00
ORD_BULK_03778,DISH_BULK_0961,CUST_01570,2026-09-15T02:19:00
ORD_BULK_03779,DISH_BULK_2204,CUST_02037,2026-09-16T11:06:00
ORD_BULK_03780,DISH_BULK_2140,CUST_02018,2026-09-16T09:24:00
ORD_BULK_03781,DISH_BULK_2150,CUST_03365,2026-09-12T22:50:00
ORD_BULK_03782,DISH_BULK_1529,CUST_00343,2026-09-16T22:38:00
ORD_BULK_03783,DISH_BULK_2882,CUST_01728,2026-09-16T07:53:00
ORD_BULK_03784,DISH_BULK_2320,CUST_03181,2026-09-18T05:22:00
ORD_BULK_03785,DISH_BULK_0852,CUST_02880,2026-09-11T07:49:00
ORD_BULK_03786,DISH_BULK_0917,CUST_01482,2026-09-10T08:46:00
ORD_BULK_03787,DISH_BULK_0786,CUST_03485,2026-09-10T12:41:00
ORD_BULK_03788,DISH_BULK_1438,CUST_02288,2026-09-15T17:24:00
ORD_BULK_03789,DISH_BULK_0501,CUST_03773,2026-09-11T14:04:00
ORD_BULK_03790,DISH_BULK_0198,CUST_03733,2026-09-14T07:23:00
ORD_BULK_03791,DISH_BULK_1432,CUST_03477,2026-09-11T22:03:00
ORD_BULK_03792,DISH_BULK_1161,CUST_01886,2026-09-11T23:21:00
ORD_BULK_03793,DISH_BULK_2212,CUST_03981,2026-09-15T02:58:00
ORD_BULK_03794,DISH_BULK_0947,CUST_00864,2026-09-12T21:19:00
ORD_BULK_03795,DISH_BULK_0182,CUST_03060,2026-09-11T21:37:00
ORD_BULK_03796,DISH_BULK_0434,CUST_03941,2026-09-18T05:59:00
ORD_BULK_03797,DISH_BULK_2837,CUST_00587,2026-09-14T15:04:00
ORD_BULK_03798,DISH_BULK_0061,CUST_02852,2026-09-15T03:58:00
ORD_BULK_03799,DISH_BULK_1476,CUST_00222,2026-09-18T07:31:00
ORD_BULK_03800,DISH_BULK_0388,CUST_02715,2026-09-16T22:49:00
ORD_BULK_03801,DISH_BULK_0256,CUST_01954,2026-09-17T02:10:00
ORD_BULK_03802,DISH_BULK_0601,CUST_00124,2026-09-12T00:06:00
ORD_BULK_03803,DISH_BULK_1450,CUST_00579,2026-09-11T05:34:00
ORD_BULK_03804,DISH_BULK_0957,CUST_00316,2026-09-10T11:24:00
ORD_BULK_03805,DISH_BULK_2285,CUST_03405,2026-09-15T01:43:00
ORD_BULK_03806,DISH_BULK_0567,CUST_03136,2026-09-12T09:48:00
ORD_BULK_03807,DISH_BULK_1878,CUST_03046,2026-09-11T22:15:00
ORD_BULK_03808,DISH_BULK_2114,CUST_02862,2026-09-13T17:47:00
ORD_BULK_03809,DISH_BULK_1879,CUST_01686,2026-09-18T13:18:00
ORD_BULK_03810,DISH_BULK_1335,CUST_01819,2026-09-17T16:05:00
ORD_BULK_03811,DISH_BULK_2801,CUST_00055,2026-09-13T14:18:00
ORD_BULK_03812,DISH_BULK_0409,CUST_00639,2026-09-11T00:23:00
ORD_BULK_03813,DISH_BULK_2585,CUST_00132,2026-09-17T04:58:00
ORD_BULK_03814,DISH_BULK_0664,CUST_02062,2026-09-12T03:47:00
ORD_BULK_03815,DISH_PNR_045,CUST_01624,2026-09-15T03:40:00
ORD_BULK_03816,DISH_BULK_2738,CUST_03884,2026-09-15T12:03:00
ORD_BULK_03817,DISH_BULK_2223,CUST_02914,2026-09-13T06:27:00
ORD_BULK_03818,DISH_BULK_2297,CUST_02056,2026-09-13T19:34:00
ORD_BULK_03819,DISH_BULK_2859,CUST_00932,2026-09-15T03:41:00
ORD_BULK_03820,DISH_BULK_0596,CUST_01114,2026-09-11T09:06:00
ORD_BULK_03821,DISH_BULK_2090,CUST_01547,2026-09-11T18:10:00
ORD_BULK_03822,DISH_BULK_0821,CUST_01641,2026-09-17T09:02:00
ORD_BULK_03823,DISH_BULK_0183,CUST_00897,2026-09-14T19:07:00
ORD_BULK_03824,DISH_BULK_0706,CUST_03369,2026-09-16T16:43:00
ORD_BULK_03825,DISH_BULK_2432,CUST_03448,2026-09-11T05:04:00
ORD_BULK_03826,DISH_BULK_2790,CUST_01919,2026-09-15T18:21:00
ORD_BULK_03827,DISH_BULK_1236,CUST_02674,2026-09-17T15:16:00
ORD_BULK_03828,DISH_BULK_1613,CUST_03389,2026-09-14T15:53:00
ORD_BULK_03829,DISH_BULK_0629,CUST_00224,2026-09-14T13:26:00
ORD_BULK_03830,DISH_BULK_2602,CUST_01738,2026-09-12T13:10:00
ORD_BULK_03831,DISH_BULK_1059,CUST_00445,2026-09-11T12:30:00
ORD_BULK_03832,DISH_BULK_0272,CUST_01486,2026-09-17T04:42:00
ORD_BULK_03833,DISH_BULK_1328,CUST_00115,2026-09-13T01:24:00
ORD_BULK_03834,DISH_BULK_1109,CUST_00667,2026-09-16T11:53:00
ORD_BULK_03835,DISH_BULK_0390,CUST_00268,2026-09-12T17:51:00
ORD_BULK_03836,DISH_BULK_2399,CUST_00045,2026-09-13T20:24:00
ORD_BULK_03837,DISH_BULK_0722,CUST_02260,2026-09-12T15:05:00
ORD_BULK_03838,DISH_BULK_2568,CUST_03807,2026-09-10T16:50:00
ORD_BULK_03839,DISH_BULK_0938,CUST_01103,2026-09-11T07:13:00
ORD_BULK_03840,DISH_BULK_2289,CUST_02314,2026-09-10T20:15:00
ORD_BULK_03841,DISH_BULK_2263,CUST_03237,2026-09-15T20:06:00
ORD_BULK_03842,DISH_BULK_0141,CUST_00197,2026-09-13T21:54:00
ORD_BULK_03843,DISH_BULK_0335,CUST_03865,2026-09-13T20:16:00
ORD_BULK_03844,DISH_PNR_035,CUST_01461,2026-09-13T13:06:00
ORD_BULK_03845,DISH_BULK_1584,CUST_02049,2026-09-12T13:12:00
ORD_BULK_03846,DISH_BULK_1242,CUST_03080,2026-09-14T18:40:00
ORD_BULK_03847,DISH_BULK_2926,CUST_01458,2026-09-11T19:22:00
ORD_BULK_03848,DISH_BULK_2832,CUST_02764,2026-09-11T10:35:00
ORD_BULK_03849,DISH_BULK_1311,CUST_01669,2026-09-16T01:30:00
ORD_BULK_03850,DISH_BULK_0367,CUST_02057,2026-09-12T01:00:00
ORD_BULK_03851,DISH_BULK_0051,CUST_02406,2026-09-14T16:20:00
ORD_BULK_03852,DISH_BULK_1907,CUST_02402,2026-09-10T18:12:00
ORD_BULK_03853,DISH_BULK_1142,CUST_00661,2026-09-12T01:22:00
ORD_BULK_03854,DISH_BULK_2749,CUST_01897,2026-09-11T05:30:00
ORD_BULK_03855,DISH_BULK_2517,CUST_00383,2026-09-18T12:11:00
ORD_BULK_03856,DISH_BULK_0902,CUST_03623,2026-09-12T18:53:00
ORD_BULK_03857,DISH_BULK_2745,CUST_02680,2026-09-11T22:27:00
ORD_BULK_03858,DISH_BULK_2897,CUST_00660,2026-09-16T00:58:00
ORD_BULK_03859,DISH_BULK_2068,CUST_02985,2026-09-17T06:13:00
ORD_BULK_03860,DISH_BULK_2622,CUST_02144,2026-09-14T05:13:00
ORD_BULK_03861,DISH_BULK_1786,CUST_03217,2026-09-11T19:49:00
ORD_BULK_03862,DISH_BULK_1342,CUST_01192,2026-09-14T10:23:00
ORD_BULK_03863,DISH_BULK_2507,CUST_03506,2026-09-15T05:39:00
ORD_BULK_03864,DISH_BULK_0117,CUST_03649,2026-09-18T10:37:00
ORD_BULK_03865,DISH_BULK_2751,CUST_01588,2026-09-13T01:17:00
ORD_BULK_03866,DISH_BULK_0809,CUST_02501,2026-09-17T05:43:00
ORD_BULK_03867,DISH_BULK_0261,CUST_03925,2026-09-12T01:36:00
ORD_BULK_03868,DISH_BULK_2276,CUST_02572,2026-09-15T23:51:00
ORD_BULK_03869,DISH_BULK_0352,CUST_03297,2026-09-10T12:04:00
ORD_BULK_03870,DISH_BULK_0538,CUST_03139,2026-09-13T20:31:00
ORD_BULK_03871,DISH_BULK_2195,CUST_03554,2026-09-11T07:48:00
ORD_BULK_03872,DISH_BULK_1997,CUST_00386,2026-09-15T12:11:00
ORD_BULK_03873,DISH_BULK_1238,CUST_00696,2026-09-13T16:43:00
ORD_BULK_03874,DISH_BULK_0615,CUST_00280,2026-09-13T12:29:00
ORD_BULK_03875,DISH_BULK_2315,CUST_01489,2026-09-14T08:29:00
ORD_BULK_03876,DISH_BULK_0319,CUST_00292,2026-09-12T08:55:00
ORD_BULK_03877,DISH_BULK_2864,CUST_03162,2026-09-15T13:48:00
ORD_BULK_03878,DISH_BULK_1010,CUST_01939,2026-09-13T05:54:00
ORD_BULK_03879,DISH_BULK_1764,CUST_02664,2026-09-11T22:21:00
ORD_BULK_03880,DISH_BULK_0461,CUST_03981,2026-09-16T19:18:00
ORD_BULK_03881,DISH_BULK_1953,CUST_00163,2026-09-14T11:15:00
ORD_BULK_03882,DISH_BULK_1128,CUST_01643,2026-09-14T23:41:00
ORD_BULK_03883,DISH_BULK_2492,CUST_03757,2026-09-18T01:50:00
ORD_BULK_03884,DISH_BULK_0482,CUST_01806,2026-09-14T12:08:00
ORD_BULK_03885,DISH_BULK_2053,CUST_03461,2026-09-17T10:33:00
ORD_BULK_03886,DISH_BULK_1238,CUST_01531,2026-09-11T06:47:00
ORD_BULK_03887,DISH_BULK_2748,CUST_01693,2026-09-16T02:09:00
ORD_BULK_03888,DISH_BULK_1797,CUST_01077,2026-09-18T02:22:00
ORD_BULK_03889,DISH_BULK_0128,CUST_02543,2026-09-17T15:49:00
ORD_BULK_03890,DISH_BULK_0187,CUST_03036,2026-09-13T02:51:00
ORD_BULK_03891,DISH_BULK_2820,CUST_03364,2026-09-16T17:08:00
ORD_BULK_03892,DISH_PNR_033,CUST_00634,2026-09-11T12:45:00
ORD_BULK_03893,DISH_BULK_1144,CUST_01540,2026-09-12T03:12:00
ORD_BULK_03894,DISH_BULK_2289,CUST_01636,2026-09-11T03:55:00
ORD_BULK_03895,DISH_BULK_0867,CUST_01591,2026-09-15T14:13:00
ORD_BULK_03896,DISH_BULK_2694,CUST_00383,2026-09-14T07:16:00
ORD_BULK_03897,DISH_BULK_1862,CUST_01919,2026-09-17T15:26:00
ORD_BULK_03898,DISH_BULK_2145,CUST_03687,2026-09-15T14:56:00
ORD_BULK_03899,DISH_BULK_0400,CUST_00352,2026-09-12T09:13:00
ORD_BULK_03900,DISH_BULK_2951,CUST_00444,2026-09-14T20:23:00
ORD_BULK_03901,DISH_BULK_1728,CUST_00818,2026-09-14T21:38:00
ORD_BULK_03902,DISH_BULK_1300,CUST_00265,2026-09-13T22:38:00
ORD_BULK_03903,DISH_BULK_1356,CUST_02476,2026-09-15T20:47:00
ORD_BULK_03904,DISH_BULK_0824,CUST_02877,2026-09-15T18:02:00
ORD_BULK_03905,DISH_BULK_0422,CUST_01141,2026-09-15T12:07:00
ORD_BULK_03906,DISH_BULK_0110,CUST_02233,2026-09-12T02:31:00
ORD_BULK_03907,DISH_BULK_1878,CUST_00597,2026-09-17T14:49:00
ORD_BULK_03908,DISH_BULK_0828,CUST_01312,2026-09-16T19:09:00
ORD_BULK_03909,DISH_BULK_0082,CUST_02463,2026-09-14T15:50:00
ORD_BULK_03910,DISH_BULK_0209,CUST_03836,2026-09-14T10:42:00
ORD_BULK_03911,DISH_BULK_1715,CUST_01940,2026-09-12T18:16:00
ORD_BULK_03912,DISH_BULK_0175,CUST_00867,2026-09-10T14:15:00
ORD_BULK_03913,DISH_BULK_2754,CUST_01733,2026-09-13T09:41:00
ORD_BULK_03914,DISH_BULK_0986,CUST_02604,2026-09-12T08:05:00
ORD_BULK_03915,DISH_BULK_0296,CUST_00581,2026-09-11T02:54:00
ORD_BULK_03916,DISH_BULK_1075,CUST_01660,2026-09-11T06:18:00
ORD_BULK_03917,DISH_BULK_1175,CUST_03579,2026-09-18T10:28:00
ORD_BULK_03918,DISH_BULK_1803,CUST_03569,2026-09-15T02:36:00
ORD_BULK_03919,DISH_BULK_2103,CUST_00877,2026-09-17T22:51:00
ORD_BULK_03920,DISH_BULK_1016,CUST_00754,2026-09-10T22:40:00
ORD_BULK_03921,DISH_BULK_0332,CUST_03666,2026-09-15T05:01:00
ORD_BULK_03922,DISH_BULK_1354,CUST_03946,2026-09-13T17:04:00
ORD_BULK_03923,DISH_BULK_0627,CUST_00814,2026-09-14T07:22:00
ORD_BULK_03924,DISH_BULK_1670,CUST_01973,2026-09-15T17:50:00
ORD_BULK_03925,DISH_BULK_2147,CUST_02822,2026-09-12T03:52:00
ORD_BULK_03926,DISH_BULK_2807,CUST_01790,2026-09-14T08:51:00
ORD_BULK_03927,DISH_BULK_2792,CUST_02337,2026-09-14T18:15:00
ORD_BULK_03928,DISH_PNR_041,CUST_02298,2026-09-17T03:03:00
ORD_BULK_03929,DISH_BULK_0767,CUST_00319,2026-09-18T13:21:00
ORD_BULK_03930,DISH_BULK_2689,CUST_02370,2026-09-17T08:20:00
ORD_BULK_03931,DISH_BULK_0546,CUST_01327,2026-09-17T21:20:00
ORD_BULK_03932,DISH_BULK_1250,CUST_00059,2026-09-12T01:05:00
ORD_BULK_03933,DISH_BULK_1832,CUST_03825,2026-09-12T00:16:00
ORD_BULK_03934,DISH_BULK_1999,CUST_03541,2026-09-13T22:24:00
ORD_BULK_03935,DISH_BULK_0419,CUST_03245,2026-09-18T00:01:00
ORD_BULK_03936,DISH_BULK_1618,CUST_01077,2026-09-16T06:11:00
ORD_BULK_03937,DISH_BULK_2912,CUST_00016,2026-09-15T11:01:00
ORD_BULK_03938,DISH_BULK_0468,CUST_02599,2026-09-15T10:41:00
ORD_BULK_03939,DISH_BULK_2571,CUST_03971,2026-09-16T21:56:00
ORD_BULK_03940,DISH_BULK_0353,CUST_00150,2026-09-12T19:41:00
ORD_BULK_03941,DISH_BULK_0722,CUST_01722,2026-09-18T06:10:00
ORD_BULK_03942,DISH_BULK_2190,CUST_03172,2026-09-12T05:21:00
ORD_BULK_03943,DISH_BULK_2415,CUST_01547,2026-09-12T19:01:00
ORD_BULK_03944,DISH_BULK_1379,CUST_00860,2026-09-12T12:11:00
ORD_BULK_03945,DISH_BULK_2737,CUST_02363,2026-09-10T11:55:00
ORD_BULK_03946,DISH_BULK_1470,CUST_03334,2026-09-14T11:20:00
ORD_BULK_03947,DISH_BULK_0020,CUST_01237,2026-09-13T19:49:00
ORD_BULK_03948,DISH_BULK_2010,CUST_03355,2026-09-11T18:03:00
ORD_BULK_03949,DISH_BULK_2818,CUST_02045,2026-09-17T17:11:00
ORD_BULK_03950,DISH_BULK_1821,CUST_01696,2026-09-15T00:03:00
ORD_BULK_03951,DISH_BULK_1394,CUST_01443,2026-09-16T12:07:00
ORD_BULK_03952,DISH_BULK_1698,CUST_02143,2026-09-14T03:42:00
ORD_BULK_03953,DISH_BULK_0418,CUST_03795,2026-09-12T08:00:00
ORD_BULK_03954,DISH_BULK_1833,CUST_01755,2026-09-14T13:53:00
ORD_BULK_03955,DISH_BULK_0678,CUST_02265,2026-09-17T02:26:00
ORD_BULK_03956,DISH_BULK_0620,CUST_02224,2026-09-15T07:01:00
ORD_BULK_03957,DISH_BULK_1516,CUST_01168,2026-09-17T20:06:00
ORD_BULK_03958,DISH_BULK_2774,CUST_02787,2026-09-15T07:27:00
ORD_BULK_03959,DISH_BULK_2551,CUST_01161,2026-09-18T07:43:00
ORD_BULK_03960,DISH_BULK_2495,CUST_03842,2026-09-11T11:05:00
ORD_BULK_03961,DISH_BULK_0312,CUST_03302,2026-09-11T12:20:00
ORD_BULK_03962,DISH_BULK_0321,CUST_02661,2026-09-10T12:29:00
ORD_BULK_03963,DISH_BULK_2478,CUST_03820,2026-09-15T00:18:00
ORD_BULK_03964,DISH_BULK_0378,CUST_02034,2026-09-17T10:20:00
ORD_BULK_03965,DISH_BULK_2185,CUST_00409,2026-09-17T12:59:00
ORD_BULK_03966,DISH_BULK_1773,CUST_02062,2026-09-16T22:42:00
ORD_BULK_03967,DISH_BULK_0087,CUST_02735,2026-09-13T15:09:00
ORD_BULK_03968,DISH_BULK_1676,CUST_00868,2026-09-12T20:51:00
ORD_BULK_03969,DISH_BULK_1816,CUST_02260,2026-09-14T16:03:00
ORD_BULK_03970,DISH_BULK_0422,CUST_00802,2026-09-15T16:13:00
ORD_BULK_03971,DISH_BULK_0463,CUST_01437,2026-09-15T14:41:00
ORD_BULK_03972,DISH_BULK_1645,CUST_03720,2026-09-17T16:05:00
ORD_BULK_03973,DISH_BULK_2836,CUST_03214,2026-09-14T20:04:00
ORD_BULK_03974,DISH_PNR_032,CUST_03849,2026-09-14T14:18:00
ORD_BULK_03975,DISH_BULK_0871,CUST_02079,2026-09-13T13:26:00
ORD_BULK_03976,DISH_BULK_1050,CUST_03603,2026-09-17T19:51:00
ORD_BULK_03977,DISH_BULK_1037,CUST_01260,2026-09-15T01:14:00
ORD_BULK_03978,DISH_BULK_2711,CUST_00990,2026-09-10T09:08:00
ORD_BULK_03979,DISH_BULK_1652,CUST_00134,2026-09-10T12:14:00
ORD_BULK_03980,DISH_BULK_0061,CUST_00629,2026-09-14T14:14:00
ORD_BULK_03981,DISH_BULK_2079,CUST_03359,2026-09-17T03:49:00
ORD_BULK_03982,DISH_BULK_1254,CUST_01373,2026-09-12T06:32:00
ORD_BULK_03983,DISH_BULK_2297,CUST_01762,2026-09-13T02:02:00
ORD_BULK_03984,DISH_BULK_2230,CUST_03988,2026-09-14T18:52:00
ORD_BULK_03985,DISH_BULK_0743,CUST_02525,2026-09-17T15:58:00
ORD_BULK_03986,DISH_BULK_1565,CUST_03394,2026-09-10T22:05:00
ORD_BULK_03987,DISH_BULK_2320,CUST_01758,2026-09-11T19:11:00
ORD_BULK_03988,DISH_BULK_2560,CUST_01600,2026-09-18T14:49:00
ORD_BULK_03989,DISH_BULK_0665,CUST_01652,2026-09-13T22:52:00
ORD_BULK_03990,DISH_BULK_2072,CUST_00649,2026-09-15T07:26:00
ORD_BULK_03991,DISH_BULK_0900,CUST_00408,2026-09-18T09:53:00
ORD_BULK_03992,DISH_BULK_0471,CUST_02066,2026-09-11T16:19:00
ORD_BULK_03993,DISH_BULK_2540,CUST_02364,2026-09-14T19:02:00
ORD_BULK_03994,DISH_BULK_2523,CUST_03755,2026-09-13T07:03:00
ORD_BULK_03995,DISH_BULK_2218,CUST_00652,2026-09-14T00:02:00
ORD_BULK_03996,DISH_BULK_0788,CUST_00382,2026-09-11T09:28:00
ORD_BULK_03997,DISH_BULK_0059,CUST_01792,2026-09-10T11:09:00
ORD_BULK_03998,DISH_BULK_2529,CUST_03155,2026-09-17T02:00:00
ORD_BULK_03999,DISH_BULK_0580,CUST_00114,2026-09-17T08:46:00
ORD_BULK_04000,DISH_BULK_2852,CUST_02227,2026-09-11T05:30:00
ORD_BULK_04001,DISH_BULK_2296,CUST_01567,2026-09-10T14:54:00
ORD_BULK_04002,DISH_BULK_0488,CUST_01859,2026-09-17T13:15:00
ORD_BULK_04003,DISH_BULK_2540,CUST_03186,2026-09-14T09:47:00
ORD_BULK_04004,DISH_BULK_0718,CUST_00982,2026-09-17T18:10:00
ORD_BULK_04005,DISH_BULK_0862,CUST_01217,2026-09-12T12:55:00
ORD_BULK_04006,DISH_BULK_2147,CUST_03443,2026-09-13T02:58:00
ORD_BULK_04007,DISH_BULK_2928,CUST_03195,2026-09-14T15:14:00
ORD_BULK_04008,DISH_BULK_1020,CUST_02701,2026-09-10T22:07:00
ORD_BULK_04009,DISH_BULK_1080,CUST_00340,2026-09-11T23:15:00
ORD_BULK_04010,DISH_BULK_2523,CUST_00095,2026-09-17T14:19:00
ORD_BULK_04011,DISH_BULK_2327,CUST_03551,2026-09-11T12:14:00
ORD_BULK_04012,DISH_BULK_0408,CUST_01881,2026-09-17T02:43:00
ORD_BULK_04013,DISH_BULK_0456,CUST_00439,2026-09-11T22:43:00
ORD_BULK_04014,DISH_BULK_1110,CUST_01074,2026-09-12T09:19:00
ORD_BULK_04015,DISH_BULK_0334,CUST_00317,2026-09-15T22:57:00
ORD_BULK_04016,DISH_BULK_1434,CUST_03739,2026-09-12T16:47:00
ORD_BULK_04017,DISH_BULK_1554,CUST_00413,2026-09-15T22:05:00
ORD_BULK_04018,DISH_BULK_0043,CUST_01695,2026-09-11T04:05:00
ORD_BULK_04019,DISH_BULK_1946,CUST_03929,2026-09-17T10:51:00
ORD_BULK_04020,DISH_BULK_0266,CUST_00862,2026-09-18T03:41:00
ORD_BULK_04021,DISH_BULK_1673,CUST_01538,2026-09-13T21:37:00
ORD_BULK_04022,DISH_BULK_2549,CUST_03721,2026-09-15T11:07:00
ORD_BULK_04023,DISH_BULK_0613,CUST_00737,2026-09-13T17:34:00
ORD_BULK_04024,DISH_PNR_042,CUST_03702,2026-09-12T08:47:00
ORD_BULK_04025,DISH_BULK_2655,CUST_02324,2026-09-17T12:21:00
ORD_BULK_04026,DISH_BULK_2438,CUST_03502,2026-09-10T16:35:00
ORD_BULK_04027,DISH_BULK_0434,CUST_03998,2026-09-14T05:36:00
ORD_BULK_04028,DISH_BULK_1374,CUST_01983,2026-09-17T07:39:00
ORD_BULK_04029,DISH_BULK_2411,CUST_02239,2026-09-10T09:22:00
ORD_BULK_04030,DISH_BULK_0602,CUST_02138,2026-09-13T05:29:00
ORD_BULK_04031,DISH_BULK_0452,CUST_00790,2026-09-17T05:30:00
ORD_BULK_04032,DISH_BULK_0075,CUST_02196,2026-09-10T14:17:00
ORD_BULK_04033,DISH_BULK_2075,CUST_02097,2026-09-12T01:36:00
ORD_BULK_04034,DISH_BULK_0839,CUST_03551,2026-09-14T11:38:00
ORD_BULK_04035,DISH_BULK_0424,CUST_03681,2026-09-12T19:14:00
ORD_BULK_04036,DISH_BULK_0074,CUST_01342,2026-09-11T21:50:00
ORD_BULK_04037,DISH_BULK_0854,CUST_00342,2026-09-18T14:43:00
ORD_BULK_04038,DISH_BULK_2786,CUST_03850,2026-09-11T18:33:00
ORD_BULK_04039,DISH_BULK_1050,CUST_01121,2026-09-15T19:30:00
ORD_BULK_04040,DISH_BULK_0770,CUST_03905,2026-09-11T09:06:00
ORD_BULK_04041,DISH_BULK_1381,CUST_02901,2026-09-16T14:35:00
ORD_BULK_04042,DISH_BULK_2624,CUST_01206,2026-09-15T15:32:00
ORD_BULK_04043,DISH_BULK_1984,CUST_01787,2026-09-16T03:59:00
ORD_BULK_04044,DISH_BULK_1592,CUST_03778,2026-09-12T12:43:00
ORD_BULK_04045,DISH_BULK_0978,CUST_00709,2026-09-12T14:02:00
ORD_BULK_04046,DISH_BULK_2768,CUST_03466,2026-09-18T11:53:00
ORD_BULK_04047,DISH_BULK_1105,CUST_03940,2026-09-14T19:16:00
ORD_BULK_04048,DISH_BULK_0375,CUST_02391,2026-09-17T00:26:00
ORD_BULK_04049,DISH_BULK_1230,CUST_00679,2026-09-12T16:12:00
ORD_BULK_04050,DISH_BULK_2911,CUST_01999,2026-09-15T06:21:00
ORD_BULK_04051,DISH_BULK_1781,CUST_01736,2026-09-17T02:50:00
ORD_BULK_04052,DISH_BULK_1066,CUST_03342,2026-09-13T23:02:00
ORD_BULK_04053,DISH_BULK_2505,CUST_00441,2026-09-17T05:49:00
ORD_BULK_04054,DISH_BULK_1522,CUST_01759,2026-09-12T14:32:00
ORD_BULK_04055,DISH_BULK_2277,CUST_01446,2026-09-14T14:06:00
ORD_BULK_04056,DISH_BULK_2545,CUST_03357,2026-09-11T01:32:00
ORD_BULK_04057,DISH_BULK_1794,CUST_00686,2026-09-10T17:13:00
ORD_BULK_04058,DISH_BULK_2048,CUST_01037,2026-09-17T00:15:00
ORD_BULK_04059,DISH_BULK_1632,CUST_01203,2026-09-17T04:54:00
ORD_BULK_04060,DISH_BULK_2596,CUST_03893,2026-09-16T08:51:00
ORD_BULK_04061,DISH_BULK_1396,CUST_01632,2026-09-10T16:10:00
ORD_BULK_04062,DISH_BULK_0423,CUST_00737,2026-09-14T00:06:00
ORD_BULK_04063,DISH_BULK_1712,CUST_03240,2026-09-12T10:46:00
ORD_BULK_04064,DISH_BULK_1419,CUST_01005,2026-09-11T03:50:00
ORD_BULK_04065,DISH_BULK_0835,CUST_02691,2026-09-14T13:29:00
ORD_BULK_04066,DISH_BULK_1477,CUST_00595,2026-09-13T21:51:00
ORD_BULK_04067,DISH_BULK_0454,CUST_00040,2026-09-13T22:59:00
ORD_BULK_04068,DISH_BULK_2773,CUST_00045,2026-09-18T11:44:00
ORD_BULK_04069,DISH_BULK_1301,CUST_00876,2026-09-15T15:04:00
ORD_BULK_04070,DISH_BULK_2278,CUST_03258,2026-09-13T23:48:00
ORD_BULK_04071,DISH_BULK_0906,CUST_02301,2026-09-11T02:05:00
ORD_BULK_04072,DISH_BULK_1533,CUST_01162,2026-09-17T04:19:00
ORD_BULK_04073,DISH_BULK_0823,CUST_02160,2026-09-12T19:22:00
ORD_BULK_04074,DISH_BULK_0375,CUST_02298,2026-09-13T11:55:00
ORD_BULK_04075,DISH_BULK_2887,CUST_02490,2026-09-17T23:19:00
ORD_BULK_04076,DISH_BULK_0260,CUST_02351,2026-09-17T16:28:00
ORD_BULK_04077,DISH_BULK_1681,CUST_02795,2026-09-15T06:50:00
ORD_BULK_04078,DISH_BULK_1255,CUST_03332,2026-09-13T23:24:00
ORD_BULK_04079,DISH_BULK_0765,CUST_00808,2026-09-10T21:33:00
ORD_BULK_04080,DISH_BULK_1977,CUST_02043,2026-09-10T20:46:00
ORD_BULK_04081,DISH_BULK_1078,CUST_01726,2026-09-11T16:33:00
ORD_BULK_04082,DISH_BULK_0462,CUST_01855,2026-09-12T06:43:00
ORD_BULK_04083,DISH_BULK_2417,CUST_01339,2026-09-17T01:25:00
ORD_BULK_04084,DISH_BULK_1522,CUST_00969,2026-09-16T21:23:00
ORD_BULK_04085,DISH_BULK_0041,CUST_01168,2026-09-10T12:52:00
ORD_BULK_04086,DISH_BULK_2590,CUST_03209,2026-09-16T21:13:00
ORD_BULK_04087,DISH_PNR_020,CUST_03735,2026-09-15T14:05:00
ORD_BULK_04088,DISH_BULK_1118,CUST_00537,2026-09-14T21:59:00
ORD_BULK_04089,DISH_BULK_0105,CUST_03670,2026-09-16T09:40:00
ORD_BULK_04090,DISH_BULK_2114,CUST_00161,2026-09-14T04:07:00
ORD_BULK_04091,DISH_BULK_2595,CUST_00067,2026-09-11T02:57:00
ORD_BULK_04092,DISH_BULK_1878,CUST_00390,2026-09-15T01:20:00
ORD_BULK_04093,DISH_BULK_2916,CUST_01233,2026-09-13T11:00:00
ORD_BULK_04094,DISH_BULK_1253,CUST_03088,2026-09-14T06:25:00
ORD_BULK_04095,DISH_BULK_1593,CUST_00327,2026-09-16T15:56:00
ORD_BULK_04096,DISH_BULK_1236,CUST_02023,2026-09-17T07:12:00
ORD_BULK_04097,DISH_BULK_0146,CUST_01612,2026-09-13T17:29:00
ORD_BULK_04098,DISH_BULK_2806,CUST_01862,2026-09-15T22:42:00
ORD_BULK_04099,DISH_BULK_2579,CUST_03962,2026-09-11T17:09:00
ORD_BULK_04100,DISH_BULK_1485,CUST_03841,2026-09-17T08:44:00
ORD_BULK_04101,DISH_BULK_0374,CUST_00120,2026-09-12T21:10:00
ORD_BULK_04102,DISH_BULK_0149,CUST_03382,2026-09-10T10:50:00
ORD_BULK_04103,DISH_BULK_0522,CUST_00431,2026-09-14T00:09:00
ORD_BULK_04104,DISH_BULK_2770,CUST_02967,2026-09-15T06:58:00
ORD_BULK_04105,DISH_BULK_0881,CUST_00698,2026-09-11T08:02:00
ORD_BULK_04106,DISH_BULK_0736,CUST_02966,2026-09-14T12:43:00
ORD_BULK_04107,DISH_BULK_2155,CUST_00021,2026-09-18T03:56:00
ORD_BULK_04108,DISH_BULK_0169,CUST_01064,2026-09-10T19:45:00
ORD_BULK_04109,DISH_BULK_0407,CUST_00197,2026-09-13T19:05:00
ORD_BULK_04110,DISH_BULK_0261,CUST_01081,2026-09-14T01:55:00
ORD_BULK_04111,DISH_BULK_2771,CUST_02510,2026-09-14T15:38:00
ORD_BULK_04112,DISH_BULK_1059,CUST_02862,2026-09-12T06:30:00
ORD_BULK_04113,DISH_BULK_0518,CUST_02390,2026-09-15T13:48:00
ORD_BULK_04114,DISH_BULK_0445,CUST_00518,2026-09-13T23:11:00
ORD_BULK_04115,DISH_BULK_0560,CUST_03085,2026-09-16T23:30:00
ORD_BULK_04116,DISH_BULK_1646,CUST_02609,2026-09-15T10:00:00
ORD_BULK_04117,DISH_BULK_2691,CUST_00502,2026-09-16T06:28:00
ORD_BULK_04118,DISH_BULK_2115,CUST_00986,2026-09-16T21:48:00
ORD_BULK_04119,DISH_BULK_1911,CUST_02709,2026-09-15T21:49:00
ORD_BULK_04120,DISH_BULK_1103,CUST_01319,2026-09-18T15:34:00
ORD_BULK_04121,DISH_BULK_1931,CUST_00926,2026-09-11T09:04:00
ORD_BULK_04122,DISH_BULK_1034,CUST_03139,2026-09-13T16:53:00
ORD_BULK_04123,DISH_BULK_2867,CUST_00340,2026-09-14T08:23:00
ORD_BULK_04124,DISH_BULK_2241,CUST_03423,2026-09-13T02:11:00
ORD_BULK_04125,DISH_BULK_2655,CUST_02651,2026-09-12T16:13:00
ORD_BULK_04126,DISH_BULK_2800,CUST_00320,2026-09-11T04:31:00
ORD_BULK_04127,DISH_BULK_1979,CUST_00247,2026-09-12T18:01:00
ORD_BULK_04128,DISH_BULK_0007,CUST_02747,2026-09-12T19:01:00
ORD_BULK_04129,DISH_BULK_1871,CUST_03353,2026-09-14T17:08:00
ORD_BULK_04130,DISH_BULK_0723,CUST_01998,2026-09-11T12:32:00
ORD_BULK_04131,DISH_BULK_1348,CUST_00855,2026-09-17T01:15:00
ORD_BULK_04132,DISH_BULK_2115,CUST_02106,2026-09-13T21:34:00
ORD_BULK_04133,DISH_BULK_1231,CUST_02903,2026-09-15T11:58:00
ORD_BULK_04134,DISH_BULK_2638,CUST_00631,2026-09-16T01:45:00
ORD_BULK_04135,DISH_BULK_0386,CUST_03745,2026-09-11T19:30:00
ORD_BULK_04136,DISH_BULK_0850,CUST_03755,2026-09-14T11:17:00
ORD_BULK_04137,DISH_BULK_1533,CUST_03994,2026-09-15T11:32:00
ORD_BULK_04138,DISH_BULK_2495,CUST_02104,2026-09-12T15:26:00
ORD_BULK_04139,DISH_BULK_1593,CUST_00770,2026-09-11T02:44:00
ORD_BULK_04140,DISH_BULK_1092,CUST_01733,2026-09-12T04:50:00
ORD_BULK_04141,DISH_BULK_2764,CUST_01259,2026-09-16T21:37:00
ORD_BULK_04142,DISH_BULK_2609,CUST_00419,2026-09-12T00:13:00
ORD_BULK_04143,DISH_BULK_1842,CUST_03589,2026-09-11T13:15:00
ORD_BULK_04144,DISH_BULK_0405,CUST_00986,2026-09-10T12:31:00
ORD_BULK_04145,DISH_BULK_1841,CUST_00767,2026-09-13T08:50:00
ORD_BULK_04146,DISH_BULK_0071,CUST_01951,2026-09-17T20:44:00
ORD_BULK_04147,DISH_BULK_2128,CUST_01855,2026-09-14T08:06:00
ORD_BULK_04148,DISH_BULK_1041,CUST_00485,2026-09-16T14:16:00
ORD_BULK_04149,DISH_BULK_0298,CUST_01452,2026-09-15T05:49:00
ORD_BULK_04150,DISH_BULK_0822,CUST_00617,2026-09-14T20:23:00
ORD_BULK_04151,DISH_BULK_2010,CUST_01765,2026-09-16T02:41:00
ORD_BULK_04152,DISH_BULK_1320,CUST_00218,2026-09-15T08:30:00
ORD_BULK_04153,DISH_BULK_1070,CUST_01515,2026-09-11T10:42:00
ORD_BULK_04154,DISH_BULK_0155,CUST_02657,2026-09-14T16:27:00
ORD_BULK_04155,DISH_BULK_2952,CUST_03802,2026-09-15T03:23:00
ORD_BULK_04156,DISH_BULK_0748,CUST_01205,2026-09-12T11:43:00
ORD_BULK_04157,DISH_BULK_1603,CUST_00724,2026-09-17T02:12:00
ORD_BULK_04158,DISH_BULK_1084,CUST_02170,2026-09-17T05:52:00
ORD_BULK_04159,DISH_BULK_1975,CUST_02125,2026-09-15T06:23:00
ORD_BULK_04160,DISH_BULK_0401,CUST_02791,2026-09-10T21:37:00
ORD_BULK_04161,DISH_BULK_2601,CUST_01020,2026-09-11T14:19:00
ORD_BULK_04162,DISH_BULK_0853,CUST_00472,2026-09-10T22:30:00
ORD_BULK_04163,DISH_BULK_0100,CUST_02357,2026-09-13T08:41:00
ORD_BULK_04164,DISH_BULK_0931,CUST_00270,2026-09-16T09:18:00
ORD_BULK_04165,DISH_BULK_0367,CUST_01129,2026-09-12T21:50:00
ORD_BULK_04166,DISH_BULK_2494,CUST_02866,2026-09-18T11:28:00
ORD_BULK_04167,DISH_BULK_1611,CUST_01606,2026-09-14T19:17:00
ORD_BULK_04168,DISH_BULK_0368,CUST_00901,2026-09-18T04:52:00
ORD_BULK_04169,DISH_BULK_1052,CUST_02029,2026-09-12T16:10:00
ORD_BULK_04170,DISH_BULK_0654,CUST_03219,2026-09-12T15:35:00
ORD_BULK_04171,DISH_BULK_1377,CUST_02609,2026-09-13T14:38:00
ORD_BULK_04172,DISH_BULK_2845,CUST_02443,2026-09-13T14:38:00
ORD_BULK_04173,DISH_PNR_013,CUST_00387,2026-09-12T10:32:00
ORD_BULK_04174,DISH_BULK_2015,CUST_03719,2026-09-18T07:16:00
ORD_BULK_04175,DISH_BULK_2502,CUST_01953,2026-09-13T19:22:00
ORD_BULK_04176,DISH_BULK_2771,CUST_00978,2026-09-12T06:29:00
ORD_BULK_04177,DISH_BULK_1244,CUST_02792,2026-09-11T02:57:00
ORD_BULK_04178,DISH_BULK_0636,CUST_00768,2026-09-14T02:42:00
ORD_BULK_04179,DISH_BULK_1818,CUST_00581,2026-09-10T11:28:00
ORD_BULK_04180,DISH_BULK_2682,CUST_01944,2026-09-15T04:51:00
ORD_BULK_04181,DISH_BULK_1322,CUST_00086,2026-09-12T08:28:00
ORD_BULK_04182,DISH_BULK_1034,CUST_03610,2026-09-11T05:01:00
ORD_BULK_04183,DISH_BULK_0653,CUST_02783,2026-09-10T10:39:00
ORD_BULK_04184,DISH_BULK_2387,CUST_01443,2026-09-15T17:23:00
ORD_BULK_04185,DISH_BULK_2342,CUST_00005,2026-09-15T21:20:00
ORD_BULK_04186,DISH_BULK_0967,CUST_01936,2026-09-11T13:52:00
ORD_BULK_04187,DISH_BULK_0139,CUST_03355,2026-09-10T12:44:00
ORD_BULK_04188,DISH_BULK_2277,CUST_02786,2026-09-13T15:22:00
ORD_BULK_04189,DISH_BULK_0889,CUST_02152,2026-09-16T01:23:00
ORD_BULK_04190,DISH_BULK_0639,CUST_03093,2026-09-12T00:01:00
ORD_BULK_04191,DISH_BULK_0338,CUST_00410,2026-09-13T19:10:00
ORD_BULK_04192,DISH_BULK_1328,CUST_01854,2026-09-15T21:59:00
ORD_BULK_04193,DISH_BULK_1390,CUST_02236,2026-09-13T06:16:00
ORD_BULK_04194,DISH_BULK_2671,CUST_01993,2026-09-13T05:13:00
ORD_BULK_04195,DISH_BULK_1446,CUST_01880,2026-09-10T11:42:00
ORD_BULK_04196,DISH_BULK_1398,CUST_01234,2026-09-18T09:55:00
ORD_BULK_04197,DISH_BULK_1320,CUST_03652,2026-09-16T05:24:00
ORD_BULK_04198,DISH_BULK_2673,CUST_03511,2026-09-17T02:40:00
ORD_BULK_04199,DISH_BULK_1937,CUST_00462,2026-09-13T09:42:00
ORD_BULK_04200,DISH_BULK_2762,CUST_02128,2026-09-18T14:51:00
ORD_BULK_04201,DISH_BULK_2574,CUST_00085,2026-09-12T00:23:00
ORD_BULK_04202,DISH_BULK_1634,CUST_03508,2026-09-12T20:08:00
ORD_BULK_04203,DISH_BULK_2654,CUST_00581,2026-09-14T09:32:00
ORD_BULK_04204,DISH_BULK_1993,CUST_00127,2026-09-13T02:43:00
ORD_BULK_04205,DISH_BULK_2319,CUST_03036,2026-09-18T06:00:00
ORD_BULK_04206,DISH_BULK_1718,CUST_01473,2026-09-12T16:20:00
ORD_BULK_04207,DISH_BULK_0319,CUST_00794,2026-09-14T15:09:00
ORD_BULK_04208,DISH_BULK_2570,CUST_00443,2026-09-13T10:47:00
ORD_BULK_04209,DISH_BULK_2521,CUST_02781,2026-09-16T12:47:00
ORD_BULK_04210,DISH_BULK_1794,CUST_03926,2026-09-16T07:52:00
ORD_BULK_04211,DISH_BULK_0670,CUST_01087,2026-09-18T01:25:00
ORD_BULK_04212,DISH_BULK_1382,CUST_03638,2026-09-14T02:26:00
ORD_BULK_04213,DISH_BULK_1555,CUST_02414,2026-09-15T01:56:00
ORD_BULK_04214,DISH_BULK_1085,CUST_01267,2026-09-12T12:02:00
ORD_BULK_04215,DISH_BULK_0122,CUST_02374,2026-09-16T06:00:00
ORD_BULK_04216,DISH_BULK_2828,CUST_01407,2026-09-17T07:13:00
ORD_BULK_04217,DISH_BULK_0457,CUST_01776,2026-09-15T12:15:00
ORD_BULK_04218,DISH_BULK_2275,CUST_03966,2026-09-14T06:45:00
ORD_BULK_04219,DISH_BULK_1135,CUST_00452,2026-09-10T10:16:00
ORD_BULK_04220,DISH_BULK_1997,CUST_03798,2026-09-18T03:11:00
ORD_BULK_04221,DISH_BULK_0556,CUST_01911,2026-09-18T01:56:00
ORD_BULK_04222,DISH_BULK_0569,CUST_02143,2026-09-13T15:07:00
ORD_BULK_04223,DISH_BULK_2509,CUST_02287,2026-09-17T21:24:00
ORD_BULK_04224,DISH_BULK_0620,CUST_01244,2026-09-15T20:56:00
ORD_BULK_04225,DISH_BULK_1134,CUST_00265,2026-09-13T16:28:00
ORD_BULK_04226,DISH_BULK_0017,CUST_01860,2026-09-10T19:10:00
ORD_BULK_04227,DISH_BULK_0844,CUST_01160,2026-09-17T01:56:00
ORD_BULK_04228,DISH_BULK_0459,CUST_00218,2026-09-15T21:21:00
ORD_BULK_04229,DISH_BULK_1206,CUST_00021,2026-09-15T05:30:00
ORD_BULK_04230,DISH_BULK_1396,CUST_02705,2026-09-10T08:10:00
ORD_BULK_04231,DISH_BULK_0158,CUST_01030,2026-09-11T21:36:00
ORD_BULK_04232,DISH_BULK_1388,CUST_03600,2026-09-13T13:21:00
ORD_BULK_04233,DISH_BULK_2010,CUST_02726,2026-09-16T17:07:00
ORD_BULK_04234,DISH_BULK_0589,CUST_03907,2026-09-11T07:29:00
ORD_BULK_04235,DISH_BULK_2875,CUST_01109,2026-09-11T22:57:00
ORD_BULK_04236,DISH_BULK_0759,CUST_01770,2026-09-16T23:48:00
ORD_BULK_04237,DISH_BULK_0284,CUST_01192,2026-09-12T19:45:00
ORD_BULK_04238,DISH_BULK_0085,CUST_01939,2026-09-14T08:50:00
ORD_BULK_04239,DISH_BULK_0972,CUST_03325,2026-09-18T01:16:00
ORD_BULK_04240,DISH_BULK_2563,CUST_01583,2026-09-15T03:23:00
ORD_BULK_04241,DISH_BULK_1588,CUST_03961,2026-09-11T10:47:00
ORD_BULK_04242,DISH_BULK_1024,CUST_03770,2026-09-13T18:28:00
ORD_BULK_04243,DISH_BULK_2399,CUST_01273,2026-09-12T07:19:00
ORD_BULK_04244,DISH_BULK_2263,CUST_01786,2026-09-18T01:23:00
ORD_BULK_04245,DISH_BULK_1274,CUST_03295,2026-09-16T21:52:00
ORD_BULK_04246,DISH_BULK_0524,CUST_02799,2026-09-12T14:28:00
ORD_BULK_04247,DISH_BULK_0978,CUST_00556,2026-09-15T01:40:00
ORD_BULK_04248,DISH_BULK_2224,CUST_00818,2026-09-13T18:12:00
ORD_BULK_04249,DISH_BULK_1203,CUST_00351,2026-09-13T17:11:00
ORD_BULK_04250,DISH_BULK_2275,CUST_03798,2026-09-17T11:34:00
ORD_BULK_04251,DISH_BULK_1842,CUST_02236,2026-09-12T10:04:00
ORD_BULK_04252,DISH_BULK_1493,CUST_03205,2026-09-15T07:18:00
ORD_BULK_04253,DISH_BULK_0347,CUST_00568,2026-09-16T07:47:00
ORD_BULK_04254,DISH_BULK_1764,CUST_02844,2026-09-13T21:32:00
ORD_BULK_04255,DISH_BULK_2017,CUST_03830,2026-09-18T03:05:00
ORD_BULK_04256,DISH_BULK_2872,CUST_01465,2026-09-15T15:53:00
ORD_BULK_04257,DISH_BULK_1404,CUST_01752,2026-09-15T15:23:00
ORD_BULK_04258,DISH_BULK_1676,CUST_03939,2026-09-15T00:01:00
ORD_BULK_04259,DISH_BULK_1843,CUST_00114,2026-09-16T16:37:00
ORD_BULK_04260,DISH_BULK_0062,CUST_03922,2026-09-15T02:56:00
ORD_BULK_04261,DISH_BULK_0316,CUST_03096,2026-09-11T22:23:00
ORD_BULK_04262,DISH_BULK_2473,CUST_03715,2026-09-13T18:34:00
ORD_BULK_04263,DISH_BULK_0947,CUST_02378,2026-09-16T03:51:00
ORD_BULK_04264,DISH_BULK_1482,CUST_00522,2026-09-17T09:32:00
ORD_BULK_04265,DISH_BULK_2179,CUST_03687,2026-09-16T18:26:00
ORD_BULK_04266,DISH_BULK_1155,CUST_00220,2026-09-14T19:13:00
ORD_BULK_04267,DISH_BULK_0469,CUST_01651,2026-09-17T22:58:00
ORD_BULK_04268,DISH_PNR_025,CUST_01896,2026-09-16T05:27:00
ORD_BULK_04269,DISH_BULK_1839,CUST_03438,2026-09-10T22:50:00
ORD_BULK_04270,DISH_BULK_0300,CUST_00225,2026-09-13T09:46:00
ORD_BULK_04271,DISH_BULK_2615,CUST_00439,2026-09-14T03:03:00
ORD_BULK_04272,DISH_BULK_2388,CUST_00399,2026-09-13T15:20:00
ORD_BULK_04273,DISH_BULK_2270,CUST_01973,2026-09-18T04:34:00
ORD_BULK_04274,DISH_BULK_1311,CUST_03541,2026-09-11T00:37:00
ORD_BULK_04275,DISH_BULK_0451,CUST_03033,2026-09-16T23:38:00
ORD_BULK_04276,DISH_BULK_2716,CUST_02093,2026-09-18T11:46:00
ORD_BULK_04277,DISH_BULK_0171,CUST_02874,2026-09-12T15:59:00
ORD_BULK_04278,DISH_BULK_2068,CUST_00591,2026-09-16T17:28:00
ORD_BULK_04279,DISH_BULK_1982,CUST_00559,2026-09-12T21:02:00
ORD_BULK_04280,DISH_BULK_2721,CUST_02621,2026-09-12T02:15:00
ORD_BULK_04281,DISH_BULK_1186,CUST_02574,2026-09-13T20:53:00
ORD_BULK_04282,DISH_BULK_2899,CUST_03837,2026-09-10T09:45:00
ORD_BULK_04283,DISH_BULK_1940,CUST_02555,2026-09-18T03:48:00
ORD_BULK_04284,DISH_BULK_0776,CUST_00470,2026-09-11T02:20:00
ORD_BULK_04285,DISH_PNR_001,CUST_00627,2026-09-17T04:52:00
ORD_BULK_04286,DISH_BULK_0449,CUST_02130,2026-09-11T10:27:00
ORD_BULK_04287,DISH_BULK_0966,CUST_00837,2026-09-11T12:17:00
ORD_BULK_04288,DISH_BULK_1894,CUST_00101,2026-09-16T02:07:00
ORD_BULK_04289,DISH_BULK_1771,CUST_01601,2026-09-10T23:11:00
ORD_BULK_04290,DISH_BULK_0452,CUST_01229,2026-09-14T22:28:00
ORD_BULK_04291,DISH_BULK_1935,CUST_00754,2026-09-13T00:09:00
ORD_BULK_04292,DISH_BULK_2193,CUST_01067,2026-09-17T07:19:00
ORD_BULK_04293,DISH_BULK_2744,CUST_01799,2026-09-17T19:43:00
ORD_BULK_04294,DISH_BULK_2481,CUST_00505,2026-09-15T06:03:00
ORD_BULK_04295,DISH_BULK_0553,CUST_02606,2026-09-10T13:54:00
ORD_BULK_04296,DISH_BULK_0710,CUST_00581,2026-09-17T19:31:00
ORD_BULK_04297,DISH_BULK_0939,CUST_00700,2026-09-16T03:40:00
ORD_BULK_04298,DISH_BULK_2819,CUST_02240,2026-09-12T14:42:00
ORD_BULK_04299,DISH_BULK_1904,CUST_01968,2026-09-13T15:11:00
ORD_BULK_04300,DISH_BULK_1139,CUST_02735,2026-09-11T11:18:00
ORD_BULK_04301,DISH_BULK_2365,CUST_02020,2026-09-14T12:18:00
ORD_BULK_04302,DISH_BULK_2688,CUST_01128,2026-09-14T18:49:00
ORD_BULK_04303,DISH_BULK_1534,CUST_02858,2026-09-11T13:18:00
ORD_BULK_04304,DISH_BULK_1854,CUST_01708,2026-09-15T04:00:00
ORD_BULK_04305,DISH_BULK_0560,CUST_00115,2026-09-13T13:23:00
ORD_BULK_04306,DISH_BULK_1826,CUST_00493,2026-09-16T18:04:00
ORD_BULK_04307,DISH_BULK_1549,CUST_00046,2026-09-16T22:31:00
ORD_BULK_04308,DISH_BULK_1194,CUST_00140,2026-09-17T16:09:00
ORD_BULK_04309,DISH_BULK_2618,CUST_03659,2026-09-17T19:27:00
ORD_BULK_04310,DISH_BULK_2493,CUST_01821,2026-09-10T19:38:00
ORD_BULK_04311,DISH_BULK_1406,CUST_03944,2026-09-11T22:02:00
ORD_BULK_04312,DISH_BULK_1870,CUST_03615,2026-09-18T13:26:00
ORD_BULK_04313,DISH_BULK_1831,CUST_01135,2026-09-10T10:29:00
ORD_BULK_04314,DISH_BULK_0602,CUST_01466,2026-09-16T00:42:00
ORD_BULK_04315,DISH_BULK_2015,CUST_00864,2026-09-14T07:15:00
ORD_BULK_04316,DISH_BULK_2846,CUST_02151,2026-09-14T18:39:00
ORD_BULK_04317,DISH_BULK_2055,CUST_00258,2026-09-12T07:38:00
ORD_BULK_04318,DISH_BULK_2640,CUST_00621,2026-09-14T08:04:00
ORD_BULK_04319,DISH_BULK_2640,CUST_02946,2026-09-16T17:46:00
ORD_BULK_04320,DISH_BULK_1343,CUST_01883,2026-09-18T11:17:00
ORD_BULK_04321,DISH_BULK_0527,CUST_01141,2026-09-17T19:47:00
ORD_BULK_04322,DISH_BULK_1194,CUST_03783,2026-09-14T19:34:00
ORD_BULK_04323,DISH_BULK_0233,CUST_03753,2026-09-17T16:09:00
ORD_BULK_04324,DISH_BULK_1935,CUST_01543,2026-09-15T16:49:00
ORD_BULK_04325,DISH_BULK_2435,CUST_02700,2026-09-12T09:15:00
ORD_BULK_04326,DISH_BULK_2313,CUST_02903,2026-09-16T02:26:00
ORD_BULK_04327,DISH_BULK_2652,CUST_02153,2026-09-13T06:47:00
ORD_BULK_04328,DISH_BULK_0484,CUST_02859,2026-09-14T00:29:00
ORD_BULK_04329,DISH_BULK_2365,CUST_03913,2026-09-16T22:34:00
ORD_BULK_04330,DISH_BULK_1379,CUST_02395,2026-09-17T08:36:00
ORD_BULK_04331,DISH_BULK_1607,CUST_00277,2026-09-10T20:16:00
ORD_BULK_04332,DISH_BULK_0074,CUST_03490,2026-09-12T03:27:00
ORD_BULK_04333,DISH_BULK_0903,CUST_00396,2026-09-17T21:39:00
ORD_BULK_04334,DISH_BULK_0389,CUST_02046,2026-09-18T01:30:00
ORD_BULK_04335,DISH_BULK_1905,CUST_01326,2026-09-12T23:13:00
ORD_BULK_04336,DISH_BULK_0923,CUST_00432,2026-09-12T07:30:00
ORD_BULK_04337,DISH_BULK_2936,CUST_03656,2026-09-14T16:52:00
ORD_BULK_04338,DISH_BULK_1674,CUST_03779,2026-09-11T01:34:00
ORD_BULK_04339,DISH_BULK_0207,CUST_02507,2026-09-13T04:23:00
ORD_BULK_04340,DISH_BULK_0422,CUST_00154,2026-09-11T03:54:00
ORD_BULK_04341,DISH_BULK_1762,CUST_03127,2026-09-14T14:12:00
ORD_BULK_04342,DISH_BULK_2438,CUST_02586,2026-09-10T16:02:00
ORD_BULK_04343,DISH_BULK_0666,CUST_01316,2026-09-11T13:23:00
ORD_BULK_04344,DISH_BULK_2815,CUST_01842,2026-09-14T15:07:00
ORD_BULK_04345,DISH_BULK_0499,CUST_02611,2026-09-16T20:40:00
ORD_BULK_04346,DISH_BULK_2233,CUST_00819,2026-09-12T13:26:00
ORD_BULK_04347,DISH_BULK_0988,CUST_02012,2026-09-15T07:28:00
ORD_BULK_04348,DISH_BULK_2734,CUST_01172,2026-09-12T21:34:00
ORD_BULK_04349,DISH_BULK_0778,CUST_03040,2026-09-12T04:15:00
ORD_BULK_04350,DISH_BULK_1731,CUST_03334,2026-09-16T08:19:00
ORD_BULK_04351,DISH_BULK_0741,CUST_00353,2026-09-16T22:57:00
ORD_BULK_04352,DISH_BULK_0053,CUST_02577,2026-09-17T22:35:00
ORD_BULK_04353,DISH_BULK_0348,CUST_00834,2026-09-10T17:04:00
ORD_BULK_04354,DISH_BULK_0529,CUST_03659,2026-09-10T09:25:00
ORD_BULK_04355,DISH_BULK_1426,CUST_03172,2026-09-14T23:25:00
ORD_BULK_04356,DISH_BULK_2281,CUST_02239,2026-09-11T03:39:00
ORD_BULK_04357,DISH_BULK_1349,CUST_00760,2026-09-18T02:19:00
ORD_BULK_04358,DISH_BULK_2943,CUST_03923,2026-09-18T14:52:00
ORD_BULK_04359,DISH_BULK_2584,CUST_02164,2026-09-15T23:29:00
ORD_BULK_04360,DISH_BULK_0732,CUST_03410,2026-09-12T16:39:00
ORD_BULK_04361,DISH_BULK_2290,CUST_03390,2026-09-15T17:21:00
ORD_BULK_04362,DISH_BULK_2005,CUST_01443,2026-09-14T09:20:00
ORD_BULK_04363,DISH_BULK_2487,CUST_03686,2026-09-16T16:33:00
ORD_BULK_04364,DISH_BULK_0518,CUST_03284,2026-09-11T02:20:00
ORD_BULK_04365,DISH_BULK_1751,CUST_01752,2026-09-17T10:47:00
ORD_BULK_04366,DISH_BULK_1494,CUST_03580,2026-09-11T03:21:00
ORD_BULK_04367,DISH_BULK_2285,CUST_00321,2026-09-11T18:43:00
ORD_BULK_04368,DISH_BULK_2072,CUST_01222,2026-09-11T11:33:00
ORD_BULK_04369,DISH_BULK_0437,CUST_02043,2026-09-12T22:57:00
ORD_BULK_04370,DISH_BULK_0164,CUST_02464,2026-09-16T11:36:00
ORD_BULK_04371,DISH_BULK_1309,CUST_00093,2026-09-12T21:10:00
ORD_BULK_04372,DISH_BULK_1141,CUST_03778,2026-09-13T04:38:00
ORD_BULK_04373,DISH_BULK_1553,CUST_02881,2026-09-14T09:43:00
ORD_BULK_04374,DISH_BULK_0232,CUST_03574,2026-09-12T03:06:00
ORD_BULK_04375,DISH_BULK_1133,CUST_00307,2026-09-16T09:55:00
ORD_BULK_04376,DISH_BULK_2310,CUST_00989,2026-09-16T05:22:00
ORD_BULK_04377,DISH_BULK_2457,CUST_02049,2026-09-13T21:15:00
ORD_BULK_04378,DISH_BULK_1589,CUST_02534,2026-09-10T23:28:00
ORD_BULK_04379,DISH_BULK_2190,CUST_02858,2026-09-11T14:16:00
ORD_BULK_04380,DISH_BULK_2341,CUST_01930,2026-09-13T07:49:00
ORD_BULK_04381,DISH_BULK_2629,CUST_00123,2026-09-10T16:48:00
ORD_BULK_04382,DISH_BULK_1338,CUST_01727,2026-09-13T07:14:00
ORD_BULK_04383,DISH_BULK_0775,CUST_01371,2026-09-11T00:13:00
ORD_BULK_04384,DISH_BULK_0524,CUST_00837,2026-09-16T13:23:00
ORD_BULK_04385,DISH_BULK_1304,CUST_03786,2026-09-17T21:08:00
ORD_BULK_04386,DISH_BULK_0209,CUST_00966,2026-09-15T22:46:00
ORD_BULK_04387,DISH_BULK_0252,CUST_03300,2026-09-16T17:58:00
ORD_BULK_04388,DISH_BULK_2452,CUST_02880,2026-09-10T17:39:00
ORD_BULK_04389,DISH_BULK_1370,CUST_00290,2026-09-15T01:39:00
ORD_BULK_04390,DISH_BULK_2404,CUST_03029,2026-09-17T07:14:00
ORD_BULK_04391,DISH_BULK_0284,CUST_03636,2026-09-16T14:34:00
ORD_BULK_04392,DISH_BULK_1915,CUST_03878,2026-09-11T19:21:00
ORD_BULK_04393,DISH_BULK_1062,CUST_02963,2026-09-10T19:23:00
ORD_BULK_04394,DISH_BULK_0380,CUST_00146,2026-09-15T23:36:00
ORD_BULK_04395,DISH_BULK_2033,CUST_00923,2026-09-17T17:35:00
ORD_BULK_04396,DISH_BULK_1388,CUST_01768,2026-09-15T18:24:00
ORD_BULK_04397,DISH_BULK_1196,CUST_03202,2026-09-12T22:11:00
ORD_BULK_04398,DISH_BULK_0041,CUST_03815,2026-09-10T23:06:00
ORD_BULK_04399,DISH_BULK_0061,CUST_03169,2026-09-12T13:34:00
ORD_BULK_04400,DISH_BULK_2142,CUST_02491,2026-09-14T15:35:00
ORD_BULK_04401,DISH_BULK_2747,CUST_02801,2026-09-10T12:56:00
ORD_BULK_04402,DISH_BULK_2217,CUST_01975,2026-09-10T22:14:00
ORD_BULK_04403,DISH_BULK_1539,CUST_03137,2026-09-14T15:00:00
ORD_BULK_04404,DISH_BULK_2802,CUST_00513,2026-09-15T05:20:00
ORD_BULK_04405,DISH_BULK_2826,CUST_01749,2026-09-16T14:03:00
ORD_BULK_04406,DISH_BULK_0518,CUST_00474,2026-09-15T07:35:00
ORD_BULK_04407,DISH_BULK_0437,CUST_03675,2026-09-17T08:06:00
ORD_BULK_04408,DISH_BULK_1460,CUST_01441,2026-09-12T12:52:00
ORD_BULK_04409,DISH_BULK_1359,CUST_01789,2026-09-10T23:49:00
ORD_BULK_04410,DISH_BULK_0929,CUST_00951,2026-09-11T09:07:00
ORD_BULK_04411,DISH_BULK_2364,CUST_00042,2026-09-12T22:01:00
ORD_BULK_04412,DISH_BULK_1645,CUST_03062,2026-09-16T10:25:00
ORD_BULK_04413,DISH_BULK_2280,CUST_00188,2026-09-10T12:04:00
ORD_BULK_04414,DISH_BULK_2902,CUST_01024,2026-09-10T23:31:00
ORD_BULK_04415,DISH_BULK_0267,CUST_00233,2026-09-11T18:36:00
ORD_BULK_04416,DISH_BULK_1750,CUST_00740,2026-09-13T13:10:00
ORD_BULK_04417,DISH_BULK_0133,CUST_01287,2026-09-14T07:28:00
ORD_BULK_04418,DISH_BULK_2421,CUST_02684,2026-09-13T02:41:00
ORD_BULK_04419,DISH_BULK_1151,CUST_00532,2026-09-17T05:30:00
ORD_BULK_04420,DISH_BULK_1583,CUST_01961,2026-09-17T19:33:00
ORD_BULK_04421,DISH_BULK_0455,CUST_02690,2026-09-11T04:58:00
ORD_BULK_04422,DISH_BULK_0266,CUST_01025,2026-09-16T12:27:00
ORD_BULK_04423,DISH_BULK_0797,CUST_02028,2026-09-18T08:34:00
ORD_BULK_04424,DISH_BULK_1416,CUST_03677,2026-09-12T20:09:00
ORD_BULK_04425,DISH_BULK_1770,CUST_02921,2026-09-13T18:39:00
ORD_BULK_04426,DISH_BULK_1456,CUST_03196,2026-09-16T14:34:00
ORD_BULK_04427,DISH_BULK_1152,CUST_03560,2026-09-17T18:29:00
ORD_BULK_04428,DISH_BULK_0954,CUST_02158,2026-09-13T09:03:00
ORD_BULK_04429,DISH_BULK_1260,CUST_02859,2026-09-16T11:50:00
ORD_BULK_04430,DISH_BULK_2016,CUST_00428,2026-09-10T22:44:00
ORD_BULK_04431,DISH_BULK_1373,CUST_03689,2026-09-15T00:11:00
ORD_BULK_04432,DISH_BULK_2843,CUST_03894,2026-09-17T09:48:00
ORD_BULK_04433,DISH_BULK_1945,CUST_01146,2026-09-11T05:25:00
ORD_BULK_04434,DISH_BULK_0787,CUST_03736,2026-09-11T21:26:00
ORD_BULK_04435,DISH_BULK_2087,CUST_00945,2026-09-13T19:16:00
ORD_BULK_04436,DISH_BULK_2218,CUST_00864,2026-09-11T17:31:00
ORD_BULK_04437,DISH_BULK_1479,CUST_02970,2026-09-11T22:45:00
ORD_BULK_04438,DISH_BULK_0100,CUST_00963,2026-09-18T06:41:00
ORD_BULK_04439,DISH_BULK_1757,CUST_02663,2026-09-15T11:54:00
ORD_BULK_04440,DISH_BULK_0421,CUST_00088,2026-09-16T00:14:00
ORD_BULK_04441,DISH_BULK_0092,CUST_01108,2026-09-13T11:54:00
ORD_BULK_04442,DISH_BULK_2363,CUST_01574,2026-09-13T18:01:00
ORD_BULK_04443,DISH_BULK_0300,CUST_00245,2026-09-13T12:12:00
ORD_BULK_04444,DISH_BULK_2451,CUST_01573,2026-09-15T23:15:00
ORD_BULK_04445,DISH_BULK_0031,CUST_03534,2026-09-14T16:28:00
ORD_BULK_04446,DISH_BULK_1529,CUST_01819,2026-09-10T20:07:00
ORD_BULK_04447,DISH_BULK_0873,CUST_00843,2026-09-14T15:34:00
ORD_BULK_04448,DISH_BULK_0709,CUST_02704,2026-09-15T05:42:00
ORD_BULK_04449,DISH_BULK_2135,CUST_00215,2026-09-17T20:20:00
ORD_BULK_04450,DISH_BULK_1203,CUST_00129,2026-09-16T11:52:00
ORD_BULK_04451,DISH_BULK_1378,CUST_03839,2026-09-10T15:05:00
ORD_BULK_04452,DISH_BULK_2447,CUST_03091,2026-09-14T03:48:00
ORD_BULK_04453,DISH_BULK_1029,CUST_03319,2026-09-17T01:22:00
ORD_BULK_04454,DISH_BULK_0840,CUST_03102,2026-09-10T15:28:00
ORD_BULK_04455,DISH_BULK_1350,CUST_02973,2026-09-17T09:43:00
ORD_BULK_04456,DISH_BULK_1731,CUST_03547,2026-09-15T04:44:00
ORD_BULK_04457,DISH_BULK_2940,CUST_03804,2026-09-10T23:35:00
ORD_BULK_04458,DISH_BULK_0401,CUST_02267,2026-09-14T17:58:00
ORD_BULK_04459,DISH_BULK_2908,CUST_03820,2026-09-18T01:07:00
ORD_BULK_04460,DISH_BULK_1131,CUST_03517,2026-09-16T10:01:00
ORD_BULK_04461,DISH_BULK_1852,CUST_01737,2026-09-16T20:21:00
ORD_BULK_04462,DISH_BULK_2899,CUST_02328,2026-09-16T05:41:00
ORD_BULK_04463,DISH_BULK_1019,CUST_00666,2026-09-14T16:07:00
ORD_BULK_04464,DISH_BULK_1868,CUST_03055,2026-09-13T01:03:00
ORD_BULK_04465,DISH_BULK_0494,CUST_03718,2026-09-10T12:08:00
ORD_BULK_04466,DISH_BULK_1103,CUST_03276,2026-09-18T02:23:00
ORD_BULK_04467,DISH_BULK_1077,CUST_00351,2026-09-13T04:14:00
ORD_BULK_04468,DISH_BULK_2177,CUST_01212,2026-09-14T04:10:00
ORD_BULK_04469,DISH_BULK_2293,CUST_01617,2026-09-10T18:32:00
ORD_BULK_04470,DISH_BULK_2475,CUST_01124,2026-09-14T10:46:00
ORD_BULK_04471,DISH_BULK_1054,CUST_02701,2026-09-13T04:24:00
ORD_BULK_04472,DISH_BULK_2628,CUST_03319,2026-09-17T06:01:00
ORD_BULK_04473,DISH_BULK_0004,CUST_00510,2026-09-13T19:48:00
ORD_BULK_04474,DISH_BULK_2282,CUST_02707,2026-09-13T23:39:00
ORD_BULK_04475,DISH_BULK_1037,CUST_03472,2026-09-12T08:49:00
ORD_BULK_04476,DISH_BULK_1771,CUST_01896,2026-09-10T12:42:00
ORD_BULK_04477,DISH_BULK_1755,CUST_00037,2026-09-15T15:22:00
ORD_BULK_04478,DISH_BULK_0105,CUST_03957,2026-09-14T09:57:00
ORD_BULK_04479,DISH_BULK_1920,CUST_02613,2026-09-16T15:59:00
ORD_BULK_04480,DISH_BULK_0846,CUST_01674,2026-09-10T23:59:00
ORD_BULK_04481,DISH_BULK_2327,CUST_03846,2026-09-11T05:43:00
ORD_BULK_04482,DISH_BULK_1086,CUST_03675,2026-09-17T06:39:00
ORD_BULK_04483,DISH_BULK_2212,CUST_01287,2026-09-11T01:29:00
ORD_BULK_04484,DISH_BULK_1758,CUST_00737,2026-09-13T06:27:00
ORD_BULK_04485,DISH_BULK_1085,CUST_01064,2026-09-15T23:08:00
ORD_BULK_04486,DISH_BULK_0475,CUST_00932,2026-09-17T12:07:00
ORD_BULK_04487,DISH_BULK_0668,CUST_00602,2026-09-17T08:44:00
ORD_BULK_04488,DISH_BULK_2640,CUST_00204,2026-09-12T23:32:00
ORD_BULK_04489,DISH_BULK_0422,CUST_02682,2026-09-10T18:30:00
ORD_BULK_04490,DISH_BULK_0708,CUST_02804,2026-09-16T02:22:00
ORD_BULK_04491,DISH_BULK_1757,CUST_02376,2026-09-13T22:39:00
ORD_BULK_04492,DISH_BULK_0125,CUST_02267,2026-09-18T11:53:00
ORD_BULK_04493,DISH_BULK_0887,CUST_00250,2026-09-18T11:07:00
ORD_BULK_04494,DISH_BULK_1015,CUST_03995,2026-09-13T06:17:00
ORD_BULK_04495,DISH_BULK_0020,CUST_02779,2026-09-14T08:29:00
ORD_BULK_04496,DISH_BULK_2167,CUST_02943,2026-09-10T20:12:00
ORD_BULK_04497,DISH_BULK_2413,CUST_00962,2026-09-14T07:29:00
ORD_BULK_04498,DISH_BULK_0401,CUST_00318,2026-09-16T02:25:00
ORD_BULK_04499,DISH_BULK_1771,CUST_00464,2026-09-16T03:32:00
ORD_BULK_04500,DISH_BULK_0271,CUST_00971,2026-09-12T15:43:00
ORD_BULK_04501,DISH_BULK_1288,CUST_02337,2026-09-14T13:24:00
ORD_BULK_04502,DISH_BULK_2743,CUST_01704,2026-09-11T03:29:00
ORD_BULK_04503,DISH_BULK_2583,CUST_01747,2026-09-13T13:18:00
ORD_BULK_04504,DISH_BULK_0540,CUST_00102,2026-09-14T01:10:00
ORD_BULK_04505,DISH_BULK_2440,CUST_03229,2026-09-14T10:22:00
ORD_BULK_04506,DISH_BULK_1326,CUST_03995,2026-09-14T23:26:00
ORD_BULK_04507,DISH_BULK_2624,CUST_01535,2026-09-15T16:31:00
ORD_BULK_04508,DISH_BULK_1158,CUST_02548,2026-09-10T16:30:00
ORD_BULK_04509,DISH_BULK_0610,CUST_01509,2026-09-10T20:10:00
ORD_BULK_04510,DISH_BULK_1145,CUST_03811,2026-09-12T00:58:00
ORD_BULK_04511,DISH_BULK_2375,CUST_00105,2026-09-11T13:00:00
ORD_BULK_04512,DISH_BULK_2448,CUST_00867,2026-09-13T21:29:00
ORD_BULK_04513,DISH_BULK_2046,CUST_02932,2026-09-16T02:46:00
ORD_BULK_04514,DISH_BULK_2335,CUST_02920,2026-09-14T05:56:00
ORD_BULK_04515,DISH_BULK_0834,CUST_01552,2026-09-16T23:06:00
ORD_BULK_04516,DISH_BULK_0087,CUST_02692,2026-09-18T14:19:00
ORD_BULK_04517,DISH_BULK_0568,CUST_01561,2026-09-17T17:16:00
ORD_BULK_04518,DISH_BULK_0275,CUST_03913,2026-09-11T05:06:00
ORD_BULK_04519,DISH_BULK_0873,CUST_02316,2026-09-16T01:29:00
ORD_BULK_04520,DISH_BULK_2306,CUST_02582,2026-09-16T13:42:00
ORD_BULK_04521,DISH_BULK_1666,CUST_02208,2026-09-11T17:06:00
ORD_BULK_04522,DISH_BULK_2115,CUST_03270,2026-09-10T22:02:00
ORD_BULK_04523,DISH_BULK_2440,CUST_01935,2026-09-17T20:00:00
ORD_BULK_04524,DISH_BULK_2102,CUST_02132,2026-09-15T08:25:00
ORD_BULK_04525,DISH_BULK_1252,CUST_01103,2026-09-12T13:15:00
ORD_BULK_04526,DISH_BULK_2310,CUST_01201,2026-09-13T02:38:00
ORD_BULK_04527,DISH_BULK_1300,CUST_00996,2026-09-14T10:50:00
ORD_BULK_04528,DISH_BULK_0899,CUST_01868,2026-09-13T21:57:00
ORD_BULK_04529,DISH_BULK_0426,CUST_02839,2026-09-13T01:49:00
ORD_BULK_04530,DISH_BULK_1776,CUST_03002,2026-09-14T23:56:00
ORD_BULK_04531,DISH_BULK_1436,CUST_00327,2026-09-14T08:06:00
ORD_BULK_04532,DISH_BULK_2249,CUST_02072,2026-09-11T04:52:00
ORD_BULK_04533,DISH_BULK_1437,CUST_02677,2026-09-15T20:12:00
ORD_BULK_04534,DISH_BULK_2432,CUST_00944,2026-09-15T10:35:00
ORD_BULK_04535,DISH_BULK_1669,CUST_00942,2026-09-16T19:28:00
ORD_BULK_04536,DISH_BULK_0467,CUST_03792,2026-09-16T10:48:00
ORD_BULK_04537,DISH_BULK_0957,CUST_03181,2026-09-14T23:18:00
ORD_BULK_04538,DISH_BULK_2715,CUST_02396,2026-09-17T21:50:00
ORD_BULK_04539,DISH_BULK_0519,CUST_02481,2026-09-13T07:04:00
ORD_BULK_04540,DISH_BULK_1129,CUST_01400,2026-09-13T21:42:00
ORD_BULK_04541,DISH_BULK_0437,CUST_00334,2026-09-14T23:32:00
ORD_BULK_04542,DISH_BULK_1678,CUST_02069,2026-09-12T00:31:00
ORD_BULK_04543,DISH_BULK_2313,CUST_02025,2026-09-17T12:45:00
ORD_BULK_04544,DISH_BULK_0765,CUST_03686,2026-09-12T09:07:00
ORD_BULK_04545,DISH_BULK_1813,CUST_00064,2026-09-12T05:32:00
ORD_BULK_04546,DISH_BULK_0448,CUST_01715,2026-09-13T07:55:00
ORD_BULK_04547,DISH_BULK_2225,CUST_02914,2026-09-15T16:18:00
ORD_BULK_04548,DISH_BULK_0367,CUST_00518,2026-09-10T17:18:00
ORD_BULK_04549,DISH_BULK_1721,CUST_00099,2026-09-18T04:25:00
ORD_BULK_04550,DISH_BULK_0637,CUST_00300,2026-09-11T20:08:00
ORD_BULK_04551,DISH_BULK_2063,CUST_03551,2026-09-16T08:32:00
ORD_BULK_04552,DISH_BULK_1543,CUST_03704,2026-09-15T03:19:00
ORD_BULK_04553,DISH_BULK_1405,CUST_00523,2026-09-14T21:51:00
ORD_BULK_04554,DISH_BULK_2808,CUST_02282,2026-09-13T01:55:00
ORD_BULK_04555,DISH_BULK_2870,CUST_01202,2026-09-11T16:30:00
ORD_BULK_04556,DISH_BULK_1333,CUST_03676,2026-09-14T03:55:00
ORD_BULK_04557,DISH_BULK_2376,CUST_02494,2026-09-17T08:22:00
ORD_BULK_04558,DISH_BULK_0395,CUST_02959,2026-09-10T20:21:00
ORD_BULK_04559,DISH_BULK_0256,CUST_03026,2026-09-14T08:55:00
ORD_BULK_04560,DISH_BULK_1792,CUST_03731,2026-09-14T23:39:00
ORD_BULK_04561,DISH_BULK_2537,CUST_01843,2026-09-15T06:58:00
ORD_BULK_04562,DISH_BULK_1138,CUST_03104,2026-09-15T18:16:00
ORD_BULK_04563,DISH_BULK_2821,CUST_00552,2026-09-12T10:05:00
ORD_BULK_04564,DISH_BULK_2918,CUST_03138,2026-09-17T00:59:00
ORD_BULK_04565,DISH_BULK_2040,CUST_00344,2026-09-12T01:34:00
ORD_BULK_04566,DISH_PNR_032,CUST_02432,2026-09-17T01:56:00
ORD_BULK_04567,DISH_BULK_1469,CUST_02761,2026-09-17T17:19:00
ORD_BULK_04568,DISH_BULK_1811,CUST_01554,2026-09-13T23:30:00
ORD_BULK_04569,DISH_BULK_1750,CUST_00724,2026-09-16T02:54:00
ORD_BULK_04570,DISH_BULK_2913,CUST_02409,2026-09-13T12:16:00
ORD_BULK_04571,DISH_BULK_0350,CUST_00952,2026-09-13T17:11:00
ORD_BULK_04572,DISH_BULK_1974,CUST_01398,2026-09-10T21:11:00
ORD_BULK_04573,DISH_BULK_2264,CUST_02121,2026-09-16T07:24:00
ORD_BULK_04574,DISH_BULK_2328,CUST_02082,2026-09-15T04:30:00
ORD_BULK_04575,DISH_BULK_1122,CUST_01323,2026-09-14T16:52:00
ORD_BULK_04576,DISH_BULK_1258,CUST_03102,2026-09-12T08:43:00
ORD_BULK_04577,DISH_BULK_0540,CUST_00172,2026-09-18T15:36:00
ORD_BULK_04578,DISH_BULK_0816,CUST_01764,2026-09-16T05:45:00
ORD_BULK_04579,DISH_BULK_1093,CUST_02356,2026-09-17T08:03:00
ORD_BULK_04580,DISH_BULK_1241,CUST_00408,2026-09-14T06:50:00
ORD_BULK_04581,DISH_BULK_1120,CUST_00679,2026-09-11T16:22:00
ORD_BULK_04582,DISH_BULK_1133,CUST_01122,2026-09-15T20:53:00
ORD_BULK_04583,DISH_BULK_1751,CUST_00917,2026-09-12T06:14:00
ORD_BULK_04584,DISH_BULK_1135,CUST_03847,2026-09-13T06:50:00
ORD_BULK_04585,DISH_BULK_2436,CUST_03087,2026-09-11T12:58:00
ORD_BULK_04586,DISH_BULK_0902,CUST_02730,2026-09-13T12:05:00
ORD_BULK_04587,DISH_BULK_0531,CUST_00394,2026-09-12T16:28:00
ORD_BULK_04588,DISH_BULK_2215,CUST_03436,2026-09-16T02:54:00
ORD_BULK_04589,DISH_BULK_0645,CUST_00113,2026-09-17T03:24:00
ORD_BULK_04590,DISH_BULK_0116,CUST_03932,2026-09-16T11:24:00
ORD_BULK_04591,DISH_BULK_2157,CUST_03273,2026-09-12T13:17:00
ORD_BULK_04592,DISH_PNR_028,CUST_02001,2026-09-10T15:02:00
ORD_BULK_04593,DISH_BULK_1467,CUST_00833,2026-09-13T12:57:00
ORD_BULK_04594,DISH_BULK_2293,CUST_01747,2026-09-18T15:54:00
ORD_BULK_04595,DISH_BULK_1776,CUST_02134,2026-09-11T18:27:00
ORD_BULK_04596,DISH_BULK_1812,CUST_01209,2026-09-11T13:55:00
ORD_BULK_04597,DISH_BULK_2887,CUST_02894,2026-09-11T16:45:00
ORD_BULK_04598,DISH_BULK_1774,CUST_03641,2026-09-15T06:02:00
ORD_BULK_04599,DISH_BULK_1974,CUST_01078,2026-09-11T07:43:00
ORD_BULK_04600,DISH_BULK_0514,CUST_01141,2026-09-18T15:47:00
ORD_BULK_04601,DISH_BULK_2693,CUST_00478,2026-09-14T08:35:00
ORD_BULK_04602,DISH_BULK_0277,CUST_03049,2026-09-12T20:44:00
ORD_BULK_04603,DISH_BULK_2933,CUST_00305,2026-09-14T01:19:00
ORD_BULK_04604,DISH_BULK_0595,CUST_02077,2026-09-14T03:34:00
ORD_BULK_04605,DISH_BULK_1084,CUST_01858,2026-09-17T12:12:00
ORD_BULK_04606,DISH_BULK_2054,CUST_02753,2026-09-11T04:13:00
ORD_BULK_04607,DISH_BULK_2849,CUST_02818,2026-09-13T21:57:00
ORD_BULK_04608,DISH_BULK_0111,CUST_01776,2026-09-11T11:25:00
ORD_BULK_04609,DISH_BULK_2842,CUST_03254,2026-09-16T06:20:00
ORD_BULK_04610,DISH_BULK_1254,CUST_00780,2026-09-16T16:25:00
ORD_BULK_04611,DISH_BULK_2661,CUST_03431,2026-09-17T10:57:00
ORD_BULK_04612,DISH_BULK_0099,CUST_03888,2026-09-17T13:15:00
ORD_BULK_04613,DISH_BULK_2523,CUST_00033,2026-09-13T03:09:00
ORD_BULK_04614,DISH_BULK_0514,CUST_02402,2026-09-14T14:43:00
ORD_BULK_04615,DISH_BULK_0855,CUST_02759,2026-09-12T13:25:00
ORD_BULK_04616,DISH_BULK_1040,CUST_01926,2026-09-12T01:21:00
ORD_BULK_04617,DISH_BULK_1938,CUST_03334,2026-09-12T11:05:00
ORD_BULK_04618,DISH_BULK_1988,CUST_01158,2026-09-11T19:59:00
ORD_BULK_04619,DISH_BULK_0767,CUST_02601,2026-09-11T08:13:00
ORD_BULK_04620,DISH_BULK_2068,CUST_03511,2026-09-18T13:30:00
ORD_BULK_04621,DISH_BULK_0831,CUST_00014,2026-09-15T06:35:00
ORD_BULK_04622,DISH_BULK_0229,CUST_02010,2026-09-16T16:17:00
ORD_BULK_04623,DISH_BULK_2457,CUST_00855,2026-09-18T09:52:00
ORD_BULK_04624,DISH_BULK_0683,CUST_00159,2026-09-15T02:11:00
ORD_BULK_04625,DISH_BULK_2771,CUST_01078,2026-09-17T07:29:00
ORD_BULK_04626,DISH_BULK_1511,CUST_02585,2026-09-16T23:26:00
ORD_BULK_04627,DISH_BULK_0915,CUST_02613,2026-09-14T07:13:00
ORD_BULK_04628,DISH_BULK_1937,CUST_02173,2026-09-17T19:23:00
ORD_BULK_04629,DISH_BULK_0691,CUST_03596,2026-09-13T17:56:00
ORD_BULK_04630,DISH_BULK_0903,CUST_03585,2026-09-13T15:46:00
ORD_BULK_04631,DISH_BULK_2690,CUST_01987,2026-09-15T21:51:00
ORD_BULK_04632,DISH_BULK_2534,CUST_01607,2026-09-17T03:15:00
ORD_BULK_04633,DISH_BULK_1416,CUST_02226,2026-09-15T19:20:00
ORD_BULK_04634,DISH_BULK_1164,CUST_00396,2026-09-12T19:46:00
ORD_BULK_04635,DISH_BULK_0414,CUST_03945,2026-09-13T14:26:00
ORD_BULK_04636,DISH_BULK_1672,CUST_03971,2026-09-15T10:06:00
ORD_BULK_04637,DISH_BULK_1286,CUST_01014,2026-09-17T20:53:00
ORD_BULK_04638,DISH_BULK_1694,CUST_00475,2026-09-12T08:06:00
ORD_BULK_04639,DISH_BULK_1857,CUST_03918,2026-09-13T23:04:00
ORD_BULK_04640,DISH_BULK_2659,CUST_00466,2026-09-14T06:54:00
ORD_BULK_04641,DISH_BULK_2808,CUST_01631,2026-09-18T08:27:00
ORD_BULK_04642,DISH_BULK_0478,CUST_03170,2026-09-15T20:05:00
ORD_BULK_04643,DISH_BULK_1957,CUST_02462,2026-09-15T00:30:00
ORD_BULK_04644,DISH_BULK_2768,CUST_00962,2026-09-10T15:54:00
ORD_BULK_04645,DISH_BULK_1145,CUST_01098,2026-09-16T02:34:00
ORD_BULK_04646,DISH_BULK_0835,CUST_03645,2026-09-14T23:41:00
ORD_BULK_04647,DISH_BULK_0203,CUST_02304,2026-09-14T00:15:00
ORD_BULK_04648,DISH_BULK_1025,CUST_02765,2026-09-13T22:43:00
ORD_BULK_04649,DISH_BULK_1638,CUST_01604,2026-09-15T08:40:00
ORD_BULK_04650,DISH_BULK_1695,CUST_01633,2026-09-13T07:11:00
ORD_BULK_04651,DISH_BULK_0177,CUST_01100,2026-09-15T20:34:00
ORD_BULK_04652,DISH_BULK_2936,CUST_00897,2026-09-14T04:47:00
ORD_BULK_04653,DISH_BULK_2560,CUST_03353,2026-09-10T20:27:00
ORD_BULK_04654,DISH_BULK_1217,CUST_01834,2026-09-14T23:54:00
ORD_BULK_04655,DISH_BULK_0860,CUST_02345,2026-09-12T05:28:00
ORD_BULK_04656,DISH_BULK_2149,CUST_00845,2026-09-17T10:44:00
ORD_BULK_04657,DISH_BULK_0405,CUST_03883,2026-09-17T07:28:00
ORD_BULK_04658,DISH_BULK_2455,CUST_01351,2026-09-11T19:17:00
ORD_BULK_04659,DISH_BULK_2431,CUST_02211,2026-09-10T13:26:00
ORD_BULK_04660,DISH_BULK_2912,CUST_00087,2026-09-14T15:32:00
ORD_BULK_04661,DISH_BULK_0323,CUST_03197,2026-09-18T08:26:00
ORD_BULK_04662,DISH_BULK_1319,CUST_03737,2026-09-14T08:18:00
ORD_BULK_04663,DISH_BULK_2218,CUST_00260,2026-09-17T18:50:00
ORD_BULK_04664,DISH_BULK_0155,CUST_02125,2026-09-12T17:28:00
ORD_BULK_04665,DISH_BULK_1437,CUST_02194,2026-09-12T14:11:00
ORD_BULK_04666,DISH_BULK_0597,CUST_03434,2026-09-16T10:16:00
ORD_BULK_04667,DISH_BULK_1574,CUST_03522,2026-09-18T12:00:00
ORD_BULK_04668,DISH_BULK_0893,CUST_01189,2026-09-12T04:04:00
ORD_BULK_04669,DISH_BULK_1485,CUST_01358,2026-09-15T00:53:00
ORD_BULK_04670,DISH_BULK_0837,CUST_02265,2026-09-13T03:54:00
ORD_BULK_04671,DISH_BULK_0009,CUST_00148,2026-09-10T13:28:00
ORD_BULK_04672,DISH_BULK_2110,CUST_00420,2026-09-16T00:56:00
ORD_BULK_04673,DISH_BULK_1583,CUST_03242,2026-09-15T20:24:00
ORD_BULK_04674,DISH_BULK_0127,CUST_00643,2026-09-13T13:18:00
ORD_BULK_04675,DISH_BULK_1188,CUST_00100,2026-09-12T22:48:00
ORD_BULK_04676,DISH_BULK_2540,CUST_03164,2026-09-18T03:53:00
ORD_BULK_04677,DISH_BULK_0966,CUST_00139,2026-09-13T10:23:00
ORD_BULK_04678,DISH_BULK_0460,CUST_03331,2026-09-14T15:10:00
ORD_BULK_04679,DISH_BULK_2638,CUST_01642,2026-09-11T19:49:00
ORD_BULK_04680,DISH_BULK_1059,CUST_03531,2026-09-11T07:11:00
ORD_BULK_04681,DISH_BULK_0267,CUST_00303,2026-09-16T01:45:00
ORD_BULK_04682,DISH_BULK_2911,CUST_02882,2026-09-15T01:25:00
ORD_BULK_04683,DISH_BULK_0036,CUST_00061,2026-09-16T11:55:00
ORD_BULK_04684,DISH_BULK_2431,CUST_03765,2026-09-12T01:27:00
ORD_BULK_04685,DISH_BULK_0345,CUST_03015,2026-09-17T00:36:00
ORD_BULK_04686,DISH_BULK_1556,CUST_00796,2026-09-17T05:23:00
ORD_BULK_04687,DISH_BULK_1232,CUST_03215,2026-09-14T00:23:00
ORD_BULK_04688,DISH_BULK_1695,CUST_02099,2026-09-10T14:23:00
ORD_BULK_04689,DISH_BULK_1191,CUST_01123,2026-09-15T13:18:00
ORD_BULK_04690,DISH_BULK_0784,CUST_00409,2026-09-13T08:09:00
ORD_BULK_04691,DISH_BULK_2641,CUST_02361,2026-09-15T16:43:00
ORD_BULK_04692,DISH_BULK_1496,CUST_01193,2026-09-15T05:17:00
ORD_BULK_04693,DISH_BULK_0335,CUST_00911,2026-09-14T22:57:00
ORD_BULK_04694,DISH_BULK_2251,CUST_01141,2026-09-15T19:59:00
ORD_BULK_04695,DISH_BULK_1118,CUST_03718,2026-09-18T07:55:00
ORD_BULK_04696,DISH_BULK_2138,CUST_02076,2026-09-13T02:47:00
ORD_BULK_04697,DISH_BULK_1520,CUST_00071,2026-09-15T23:43:00
ORD_BULK_04698,DISH_BULK_2934,CUST_01613,2026-09-14T13:46:00
ORD_BULK_04699,DISH_BULK_2192,CUST_02927,2026-09-11T13:34:00
ORD_BULK_04700,DISH_BULK_1806,CUST_00918,2026-09-16T21:47:00
ORD_BULK_04701,DISH_BULK_0055,CUST_01628,2026-09-12T23:22:00
ORD_BULK_04702,DISH_BULK_1785,CUST_01515,2026-09-15T18:11:00
ORD_BULK_04703,DISH_BULK_2260,CUST_00447,2026-09-17T15:31:00
ORD_BULK_04704,DISH_BULK_1226,CUST_01362,2026-09-11T23:15:00
ORD_BULK_04705,DISH_BULK_2534,CUST_03997,2026-09-11T06:50:00
ORD_BULK_04706,DISH_BULK_0344,CUST_02298,2026-09-12T06:13:00
ORD_BULK_04707,DISH_BULK_0804,CUST_03543,2026-09-15T21:45:00
ORD_BULK_04708,DISH_BULK_2384,CUST_01024,2026-09-11T06:54:00
ORD_BULK_04709,DISH_BULK_0532,CUST_01652,2026-09-17T08:20:00
ORD_BULK_04710,DISH_BULK_1893,CUST_02144,2026-09-18T13:26:00
ORD_BULK_04711,DISH_BULK_2274,CUST_03116,2026-09-12T23:28:00
ORD_BULK_04712,DISH_BULK_0195,CUST_03144,2026-09-15T22:44:00
ORD_BULK_04713,DISH_BULK_0986,CUST_01687,2026-09-13T21:02:00
ORD_BULK_04714,DISH_BULK_1337,CUST_03418,2026-09-12T01:07:00
ORD_BULK_04715,DISH_BULK_0103,CUST_01317,2026-09-18T04:08:00
ORD_BULK_04716,DISH_BULK_2269,CUST_02453,2026-09-14T23:00:00
ORD_BULK_04717,DISH_PNR_023,CUST_01099,2026-09-18T04:31:00
ORD_BULK_04718,DISH_BULK_0810,CUST_03093,2026-09-16T17:34:00
ORD_BULK_04719,DISH_BULK_1955,CUST_02235,2026-09-16T00:28:00
ORD_BULK_04720,DISH_BULK_1236,CUST_03931,2026-09-17T18:02:00
ORD_BULK_04721,DISH_BULK_0919,CUST_01319,2026-09-15T13:59:00
ORD_BULK_04722,DISH_BULK_2857,CUST_01979,2026-09-16T04:28:00
ORD_BULK_04723,DISH_BULK_2226,CUST_03518,2026-09-11T06:14:00
ORD_BULK_04724,DISH_BULK_0384,CUST_01744,2026-09-18T06:56:00
ORD_BULK_04725,DISH_BULK_0271,CUST_01539,2026-09-11T18:45:00
ORD_BULK_04726,DISH_BULK_0009,CUST_00664,2026-09-16T05:58:00
ORD_BULK_04727,DISH_BULK_0451,CUST_00681,2026-09-12T13:53:00
ORD_BULK_04728,DISH_BULK_1746,CUST_03563,2026-09-11T15:02:00
ORD_BULK_04729,DISH_BULK_0113,CUST_03628,2026-09-15T03:49:00
ORD_BULK_04730,DISH_BULK_1982,CUST_00700,2026-09-17T10:59:00
ORD_BULK_04731,DISH_BULK_2102,CUST_01996,2026-09-11T22:11:00
ORD_BULK_04732,DISH_BULK_2194,CUST_01713,2026-09-14T21:03:00
ORD_BULK_04733,DISH_PNR_038,CUST_01216,2026-09-11T16:06:00
ORD_BULK_04734,DISH_BULK_1737,CUST_01206,2026-09-18T12:35:00
ORD_BULK_04735,DISH_BULK_2725,CUST_01111,2026-09-16T06:40:00
ORD_BULK_04736,DISH_BULK_1274,CUST_02520,2026-09-14T13:28:00
ORD_BULK_04737,DISH_BULK_2263,CUST_02664,2026-09-12T05:18:00
ORD_BULK_04738,DISH_BULK_0533,CUST_01189,2026-09-16T06:52:00
ORD_BULK_04739,DISH_BULK_2759,CUST_00838,2026-09-17T07:39:00
ORD_BULK_04740,DISH_BULK_2880,CUST_01521,2026-09-16T05:49:00
ORD_BULK_04741,DISH_BULK_2430,CUST_01030,2026-09-15T16:55:00
ORD_BULK_04742,DISH_BULK_1849,CUST_00863,2026-09-14T02:09:00
ORD_BULK_04743,DISH_BULK_2903,CUST_03492,2026-09-11T20:57:00
ORD_BULK_04744,DISH_BULK_0626,CUST_02148,2026-09-18T11:15:00
ORD_BULK_04745,DISH_BULK_1894,CUST_00041,2026-09-13T22:45:00
ORD_BULK_04746,DISH_BULK_1659,CUST_00735,2026-09-12T01:03:00
ORD_BULK_04747,DISH_BULK_1881,CUST_00275,2026-09-10T09:31:00
ORD_BULK_04748,DISH_BULK_1231,CUST_02874,2026-09-12T11:14:00
ORD_BULK_04749,DISH_BULK_0770,CUST_02843,2026-09-11T09:37:00
ORD_BULK_04750,DISH_BULK_2156,CUST_01879,2026-09-14T02:23:00
ORD_BULK_04751,DISH_BULK_0341,CUST_00251,2026-09-17T10:39:00
ORD_BULK_04752,DISH_BULK_1873,CUST_02435,2026-09-12T02:43:00
ORD_BULK_04753,DISH_BULK_0227,CUST_01436,2026-09-17T13:45:00
ORD_BULK_04754,DISH_BULK_2244,CUST_03619,2026-09-12T21:43:00
ORD_BULK_04755,DISH_BULK_1366,CUST_02576,2026-09-10T11:51:00
ORD_BULK_04756,DISH_BULK_0743,CUST_01125,2026-09-13T13:36:00
ORD_BULK_04757,DISH_BULK_1699,CUST_02394,2026-09-18T15:09:00
ORD_BULK_04758,DISH_BULK_1206,CUST_01505,2026-09-17T10:31:00
ORD_BULK_04759,DISH_BULK_1605,CUST_03827,2026-09-13T05:33:00
ORD_BULK_04760,DISH_BULK_2252,CUST_02217,2026-09-17T15:11:00
ORD_BULK_04761,DISH_BULK_2654,CUST_00830,2026-09-11T05:09:00
ORD_BULK_04762,DISH_BULK_2381,CUST_00625,2026-09-11T12:07:00
ORD_BULK_04763,DISH_BULK_2946,CUST_00887,2026-09-13T12:27:00
ORD_BULK_04764,DISH_BULK_0684,CUST_01077,2026-09-16T17:55:00
ORD_BULK_04765,DISH_BULK_0373,CUST_00519,2026-09-16T06:37:00
ORD_BULK_04766,DISH_BULK_2359,CUST_02642,2026-09-14T16:34:00
ORD_BULK_04767,DISH_BULK_1306,CUST_02358,2026-09-17T01:42:00
ORD_BULK_04768,DISH_BULK_2431,CUST_01136,2026-09-17T08:10:00
ORD_BULK_04769,DISH_BULK_2692,CUST_03725,2026-09-15T17:16:00
ORD_BULK_04770,DISH_BULK_0811,CUST_00689,2026-09-10T08:43:00
ORD_BULK_04771,DISH_BULK_0903,CUST_00887,2026-09-11T08:56:00
ORD_BULK_04772,DISH_BULK_2472,CUST_00601,2026-09-11T23:08:00
ORD_BULK_04773,DISH_BULK_0629,CUST_01948,2026-09-10T08:04:00
ORD_BULK_04774,DISH_BULK_1278,CUST_00319,2026-09-10T22:15:00
ORD_BULK_04775,DISH_BULK_0515,CUST_02096,2026-09-15T08:03:00
ORD_BULK_04776,DISH_BULK_1696,CUST_02724,2026-09-15T16:48:00
ORD_BULK_04777,DISH_BULK_1293,CUST_01240,2026-09-16T00:38:00
ORD_BULK_04778,DISH_BULK_0434,CUST_00987,2026-09-16T16:57:00
ORD_BULK_04779,DISH_BULK_1564,CUST_01546,2026-09-14T17:16:00
ORD_BULK_04780,DISH_BULK_2846,CUST_01944,2026-09-14T08:56:00
ORD_BULK_04781,DISH_BULK_1230,CUST_03436,2026-09-16T06:32:00
ORD_BULK_04782,DISH_BULK_1252,CUST_02174,2026-09-11T05:21:00
ORD_BULK_04783,DISH_BULK_2433,CUST_03450,2026-09-12T18:24:00
ORD_BULK_04784,DISH_BULK_0634,CUST_03873,2026-09-17T13:03:00
ORD_BULK_04785,DISH_BULK_1091,CUST_02914,2026-09-11T23:01:00
ORD_BULK_04786,DISH_BULK_1744,CUST_02296,2026-09-15T08:35:00
ORD_BULK_04787,DISH_BULK_1961,CUST_02848,2026-09-13T04:24:00
ORD_BULK_04788,DISH_BULK_2761,CUST_00493,2026-09-16T16:20:00
ORD_BULK_04789,DISH_BULK_1737,CUST_02671,2026-09-14T07:04:00
ORD_BULK_04790,DISH_BULK_0683,CUST_00104,2026-09-14T11:51:00
ORD_BULK_04791,DISH_BULK_1863,CUST_03157,2026-09-17T22:57:00
ORD_BULK_04792,DISH_BULK_1371,CUST_02984,2026-09-15T03:48:00
ORD_BULK_04793,DISH_BULK_0829,CUST_02528,2026-09-16T16:51:00
ORD_BULK_04794,DISH_BULK_0736,CUST_01567,2026-09-14T14:10:00
ORD_BULK_04795,DISH_BULK_0687,CUST_03823,2026-09-10T10:54:00
ORD_BULK_04796,DISH_BULK_0756,CUST_01811,2026-09-14T10:34:00
ORD_BULK_04797,DISH_BULK_2108,CUST_00799,2026-09-10T09:31:00
ORD_BULK_04798,DISH_BULK_2355,CUST_01272,2026-09-14T01:41:00
ORD_BULK_04799,DISH_BULK_0339,CUST_03732,2026-09-14T12:43:00
ORD_BULK_04800,DISH_BULK_0993,CUST_02060,2026-09-10T11:32:00
ORD_BULK_04801,DISH_BULK_2439,CUST_01119,2026-09-10T17:09:00
ORD_BULK_04802,DISH_BULK_2605,CUST_01127,2026-09-17T15:13:00
ORD_BULK_04803,DISH_BULK_1914,CUST_01632,2026-09-10T19:59:00
ORD_BULK_04804,DISH_BULK_2802,CUST_02885,2026-09-13T05:05:00
ORD_BULK_04805,DISH_BULK_1077,CUST_02562,2026-09-10T23:37:00
ORD_BULK_04806,DISH_BULK_2297,CUST_03373,2026-09-10T16:18:00
ORD_BULK_04807,DISH_BULK_2895,CUST_03800,2026-09-15T16:33:00
ORD_BULK_04808,DISH_BULK_2442,CUST_02590,2026-09-15T12:06:00
ORD_BULK_04809,DISH_BULK_1962,CUST_00712,2026-09-15T17:16:00
ORD_BULK_04810,DISH_BULK_2606,CUST_03075,2026-09-16T12:58:00
ORD_BULK_04811,DISH_BULK_0379,CUST_00157,2026-09-14T12:54:00
ORD_BULK_04812,DISH_BULK_0072,CUST_02511,2026-09-18T10:46:00
ORD_BULK_04813,DISH_BULK_0581,CUST_02891,2026-09-12T08:18:00
ORD_BULK_04814,DISH_BULK_0493,CUST_00340,2026-09-15T02:34:00
ORD_BULK_04815,DISH_BULK_0443,CUST_00230,2026-09-15T09:04:00
ORD_BULK_04816,DISH_BULK_2565,CUST_02911,2026-09-11T01:01:00
ORD_BULK_04817,DISH_BULK_1241,CUST_00400,2026-09-16T12:34:00
ORD_BULK_04818,DISH_BULK_1090,CUST_03493,2026-09-12T13:01:00
ORD_BULK_04819,DISH_BULK_2637,CUST_02515,2026-09-10T12:33:00
ORD_BULK_04820,DISH_BULK_1316,CUST_03430,2026-09-17T23:29:00
ORD_BULK_04821,DISH_BULK_1250,CUST_03678,2026-09-18T09:41:00
ORD_BULK_04822,DISH_BULK_0647,CUST_03710,2026-09-17T00:14:00
ORD_BULK_04823,DISH_BULK_2911,CUST_03868,2026-09-14T12:00:00
ORD_BULK_04824,DISH_BULK_2068,CUST_00059,2026-09-17T21:27:00
ORD_BULK_04825,DISH_BULK_1605,CUST_01706,2026-09-17T22:19:00
ORD_BULK_04826,DISH_BULK_2696,CUST_00252,2026-09-11T01:44:00
ORD_BULK_04827,DISH_BULK_0744,CUST_03380,2026-09-16T00:56:00
ORD_BULK_04828,DISH_BULK_0558,CUST_02986,2026-09-13T08:48:00
ORD_BULK_04829,DISH_BULK_0297,CUST_00707,2026-09-15T09:04:00
ORD_BULK_04830,DISH_BULK_0136,CUST_01129,2026-09-17T06:10:00
ORD_BULK_04831,DISH_BULK_0767,CUST_02821,2026-09-16T02:01:00
ORD_BULK_04832,DISH_BULK_1630,CUST_00709,2026-09-17T13:28:00
ORD_BULK_04833,DISH_PNR_014,CUST_01275,2026-09-13T10:45:00
ORD_BULK_04834,DISH_BULK_2250,CUST_01437,2026-09-11T16:08:00
ORD_BULK_04835,DISH_BULK_1352,CUST_01910,2026-09-16T19:08:00
ORD_BULK_04836,DISH_BULK_2806,CUST_00353,2026-09-16T18:36:00
ORD_BULK_04837,DISH_BULK_1850,CUST_00362,2026-09-11T15:44:00
ORD_BULK_04838,DISH_BULK_0324,CUST_00748,2026-09-18T15:12:00
ORD_BULK_04839,DISH_BULK_0307,CUST_00761,2026-09-13T22:41:00
ORD_BULK_04840,DISH_BULK_2375,CUST_02567,2026-09-10T13:29:00
ORD_BULK_04841,DISH_BULK_0647,CUST_03231,2026-09-10T10:51:00
ORD_BULK_04842,DISH_BULK_0844,CUST_02614,2026-09-14T14:16:00
ORD_BULK_04843,DISH_BULK_1839,CUST_00333,2026-09-18T13:46:00
ORD_BULK_04844,DISH_BULK_0964,CUST_01261,2026-09-18T01:55:00
ORD_BULK_04845,DISH_BULK_2584,CUST_03862,2026-09-12T12:10:00
ORD_BULK_04846,DISH_BULK_0497,CUST_01272,2026-09-10T22:33:00
ORD_BULK_04847,DISH_BULK_1507,CUST_02892,2026-09-13T14:23:00
ORD_BULK_04848,DISH_BULK_0683,CUST_01143,2026-09-11T22:20:00
ORD_BULK_04849,DISH_BULK_2268,CUST_01293,2026-09-15T01:02:00
ORD_BULK_04850,DISH_BULK_0879,CUST_03422,2026-09-12T11:24:00
ORD_BULK_04851,DISH_BULK_1071,CUST_03620,2026-09-12T14:24:00
ORD_BULK_04852,DISH_BULK_0679,CUST_01209,2026-09-13T06:49:00
ORD_BULK_04853,DISH_BULK_2811,CUST_01801,2026-09-13T08:14:00
ORD_BULK_04854,DISH_BULK_0332,CUST_02007,2026-09-14T08:58:00
ORD_BULK_04855,DISH_BULK_2324,CUST_01490,2026-09-14T07:15:00
ORD_BULK_04856,DISH_BULK_2582,CUST_02143,2026-09-15T10:47:00
ORD_BULK_04857,DISH_BULK_2538,CUST_02815,2026-09-12T06:33:00
ORD_BULK_04858,DISH_BULK_0104,CUST_03890,2026-09-16T23:48:00
ORD_BULK_04859,DISH_BULK_1533,CUST_00638,2026-09-16T10:53:00
ORD_BULK_04860,DISH_BULK_2283,CUST_00863,2026-09-18T07:44:00
ORD_BULK_04861,DISH_BULK_1731,CUST_01421,2026-09-17T16:24:00
ORD_BULK_04862,DISH_BULK_2747,CUST_03262,2026-09-13T14:49:00
ORD_BULK_04863,DISH_BULK_0803,CUST_01402,2026-09-18T07:03:00
ORD_BULK_04864,DISH_BULK_2017,CUST_02260,2026-09-13T09:26:00
ORD_BULK_04865,DISH_BULK_0325,CUST_02103,2026-09-12T17:32:00
ORD_BULK_04866,DISH_BULK_1011,CUST_00894,2026-09-15T15:42:00
ORD_BULK_04867,DISH_BULK_1022,CUST_00129,2026-09-11T15:29:00
ORD_BULK_04868,DISH_BULK_2071,CUST_02697,2026-09-17T12:20:00
ORD_BULK_04869,DISH_BULK_0717,CUST_01947,2026-09-11T22:10:00
ORD_BULK_04870,DISH_BULK_1867,CUST_02404,2026-09-14T00:11:00
ORD_BULK_04871,DISH_BULK_1478,CUST_02310,2026-09-14T15:11:00
ORD_BULK_04872,DISH_BULK_2650,CUST_02411,2026-09-10T17:14:00
ORD_BULK_04873,DISH_BULK_1274,CUST_02873,2026-09-11T12:33:00
ORD_BULK_04874,DISH_BULK_2532,CUST_01470,2026-09-10T10:09:00
ORD_BULK_04875,DISH_BULK_0604,CUST_01727,2026-09-15T17:50:00
ORD_BULK_04876,DISH_BULK_1324,CUST_01380,2026-09-17T16:54:00
ORD_BULK_04877,DISH_BULK_0364,CUST_00767,2026-09-14T09:45:00
ORD_BULK_04878,DISH_BULK_1208,CUST_00667,2026-09-15T15:28:00
ORD_BULK_04879,DISH_BULK_2193,CUST_00763,2026-09-10T13:56:00
ORD_BULK_04880,DISH_BULK_1752,CUST_03315,2026-09-17T08:22:00
ORD_BULK_04881,DISH_BULK_1823,CUST_02432,2026-09-16T21:16:00
ORD_BULK_04882,DISH_BULK_2798,CUST_01782,2026-09-18T15:35:00
ORD_BULK_04883,DISH_BULK_1589,CUST_01940,2026-09-13T02:30:00
ORD_BULK_04884,DISH_BULK_0988,CUST_02963,2026-09-14T13:54:00
ORD_BULK_04885,DISH_BULK_2415,CUST_01384,2026-09-15T19:46:00
ORD_BULK_04886,DISH_BULK_2733,CUST_01644,2026-09-13T17:58:00
ORD_BULK_04887,DISH_BULK_0118,CUST_03977,2026-09-12T23:58:00
ORD_BULK_04888,DISH_BULK_2030,CUST_00442,2026-09-15T02:57:00
ORD_BULK_04889,DISH_BULK_1698,CUST_03171,2026-09-13T09:33:00
ORD_BULK_04890,DISH_BULK_2319,CUST_01642,2026-09-17T01:56:00
ORD_BULK_04891,DISH_BULK_0070,CUST_00672,2026-09-16T03:51:00
ORD_BULK_04892,DISH_BULK_0635,CUST_03778,2026-09-13T18:04:00
ORD_BULK_04893,DISH_BULK_2398,CUST_03954,2026-09-18T06:29:00
ORD_BULK_04894,DISH_BULK_2100,CUST_00813,2026-09-16T19:05:00
ORD_BULK_04895,DISH_BULK_0525,CUST_00533,2026-09-17T21:09:00
ORD_BULK_04896,DISH_BULK_1318,CUST_03230,2026-09-10T22:41:00
ORD_BULK_04897,DISH_BULK_0324,CUST_01267,2026-09-11T22:37:00
ORD_BULK_04898,DISH_BULK_1371,CUST_01879,2026-09-14T20:07:00
ORD_BULK_04899,DISH_BULK_0631,CUST_01887,2026-09-10T08:13:00
ORD_BULK_04900,DISH_BULK_2651,CUST_00605,2026-09-12T14:43:00
ORD_BULK_04901,DISH_BULK_0658,CUST_01235,2026-09-13T19:58:00
ORD_BULK_04902,DISH_BULK_0283,CUST_00757,2026-09-13T00:29:00
ORD_BULK_04903,DISH_BULK_0786,CUST_01789,2026-09-11T08:37:00
ORD_BULK_04904,DISH_BULK_2920,CUST_01003,2026-09-12T02:05:00
ORD_BULK_04905,DISH_BULK_2758,CUST_02275,2026-09-14T14:11:00
ORD_BULK_04906,DISH_PNR_021,CUST_01956,2026-09-12T03:30:00
ORD_BULK_04907,DISH_BULK_1365,CUST_00410,2026-09-15T16:33:00
ORD_BULK_04908,DISH_BULK_2206,CUST_02814,2026-09-14T19:36:00
ORD_BULK_04909,DISH_BULK_2816,CUST_00871,2026-09-15T16:58:00
ORD_BULK_04910,DISH_BULK_2691,CUST_01542,2026-09-15T14:33:00
ORD_BULK_04911,DISH_BULK_2846,CUST_00995,2026-09-11T10:09:00
ORD_BULK_04912,DISH_BULK_1541,CUST_00527,2026-09-13T22:55:00
ORD_BULK_04913,DISH_BULK_0500,CUST_01638,2026-09-14T01:19:00
ORD_BULK_04914,DISH_BULK_1113,CUST_03358,2026-09-18T00:15:00
ORD_BULK_04915,DISH_BULK_2945,CUST_03575,2026-09-15T03:56:00
ORD_BULK_04916,DISH_BULK_2399,CUST_01614,2026-09-16T09:50:00
ORD_BULK_04917,DISH_BULK_0247,CUST_01421,2026-09-15T21:20:00
ORD_BULK_04918,DISH_BULK_2697,CUST_03033,2026-09-17T00:08:00
ORD_BULK_04919,DISH_BULK_0064,CUST_00909,2026-09-17T06:10:00
ORD_BULK_04920,DISH_BULK_0683,CUST_03146,2026-09-13T00:12:00
ORD_BULK_04921,DISH_BULK_1465,CUST_01484,2026-09-14T04:48:00
ORD_BULK_04922,DISH_BULK_2007,CUST_03372,2026-09-10T08:26:00
ORD_BULK_04923,DISH_BULK_2454,CUST_02455,2026-09-14T20:43:00
ORD_BULK_04924,DISH_BULK_0270,CUST_02645,2026-09-12T22:49:00
ORD_BULK_04925,DISH_BULK_0519,CUST_02048,2026-09-12T11:19:00
ORD_BULK_04926,DISH_BULK_0135,CUST_00866,2026-09-13T18:26:00
ORD_BULK_04927,DISH_BULK_1737,CUST_00381,2026-09-14T04:43:00
ORD_BULK_04928,DISH_BULK_1527,CUST_02679,2026-09-12T09:07:00
ORD_BULK_04929,DISH_BULK_1697,CUST_00618,2026-09-13T13:48:00
ORD_BULK_04930,DISH_BULK_1228,CUST_01585,2026-09-18T00:23:00
ORD_BULK_04931,DISH_BULK_1922,CUST_00143,2026-09-13T07:16:00
ORD_BULK_04932,DISH_BULK_1681,CUST_00736,2026-09-12T04:39:00
ORD_BULK_04933,DISH_BULK_1585,CUST_02795,2026-09-16T05:16:00
ORD_BULK_04934,DISH_BULK_0389,CUST_01905,2026-09-11T06:33:00
ORD_BULK_04935,DISH_BULK_1372,CUST_02811,2026-09-11T11:41:00
ORD_BULK_04936,DISH_BULK_2640,CUST_03533,2026-09-14T22:26:00
ORD_BULK_04937,DISH_BULK_0004,CUST_00659,2026-09-13T23:06:00
ORD_BULK_04938,DISH_BULK_0481,CUST_02354,2026-09-16T02:26:00
ORD_BULK_04939,DISH_BULK_1526,CUST_02812,2026-09-15T12:09:00
ORD_BULK_04940,DISH_BULK_0001,CUST_01992,2026-09-17T18:32:00
ORD_BULK_04941,DISH_BULK_2699,CUST_01646,2026-09-15T03:21:00
ORD_BULK_04942,DISH_BULK_0177,CUST_01241,2026-09-15T04:02:00
ORD_BULK_04943,DISH_BULK_1013,CUST_03040,2026-09-17T13:09:00
ORD_BULK_04944,DISH_BULK_0428,CUST_02473,2026-09-15T10:57:00
ORD_BULK_04945,DISH_BULK_2010,CUST_01528,2026-09-15T17:18:00
ORD_BULK_04946,DISH_BULK_2870,CUST_01373,2026-09-16T10:05:00
ORD_BULK_04947,DISH_BULK_1448,CUST_00458,2026-09-12T08:50:00
ORD_BULK_04948,DISH_BULK_1690,CUST_02178,2026-09-14T16:42:00
ORD_BULK_04949,DISH_BULK_2717,CUST_00328,2026-09-12T01:03:00
ORD_BULK_04950,DISH_PNR_029,CUST_01381,2026-09-18T09:12:00
ORD_BULK_04951,DISH_BULK_2371,CUST_01057,2026-09-12T13:57:00
ORD_BULK_04952,DISH_BULK_2063,CUST_03330,2026-09-17T07:48:00
ORD_BULK_04953,DISH_BULK_2934,CUST_03573,2026-09-15T12:14:00
ORD_BULK_04954,DISH_BULK_1735,CUST_00199,2026-09-15T14:54:00
ORD_BULK_04955,DISH_BULK_1107,CUST_00164,2026-09-11T17:11:00
ORD_BULK_04956,DISH_BULK_1959,CUST_01886,2026-09-14T12:14:00
ORD_BULK_04957,DISH_BULK_0159,CUST_03643,2026-09-17T03:39:00
ORD_BULK_04958,DISH_BULK_2765,CUST_01513,2026-09-13T04:54:00
ORD_BULK_04959,DISH_BULK_1697,CUST_01383,2026-09-18T00:19:00
ORD_BULK_04960,DISH_BULK_1167,CUST_03141,2026-09-10T14:25:00
ORD_BULK_04961,DISH_BULK_2177,CUST_01095,2026-09-12T08:48:00
ORD_BULK_04962,DISH_BULK_1155,CUST_01462,2026-09-15T01:53:00
ORD_BULK_04963,DISH_BULK_0025,CUST_01830,2026-09-14T00:38:00
ORD_BULK_04964,DISH_BULK_1173,CUST_02605,2026-09-10T17:43:00
ORD_BULK_04965,DISH_BULK_2394,CUST_00458,2026-09-14T09:33:00
ORD_BULK_04966,DISH_BULK_2951,CUST_00150,2026-09-16T09:04:00
ORD_BULK_04967,DISH_BULK_1576,CUST_01019,2026-09-12T07:51:00
ORD_BULK_04968,DISH_BULK_0298,CUST_02192,2026-09-11T09:49:00
ORD_BULK_04969,DISH_BULK_0470,CUST_02977,2026-09-11T23:29:00
ORD_BULK_04970,DISH_BULK_2546,CUST_02022,2026-09-15T05:43:00
ORD_BULK_04971,DISH_BULK_1079,CUST_01415,2026-09-15T13:04:00
ORD_BULK_04972,DISH_BULK_2776,CUST_02529,2026-09-13T02:39:00
ORD_BULK_04973,DISH_BULK_2098,CUST_02331,2026-09-15T13:10:00
ORD_BULK_04974,DISH_BULK_0120,CUST_00314,2026-09-14T01:10:00
ORD_BULK_04975,DISH_BULK_1480,CUST_00157,2026-09-12T00:04:00
ORD_BULK_04976,DISH_BULK_2449,CUST_02965,2026-09-17T14:09:00
ORD_BULK_04977,DISH_BULK_0368,CUST_01565,2026-09-16T03:58:00
ORD_BULK_04978,DISH_BULK_2925,CUST_00323,2026-09-14T04:14:00
ORD_BULK_04979,DISH_BULK_2562,CUST_03069,2026-09-13T18:27:00
ORD_BULK_04980,DISH_BULK_1684,CUST_01642,2026-09-10T14:06:00
ORD_BULK_04981,DISH_BULK_0707,CUST_03893,2026-09-13T06:08:00
ORD_BULK_04982,DISH_BULK_2909,CUST_02675,2026-09-11T05:38:00
ORD_BULK_04983,DISH_BULK_1729,CUST_03954,2026-09-11T15:47:00
ORD_BULK_04984,DISH_BULK_0738,CUST_02339,2026-09-13T07:15:00
ORD_BULK_04985,DISH_BULK_1195,CUST_02522,2026-09-16T04:22:00
ORD_BULK_04986,DISH_BULK_2162,CUST_03499,2026-09-13T02:33:00
ORD_BULK_04987,DISH_BULK_2797,CUST_03273,2026-09-10T21:20:00
ORD_BULK_04988,DISH_BULK_1486,CUST_02349,2026-09-15T17:08:00
ORD_BULK_04989,DISH_BULK_0835,CUST_03116,2026-09-15T07:18:00
ORD_BULK_04990,DISH_BULK_1079,CUST_03060,2026-09-18T04:06:00
ORD_BULK_04991,DISH_BULK_0714,CUST_01134,2026-09-16T00:57:00
ORD_BULK_04992,DISH_BULK_2704,CUST_00188,2026-09-17T05:06:00
ORD_BULK_04993,DISH_BULK_1586,CUST_03727,2026-09-12T09:29:00
ORD_BULK_04994,DISH_BULK_2731,CUST_01168,2026-09-13T10:27:00
ORD_BULK_04995,DISH_PNR_021,CUST_01668,2026-09-12T16:33:00
ORD_BULK_04996,DISH_BULK_0030,CUST_03204,2026-09-15T01:08:00
ORD_BULK_04997,DISH_BULK_2645,CUST_00532,2026-09-13T11:01:00
ORD_BULK_04998,DISH_BULK_1047,CUST_01895,2026-09-17T03:35:00
ORD_BULK_04999,DISH_BULK_2554,CUST_01304,2026-09-11T10:31:00
ORD_BULK_05000,DISH_BULK_0860,CUST_00921,2026-09-10T12:56:00
ORD_BULK_05001,DISH_BULK_2858,CUST_01330,2026-09-12T20:21:00
ORD_BULK_05002,DISH_BULK_0215,CUST_02505,2026-09-13T14:35:00
ORD_BULK_05003,DISH_BULK_2936,CUST_02917,2026-09-17T06:23:00
ORD_BULK_05004,DISH_BULK_1840,CUST_02409,2026-09-15T02:53:00
ORD_BULK_05005,DISH_BULK_2554,CUST_02439,2026-09-14T01:46:00
ORD_BULK_05006,DISH_BULK_2171,CUST_01594,2026-09-15T17:52:00
ORD_BULK_05007,DISH_BULK_2238,CUST_00052,2026-09-14T05:38:00
ORD_BULK_05008,DISH_BULK_1349,CUST_01310,2026-09-14T06:34:00
ORD_BULK_05009,DISH_BULK_1774,CUST_00622,2026-09-15T14:08:00
ORD_BULK_05010,DISH_BULK_1997,CUST_00863,2026-09-16T09:20:00
ORD_BULK_05011,DISH_BULK_2811,CUST_00697,2026-09-17T23:46:00
ORD_BULK_05012,DISH_BULK_1551,CUST_01048,2026-09-14T22:01:00
ORD_BULK_05013,DISH_BULK_0086,CUST_02707,2026-09-16T20:00:00
ORD_BULK_05014,DISH_BULK_0275,CUST_02587,2026-09-15T20:51:00
ORD_BULK_05015,DISH_BULK_2253,CUST_01415,2026-09-11T06:41:00
ORD_BULK_05016,DISH_BULK_0804,CUST_03064,2026-09-16T08:36:00
ORD_BULK_05017,DISH_BULK_1466,CUST_01246,2026-09-13T15:41:00
ORD_BULK_05018,DISH_BULK_1245,CUST_01850,2026-09-18T00:11:00
ORD_BULK_05019,DISH_BULK_1868,CUST_00122,2026-09-12T02:34:00
ORD_BULK_05020,DISH_BULK_2513,CUST_02396,2026-09-12T05:31:00
ORD_BULK_05021,DISH_BULK_2510,CUST_01441,2026-09-16T18:15:00
ORD_BULK_05022,DISH_BULK_1721,CUST_01702,2026-09-10T14:23:00
ORD_BULK_05023,DISH_BULK_1116,CUST_02280,2026-09-15T22:00:00
ORD_BULK_05024,DISH_BULK_0915,CUST_01538,2026-09-16T10:47:00
ORD_BULK_05025,DISH_BULK_0493,CUST_01551,2026-09-17T05:47:00
ORD_BULK_05026,DISH_BULK_0459,CUST_00398,2026-09-14T20:03:00
ORD_BULK_05027,DISH_BULK_0848,CUST_00866,2026-09-11T14:12:00
ORD_BULK_05028,DISH_BULK_2291,CUST_01186,2026-09-12T08:46:00
ORD_BULK_05029,DISH_BULK_0605,CUST_03142,2026-09-14T21:31:00
ORD_BULK_05030,DISH_BULK_2207,CUST_01674,2026-09-14T08:07:00
ORD_BULK_05031,DISH_BULK_0845,CUST_01713,2026-09-17T03:38:00
ORD_BULK_05032,DISH_BULK_1096,CUST_01309,2026-09-14T11:10:00
ORD_BULK_05033,DISH_BULK_2535,CUST_00433,2026-09-17T21:22:00
ORD_BULK_05034,DISH_BULK_2767,CUST_03934,2026-09-17T12:53:00
ORD_BULK_05035,DISH_BULK_2559,CUST_01302,2026-09-16T01:09:00
ORD_BULK_05036,DISH_BULK_2147,CUST_02182,2026-09-14T19:05:00
ORD_BULK_05037,DISH_BULK_0876,CUST_03519,2026-09-14T22:18:00
ORD_BULK_05038,DISH_BULK_1980,CUST_03100,2026-09-15T14:40:00
ORD_BULK_05039,DISH_BULK_1126,CUST_03384,2026-09-15T10:43:00
ORD_BULK_05040,DISH_BULK_0596,CUST_03785,2026-09-12T08:30:00
ORD_BULK_05041,DISH_BULK_1592,CUST_01182,2026-09-10T08:54:00
ORD_BULK_05042,DISH_BULK_2135,CUST_03400,2026-09-14T03:13:00
ORD_BULK_05043,DISH_BULK_1854,CUST_02688,2026-09-12T07:02:00
ORD_BULK_05044,DISH_BULK_2753,CUST_03717,2026-09-11T10:50:00
ORD_BULK_05045,DISH_BULK_1524,CUST_02377,2026-09-17T18:20:00
ORD_BULK_05046,DISH_BULK_1666,CUST_03991,2026-09-15T02:12:00
ORD_BULK_05047,DISH_BULK_1634,CUST_00774,2026-09-17T13:47:00
ORD_BULK_05048,DISH_BULK_0072,CUST_02535,2026-09-12T21:13:00
ORD_BULK_05049,DISH_BULK_0521,CUST_02498,2026-09-17T09:16:00
ORD_BULK_05050,DISH_BULK_2015,CUST_00330,2026-09-17T03:43:00
ORD_BULK_05051,DISH_BULK_2291,CUST_02999,2026-09-14T23:37:00
ORD_BULK_05052,DISH_BULK_0047,CUST_01332,2026-09-17T06:31:00
ORD_BULK_05053,DISH_BULK_0977,CUST_00682,2026-09-16T19:27:00
ORD_BULK_05054,DISH_BULK_2516,CUST_01933,2026-09-18T02:52:00
ORD_BULK_05055,DISH_BULK_0326,CUST_03899,2026-09-14T13:06:00
ORD_BULK_05056,DISH_BULK_0047,CUST_03044,2026-09-17T04:12:00
ORD_BULK_05057,DISH_BULK_2633,CUST_01595,2026-09-16T14:44:00
ORD_BULK_05058,DISH_BULK_2048,CUST_03537,2026-09-12T12:42:00
ORD_BULK_05059,DISH_BULK_0615,CUST_01876,2026-09-14T12:46:00
ORD_BULK_05060,DISH_BULK_2915,CUST_03583,2026-09-13T01:20:00
ORD_BULK_05061,DISH_BULK_0671,CUST_01935,2026-09-18T10:38:00
ORD_BULK_05062,DISH_BULK_0772,CUST_01322,2026-09-11T20:13:00
ORD_BULK_05063,DISH_BULK_1154,CUST_00266,2026-09-10T16:26:00
ORD_BULK_05064,DISH_BULK_0801,CUST_02366,2026-09-15T13:55:00
ORD_BULK_05065,DISH_BULK_1834,CUST_01004,2026-09-18T02:41:00
ORD_BULK_05066,DISH_BULK_2424,CUST_01818,2026-09-13T02:03:00
ORD_BULK_05067,DISH_BULK_0678,CUST_03985,2026-09-15T13:59:00
ORD_BULK_05068,DISH_BULK_2002,CUST_02628,2026-09-11T14:21:00
ORD_BULK_05069,DISH_BULK_2428,CUST_03432,2026-09-14T02:27:00
ORD_BULK_05070,DISH_BULK_0606,CUST_01003,2026-09-15T14:12:00
ORD_BULK_05071,DISH_BULK_2911,CUST_03943,2026-09-11T03:04:00
ORD_BULK_05072,DISH_PNR_029,CUST_03067,2026-09-10T16:49:00
ORD_BULK_05073,DISH_BULK_2747,CUST_02773,2026-09-14T22:57:00
ORD_BULK_05074,DISH_BULK_2082,CUST_01926,2026-09-14T17:13:00
ORD_BULK_05075,DISH_BULK_0242,CUST_03208,2026-09-15T01:53:00
ORD_BULK_05076,DISH_BULK_1019,CUST_03619,2026-09-18T11:30:00
ORD_BULK_05077,DISH_BULK_2154,CUST_00496,2026-09-18T11:27:00
ORD_BULK_05078,DISH_BULK_2440,CUST_02651,2026-09-16T09:51:00
ORD_BULK_05079,DISH_BULK_2881,CUST_00098,2026-09-15T07:44:00
ORD_BULK_05080,DISH_BULK_1923,CUST_03391,2026-09-18T14:15:00
ORD_BULK_05081,DISH_BULK_0198,CUST_01200,2026-09-14T20:47:00
ORD_BULK_05082,DISH_BULK_2924,CUST_03149,2026-09-10T18:53:00
ORD_BULK_05083,DISH_BULK_1442,CUST_01637,2026-09-18T11:41:00
ORD_BULK_05084,DISH_BULK_2049,CUST_02578,2026-09-17T17:23:00
ORD_BULK_05085,DISH_BULK_1756,CUST_01756,2026-09-11T17:52:00
ORD_BULK_05086,DISH_BULK_0378,CUST_00598,2026-09-13T07:40:00
ORD_BULK_05087,DISH_BULK_2328,CUST_03087,2026-09-11T14:31:00
ORD_BULK_05088,DISH_BULK_2911,CUST_00693,2026-09-14T12:04:00
ORD_BULK_05089,DISH_BULK_1645,CUST_02690,2026-09-14T04:47:00
ORD_BULK_05090,DISH_BULK_0535,CUST_03740,2026-09-13T02:22:00
ORD_BULK_05091,DISH_BULK_1930,CUST_00861,2026-09-13T08:13:00
ORD_BULK_05092,DISH_BULK_0351,CUST_01352,2026-09-17T15:19:00
ORD_BULK_05093,DISH_BULK_2795,CUST_00304,2026-09-15T13:07:00
ORD_BULK_05094,DISH_BULK_2858,CUST_02014,2026-09-13T02:49:00
ORD_BULK_05095,DISH_BULK_1018,CUST_01403,2026-09-13T16:38:00
ORD_BULK_05096,DISH_BULK_2776,CUST_01822,2026-09-14T02:17:00
ORD_BULK_05097,DISH_BULK_1798,CUST_02866,2026-09-13T06:25:00
ORD_BULK_05098,DISH_BULK_2281,CUST_01128,2026-09-17T02:19:00
ORD_BULK_05099,DISH_BULK_0100,CUST_03119,2026-09-11T22:14:00
ORD_BULK_05100,DISH_BULK_0560,CUST_02138,2026-09-13T14:45:00
ORD_BULK_05101,DISH_BULK_0060,CUST_00906,2026-09-14T13:16:00
ORD_BULK_05102,DISH_BULK_2262,CUST_01486,2026-09-18T10:54:00
ORD_BULK_05103,DISH_BULK_1146,CUST_01257,2026-09-18T11:28:00
ORD_BULK_05104,DISH_BULK_0602,CUST_02326,2026-09-17T13:05:00
ORD_BULK_05105,DISH_BULK_1202,CUST_01947,2026-09-18T10:43:00
ORD_BULK_05106,DISH_BULK_1755,CUST_02758,2026-09-13T16:31:00
ORD_BULK_05107,DISH_BULK_0586,CUST_03047,2026-09-18T05:48:00
ORD_BULK_05108,DISH_BULK_0480,CUST_00601,2026-09-17T05:52:00
ORD_BULK_05109,DISH_BULK_1151,CUST_03520,2026-09-14T16:55:00
ORD_BULK_05110,DISH_BULK_1007,CUST_02609,2026-09-12T22:14:00
ORD_BULK_05111,DISH_BULK_0068,CUST_03486,2026-09-12T17:47:00
ORD_BULK_05112,DISH_BULK_2342,CUST_01241,2026-09-12T00:30:00
ORD_BULK_05113,DISH_BULK_2347,CUST_00050,2026-09-13T06:50:00
ORD_BULK_05114,DISH_BULK_1445,CUST_02954,2026-09-16T02:52:00
ORD_BULK_05115,DISH_BULK_2070,CUST_01663,2026-09-15T18:14:00
ORD_BULK_05116,DISH_BULK_2487,CUST_03687,2026-09-12T06:31:00
ORD_BULK_05117,DISH_BULK_1363,CUST_02638,2026-09-12T02:33:00
ORD_BULK_05118,DISH_BULK_2358,CUST_03493,2026-09-16T00:49:00
ORD_BULK_05119,DISH_BULK_1241,CUST_02144,2026-09-14T14:13:00
ORD_BULK_05120,DISH_BULK_1502,CUST_03545,2026-09-15T20:30:00
ORD_BULK_05121,DISH_BULK_2609,CUST_00693,2026-09-16T07:25:00
ORD_BULK_05122,DISH_BULK_1928,CUST_00719,2026-09-15T20:09:00
ORD_BULK_05123,DISH_BULK_1509,CUST_00059,2026-09-17T22:36:00
ORD_BULK_05124,DISH_BULK_0219,CUST_01403,2026-09-12T21:23:00
ORD_BULK_05125,DISH_BULK_1220,CUST_00846,2026-09-12T21:15:00
ORD_BULK_05126,DISH_BULK_0568,CUST_01140,2026-09-17T06:11:00
ORD_BULK_05127,DISH_BULK_2939,CUST_03233,2026-09-11T16:39:00
ORD_BULK_05128,DISH_BULK_2616,CUST_00807,2026-09-14T09:20:00
ORD_BULK_05129,DISH_BULK_1997,CUST_01882,2026-09-16T19:29:00
ORD_BULK_05130,DISH_BULK_2569,CUST_03713,2026-09-10T11:19:00
ORD_BULK_05131,DISH_BULK_2100,CUST_03679,2026-09-12T22:21:00
ORD_BULK_05132,DISH_BULK_0783,CUST_01490,2026-09-17T21:22:00
ORD_BULK_05133,DISH_BULK_0088,CUST_01633,2026-09-17T11:02:00
ORD_BULK_05134,DISH_BULK_0358,CUST_03900,2026-09-14T01:58:00
ORD_BULK_05135,DISH_BULK_2032,CUST_00276,2026-09-13T10:07:00
ORD_BULK_05136,DISH_BULK_2220,CUST_03939,2026-09-16T10:01:00
ORD_BULK_05137,DISH_BULK_2156,CUST_03575,2026-09-11T05:41:00
ORD_BULK_05138,DISH_BULK_0183,CUST_01830,2026-09-16T18:44:00
ORD_BULK_05139,DISH_BULK_2095,CUST_01016,2026-09-13T02:49:00
ORD_BULK_05140,DISH_BULK_1002,CUST_03266,2026-09-12T09:53:00
ORD_BULK_05141,DISH_BULK_2779,CUST_03836,2026-09-17T17:42:00
ORD_BULK_05142,DISH_BULK_0957,CUST_00936,2026-09-18T04:19:00
ORD_BULK_05143,DISH_BULK_2892,CUST_01869,2026-09-12T08:27:00
ORD_BULK_05144,DISH_BULK_0118,CUST_02496,2026-09-13T08:34:00
ORD_BULK_05145,DISH_BULK_2214,CUST_01137,2026-09-11T08:56:00
ORD_BULK_05146,DISH_BULK_0732,CUST_03004,2026-09-11T01:23:00
ORD_BULK_05147,DISH_BULK_0496,CUST_02141,2026-09-13T18:40:00
ORD_BULK_05148,DISH_BULK_0203,CUST_00851,2026-09-12T22:08:00
ORD_BULK_05149,DISH_BULK_0953,CUST_02399,2026-09-16T22:43:00
ORD_BULK_05150,DISH_BULK_1908,CUST_01902,2026-09-11T10:50:00
ORD_BULK_05151,DISH_BULK_2153,CUST_03612,2026-09-10T21:56:00
ORD_BULK_05152,DISH_BULK_1260,CUST_03236,2026-09-17T13:05:00
ORD_BULK_05153,DISH_BULK_0253,CUST_00805,2026-09-15T18:36:00
ORD_BULK_05154,DISH_BULK_0430,CUST_01811,2026-09-11T06:46:00
ORD_BULK_05155,DISH_BULK_1903,CUST_00809,2026-09-11T11:16:00
ORD_BULK_05156,DISH_BULK_2175,CUST_02415,2026-09-12T18:42:00
ORD_BULK_05157,DISH_BULK_2404,CUST_01996,2026-09-13T17:54:00
ORD_BULK_05158,DISH_BULK_2285,CUST_00040,2026-09-16T22:50:00
ORD_BULK_05159,DISH_BULK_1714,CUST_03528,2026-09-11T14:27:00
ORD_BULK_05160,DISH_BULK_2903,CUST_03632,2026-09-15T08:52:00
ORD_BULK_05161,DISH_BULK_2586,CUST_00798,2026-09-17T00:49:00
ORD_BULK_05162,DISH_BULK_2554,CUST_02517,2026-09-15T12:35:00
ORD_BULK_05163,DISH_PNR_003,CUST_01032,2026-09-14T23:11:00
ORD_BULK_05164,DISH_BULK_2417,CUST_01109,2026-09-15T22:30:00
ORD_BULK_05165,DISH_BULK_2539,CUST_00724,2026-09-14T01:44:00
ORD_BULK_05166,DISH_BULK_2031,CUST_01980,2026-09-16T04:24:00
ORD_BULK_05167,DISH_BULK_1116,CUST_03898,2026-09-17T16:12:00
ORD_BULK_05168,DISH_BULK_1181,CUST_01083,2026-09-16T09:19:00
ORD_BULK_05169,DISH_BULK_0973,CUST_01398,2026-09-13T11:10:00
ORD_BULK_05170,DISH_BULK_2730,CUST_02299,2026-09-16T01:22:00
ORD_BULK_05171,DISH_BULK_1218,CUST_02564,2026-09-15T08:09:00
ORD_BULK_05172,DISH_BULK_0410,CUST_03100,2026-09-12T09:44:00
ORD_BULK_05173,DISH_BULK_1951,CUST_00027,2026-09-13T23:09:00
ORD_BULK_05174,DISH_BULK_2041,CUST_01928,2026-09-15T23:22:00
ORD_BULK_05175,DISH_BULK_0622,CUST_00733,2026-09-11T01:54:00
ORD_BULK_05176,DISH_BULK_1723,CUST_02757,2026-09-13T19:11:00
ORD_BULK_05177,DISH_BULK_0341,CUST_03791,2026-09-15T09:01:00
ORD_BULK_05178,DISH_BULK_1356,CUST_02613,2026-09-18T03:35:00
ORD_BULK_05179,DISH_BULK_2160,CUST_03370,2026-09-12T09:52:00
ORD_BULK_05180,DISH_BULK_0746,CUST_03190,2026-09-11T13:41:00
ORD_BULK_05181,DISH_BULK_0903,CUST_00874,2026-09-13T19:53:00
ORD_BULK_05182,DISH_BULK_2009,CUST_01251,2026-09-13T23:23:00
ORD_BULK_05183,DISH_BULK_2126,CUST_01933,2026-09-11T12:06:00
ORD_BULK_05184,DISH_BULK_2758,CUST_01230,2026-09-17T06:26:00
ORD_BULK_05185,DISH_BULK_0815,CUST_02339,2026-09-17T23:28:00
ORD_BULK_05186,DISH_BULK_0587,CUST_01327,2026-09-12T02:42:00
ORD_BULK_05187,DISH_BULK_0740,CUST_03140,2026-09-14T20:11:00
ORD_BULK_05188,DISH_BULK_0657,CUST_03492,2026-09-12T03:07:00
ORD_BULK_05189,DISH_BULK_2453,CUST_02714,2026-09-12T02:54:00
ORD_BULK_05190,DISH_BULK_1287,CUST_03919,2026-09-16T05:01:00
ORD_BULK_05191,DISH_BULK_1894,CUST_02677,2026-09-17T02:32:00
ORD_BULK_05192,DISH_BULK_1661,CUST_03194,2026-09-18T14:22:00
ORD_BULK_05193,DISH_BULK_1057,CUST_00937,2026-09-13T07:46:00
ORD_BULK_05194,DISH_BULK_1887,CUST_03828,2026-09-13T18:54:00
ORD_BULK_05195,DISH_BULK_1472,CUST_00594,2026-09-13T19:37:00
ORD_BULK_05196,DISH_BULK_1320,CUST_02977,2026-09-14T08:38:00
ORD_BULK_05197,DISH_BULK_1245,CUST_01843,2026-09-13T20:06:00
ORD_BULK_05198,DISH_BULK_1696,CUST_02308,2026-09-14T19:27:00
ORD_BULK_05199,DISH_BULK_1662,CUST_00024,2026-09-14T22:20:00
ORD_BULK_05200,DISH_BULK_0180,CUST_03968,2026-09-14T23:37:00
ORD_BULK_05201,DISH_BULK_1402,CUST_02646,2026-09-11T22:12:00
ORD_BULK_05202,DISH_BULK_1825,CUST_03142,2026-09-13T10:52:00
ORD_BULK_05203,DISH_BULK_0033,CUST_03353,2026-09-18T08:19:00
ORD_BULK_05204,DISH_BULK_0782,CUST_00855,2026-09-17T20:47:00
ORD_BULK_05205,DISH_BULK_2889,CUST_01049,2026-09-13T16:29:00
ORD_BULK_05206,DISH_BULK_1483,CUST_00097,2026-09-13T23:53:00
ORD_BULK_05207,DISH_BULK_1705,CUST_03240,2026-09-14T16:25:00
ORD_BULK_05208,DISH_BULK_1288,CUST_02286,2026-09-16T16:54:00
ORD_BULK_05209,DISH_BULK_0770,CUST_03267,2026-09-12T18:42:00
ORD_BULK_05210,DISH_BULK_2483,CUST_02061,2026-09-15T08:10:00
ORD_BULK_05211,DISH_BULK_1076,CUST_00438,2026-09-11T04:19:00
ORD_BULK_05212,DISH_BULK_0949,CUST_00658,2026-09-14T00:52:00
ORD_BULK_05213,DISH_BULK_2914,CUST_01965,2026-09-18T12:57:00
ORD_BULK_05214,DISH_BULK_2382,CUST_01925,2026-09-10T20:33:00
ORD_BULK_05215,DISH_BULK_2654,CUST_01598,2026-09-18T03:48:00
ORD_BULK_05216,DISH_BULK_2847,CUST_01995,2026-09-13T04:13:00
ORD_BULK_05217,DISH_BULK_1101,CUST_02486,2026-09-17T00:02:00
ORD_BULK_05218,DISH_BULK_1490,CUST_00243,2026-09-11T11:41:00
ORD_BULK_05219,DISH_BULK_0183,CUST_02620,2026-09-14T05:34:00
ORD_BULK_05220,DISH_BULK_1084,CUST_02204,2026-09-14T12:53:00
ORD_BULK_05221,DISH_BULK_1748,CUST_03784,2026-09-13T13:36:00
ORD_BULK_05222,DISH_BULK_0408,CUST_01933,2026-09-11T20:40:00
ORD_BULK_05223,DISH_BULK_0257,CUST_01330,2026-09-18T16:00:00
ORD_BULK_05224,DISH_BULK_1648,CUST_03377,2026-09-12T01:26:00
ORD_BULK_05225,DISH_BULK_0570,CUST_02416,2026-09-13T17:36:00
ORD_BULK_05226,DISH_BULK_2305,CUST_00820,2026-09-16T17:25:00
ORD_BULK_05227,DISH_BULK_0314,CUST_01796,2026-09-13T02:57:00
ORD_BULK_05228,DISH_BULK_1296,CUST_02346,2026-09-16T13:15:00
ORD_BULK_05229,DISH_BULK_2660,CUST_01068,2026-09-16T16:00:00
ORD_BULK_05230,DISH_BULK_2129,CUST_03348,2026-09-13T15:34:00
ORD_BULK_05231,DISH_BULK_2778,CUST_00090,2026-09-11T22:21:00
ORD_BULK_05232,DISH_BULK_0232,CUST_03567,2026-09-18T06:56:00
ORD_BULK_05233,DISH_BULK_2867,CUST_03028,2026-09-13T21:43:00
ORD_BULK_05234,DISH_BULK_1433,CUST_03708,2026-09-15T09:44:00
ORD_BULK_05235,DISH_BULK_0833,CUST_00755,2026-09-13T23:43:00
ORD_BULK_05236,DISH_BULK_1872,CUST_00933,2026-09-15T13:49:00
ORD_BULK_05237,DISH_BULK_1437,CUST_01365,2026-09-12T14:20:00
ORD_BULK_05238,DISH_BULK_2729,CUST_03980,2026-09-18T08:15:00
ORD_BULK_05239,DISH_BULK_1014,CUST_01046,2026-09-17T04:49:00
ORD_BULK_05240,DISH_BULK_0048,CUST_00575,2026-09-11T16:32:00
ORD_BULK_05241,DISH_BULK_2584,CUST_01683,2026-09-15T04:41:00
ORD_BULK_05242,DISH_BULK_1577,CUST_03302,2026-09-15T20:48:00
ORD_BULK_05243,DISH_BULK_0150,CUST_03407,2026-09-16T08:17:00
ORD_BULK_05244,DISH_BULK_0200,CUST_03740,2026-09-16T03:52:00
ORD_BULK_05245,DISH_BULK_1483,CUST_00067,2026-09-16T18:28:00
ORD_BULK_05246,DISH_BULK_1744,CUST_00132,2026-09-16T01:41:00
ORD_BULK_05247,DISH_BULK_1293,CUST_03237,2026-09-16T11:07:00
ORD_BULK_05248,DISH_BULK_1969,CUST_01158,2026-09-16T20:57:00
ORD_BULK_05249,DISH_BULK_1321,CUST_02599,2026-09-11T02:19:00
ORD_BULK_05250,DISH_BULK_0263,CUST_02316,2026-09-11T09:09:00
ORD_BULK_05251,DISH_BULK_2240,CUST_03198,2026-09-11T14:40:00
ORD_BULK_05252,DISH_BULK_2132,CUST_00649,2026-09-16T04:13:00
ORD_BULK_05253,DISH_BULK_0313,CUST_02351,2026-09-15T15:55:00
ORD_BULK_05254,DISH_BULK_2452,CUST_02664,2026-09-12T12:07:00
ORD_BULK_05255,DISH_BULK_0253,CUST_03143,2026-09-18T02:45:00
ORD_BULK_05256,DISH_BULK_1719,CUST_03350,2026-09-13T11:36:00
ORD_BULK_05257,DISH_BULK_1861,CUST_01849,2026-09-12T01:33:00
ORD_BULK_05258,DISH_BULK_2618,CUST_01354,2026-09-11T03:56:00
ORD_BULK_05259,DISH_BULK_0698,CUST_02654,2026-09-16T21:04:00
ORD_BULK_05260,DISH_BULK_1345,CUST_01860,2026-09-16T08:06:00
ORD_BULK_05261,DISH_BULK_2790,CUST_03029,2026-09-15T06:04:00
ORD_BULK_05262,DISH_BULK_0041,CUST_01645,2026-09-16T20:56:00
ORD_BULK_05263,DISH_BULK_1157,CUST_00027,2026-09-17T10:18:00
ORD_BULK_05264,DISH_BULK_1551,CUST_00078,2026-09-10T10:19:00
ORD_BULK_05265,DISH_BULK_0876,CUST_01321,2026-09-15T04:38:00
ORD_BULK_05266,DISH_BULK_0570,CUST_01061,2026-09-12T20:51:00
ORD_BULK_05267,DISH_BULK_2347,CUST_02763,2026-09-14T01:11:00
ORD_BULK_05268,DISH_BULK_2134,CUST_01875,2026-09-17T18:28:00
ORD_BULK_05269,DISH_BULK_2679,CUST_00821,2026-09-16T20:51:00
ORD_BULK_05270,DISH_BULK_1406,CUST_03659,2026-09-18T11:12:00
ORD_BULK_05271,DISH_BULK_2316,CUST_00626,2026-09-12T11:34:00
ORD_BULK_05272,DISH_BULK_0561,CUST_00845,2026-09-13T20:14:00
ORD_BULK_05273,DISH_BULK_0697,CUST_00414,2026-09-10T15:09:00
ORD_BULK_05274,DISH_BULK_2138,CUST_02466,2026-09-10T18:46:00
ORD_BULK_05275,DISH_BULK_0475,CUST_02213,2026-09-14T07:10:00
ORD_BULK_05276,DISH_BULK_0237,CUST_01342,2026-09-13T22:06:00
ORD_BULK_05277,DISH_BULK_0896,CUST_02696,2026-09-12T17:01:00
ORD_BULK_05278,DISH_BULK_0780,CUST_01241,2026-09-12T04:35:00
ORD_BULK_05279,DISH_BULK_1691,CUST_01111,2026-09-12T23:37:00
ORD_BULK_05280,DISH_BULK_0843,CUST_03164,2026-09-14T09:01:00
ORD_BULK_05281,DISH_BULK_0065,CUST_00563,2026-09-15T08:03:00
ORD_BULK_05282,DISH_BULK_0458,CUST_03417,2026-09-14T14:25:00
ORD_BULK_05283,DISH_BULK_0058,CUST_01819,2026-09-12T16:57:00
ORD_BULK_05284,DISH_BULK_1512,CUST_00202,2026-09-15T10:00:00
ORD_BULK_05285,DISH_BULK_1750,CUST_01636,2026-09-12T14:14:00
ORD_BULK_05286,DISH_BULK_0796,CUST_03158,2026-09-14T15:54:00
ORD_BULK_05287,DISH_BULK_2371,CUST_03337,2026-09-11T18:02:00
ORD_BULK_05288,DISH_BULK_0334,CUST_03971,2026-09-12T07:48:00
ORD_BULK_05289,DISH_BULK_2029,CUST_03741,2026-09-16T21:54:00
ORD_BULK_05290,DISH_BULK_2921,CUST_02116,2026-09-11T17:13:00
ORD_BULK_05291,DISH_BULK_0621,CUST_03100,2026-09-12T17:14:00
ORD_BULK_05292,DISH_BULK_0446,CUST_03854,2026-09-15T21:33:00
ORD_BULK_05293,DISH_BULK_2431,CUST_01468,2026-09-13T22:31:00
ORD_BULK_05294,DISH_BULK_1654,CUST_00783,2026-09-12T17:26:00
ORD_BULK_05295,DISH_BULK_0325,CUST_03276,2026-09-16T02:25:00
ORD_BULK_05296,DISH_BULK_1427,CUST_01958,2026-09-13T05:42:00
ORD_BULK_05297,DISH_BULK_2037,CUST_00459,2026-09-15T12:46:00
ORD_BULK_05298,DISH_BULK_0020,CUST_00030,2026-09-14T15:46:00
ORD_BULK_05299,DISH_BULK_1674,CUST_01640,2026-09-11T11:19:00
ORD_BULK_05300,DISH_BULK_1406,CUST_01477,2026-09-13T20:38:00
ORD_BULK_05301,DISH_BULK_0221,CUST_01779,2026-09-17T18:02:00
ORD_BULK_05302,DISH_BULK_1185,CUST_00940,2026-09-18T07:28:00
ORD_BULK_05303,DISH_BULK_0299,CUST_02665,2026-09-17T15:44:00
ORD_BULK_05304,DISH_BULK_1550,CUST_03588,2026-09-15T16:42:00
ORD_BULK_05305,DISH_BULK_0018,CUST_03897,2026-09-13T11:00:00
ORD_BULK_05306,DISH_BULK_2942,CUST_02652,2026-09-14T00:16:00
ORD_BULK_05307,DISH_BULK_0139,CUST_00577,2026-09-13T03:59:00
ORD_BULK_05308,DISH_BULK_0680,CUST_02313,2026-09-10T10:31:00
ORD_BULK_05309,DISH_BULK_0478,CUST_02125,2026-09-12T02:31:00
ORD_BULK_05310,DISH_BULK_0528,CUST_02848,2026-09-15T16:17:00
ORD_BULK_05311,DISH_BULK_0113,CUST_00251,2026-09-17T02:48:00
ORD_BULK_05312,DISH_BULK_0813,CUST_03549,2026-09-17T20:29:00
ORD_BULK_05313,DISH_BULK_1154,CUST_01523,2026-09-17T08:38:00
ORD_BULK_05314,DISH_BULK_1653,CUST_03373,2026-09-12T03:00:00
ORD_BULK_05315,DISH_BULK_1671,CUST_00707,2026-09-12T07:41:00
ORD_BULK_05316,DISH_BULK_2078,CUST_03954,2026-09-12T01:20:00
ORD_BULK_05317,DISH_BULK_2692,CUST_00744,2026-09-14T11:41:00
ORD_BULK_05318,DISH_BULK_0402,CUST_03222,2026-09-12T04:20:00
ORD_BULK_05319,DISH_BULK_0076,CUST_02038,2026-09-12T15:43:00
ORD_BULK_05320,DISH_BULK_1207,CUST_01654,2026-09-17T10:45:00
ORD_BULK_05321,DISH_BULK_1482,CUST_03724,2026-09-13T08:24:00
ORD_BULK_05322,DISH_BULK_2501,CUST_01316,2026-09-10T15:46:00
ORD_BULK_05323,DISH_BULK_0059,CUST_01359,2026-09-10T15:46:00
ORD_BULK_05324,DISH_BULK_1881,CUST_00141,2026-09-11T23:24:00
ORD_BULK_05325,DISH_BULK_1623,CUST_00191,2026-09-16T11:18:00
ORD_BULK_05326,DISH_BULK_1498,CUST_03124,2026-09-17T03:25:00
ORD_BULK_05327,DISH_BULK_2913,CUST_02152,2026-09-12T06:21:00
ORD_BULK_05328,DISH_BULK_0601,CUST_00411,2026-09-10T12:04:00
ORD_BULK_05329,DISH_BULK_1382,CUST_03675,2026-09-12T20:48:00
ORD_BULK_05330,DISH_BULK_0331,CUST_01720,2026-09-11T02:06:00
ORD_BULK_05331,DISH_BULK_0414,CUST_03968,2026-09-15T17:53:00
ORD_BULK_05332,DISH_BULK_1856,CUST_01701,2026-09-16T10:33:00
ORD_BULK_05333,DISH_BULK_1757,CUST_00551,2026-09-17T04:43:00
ORD_BULK_05334,DISH_BULK_2562,CUST_00003,2026-09-13T21:02:00
ORD_BULK_05335,DISH_BULK_1904,CUST_01924,2026-09-13T06:08:00
ORD_BULK_05336,DISH_BULK_0479,CUST_01323,2026-09-17T19:14:00
ORD_BULK_05337,DISH_BULK_2165,CUST_01498,2026-09-17T07:33:00
ORD_BULK_05338,DISH_BULK_2691,CUST_02935,2026-09-11T10:19:00
ORD_BULK_05339,DISH_BULK_1911,CUST_02019,2026-09-16T19:59:00
ORD_BULK_05340,DISH_BULK_0757,CUST_00516,2026-09-12T19:53:00
ORD_BULK_05341,DISH_BULK_2062,CUST_00532,2026-09-11T22:56:00
ORD_BULK_05342,DISH_BULK_0877,CUST_02701,2026-09-11T06:26:00
ORD_BULK_05343,DISH_BULK_0342,CUST_02938,2026-09-14T22:16:00
ORD_BULK_05344,DISH_BULK_1110,CUST_03633,2026-09-17T07:56:00
ORD_BULK_05345,DISH_BULK_0385,CUST_01024,2026-09-12T21:46:00
ORD_BULK_05346,DISH_BULK_0980,CUST_00757,2026-09-18T15:20:00
ORD_BULK_05347,DISH_BULK_2654,CUST_01234,2026-09-14T01:44:00
ORD_BULK_05348,DISH_BULK_2864,CUST_03990,2026-09-15T14:11:00
ORD_BULK_05349,DISH_BULK_2691,CUST_02420,2026-09-16T05:58:00
ORD_BULK_05350,DISH_BULK_2071,CUST_02365,2026-09-13T08:50:00
ORD_BULK_05351,DISH_BULK_0493,CUST_01344,2026-09-15T03:14:00
ORD_BULK_05352,DISH_BULK_1489,CUST_02709,2026-09-11T23:39:00
ORD_BULK_05353,DISH_BULK_2327,CUST_03017,2026-09-10T17:20:00
ORD_BULK_05354,DISH_BULK_1531,CUST_02589,2026-09-10T21:06:00
ORD_BULK_05355,DISH_BULK_0764,CUST_00747,2026-09-10T11:54:00
ORD_BULK_05356,DISH_BULK_0539,CUST_02600,2026-09-10T17:18:00
ORD_BULK_05357,DISH_BULK_0928,CUST_00664,2026-09-14T20:20:00
ORD_BULK_05358,DISH_BULK_1275,CUST_00048,2026-09-16T20:13:00
ORD_BULK_05359,DISH_BULK_1923,CUST_01982,2026-09-14T05:54:00
ORD_BULK_05360,DISH_BULK_0723,CUST_02576,2026-09-16T21:36:00
ORD_BULK_05361,DISH_BULK_1615,CUST_01852,2026-09-12T18:39:00
ORD_BULK_05362,DISH_BULK_1810,CUST_02545,2026-09-13T07:45:00
ORD_BULK_05363,DISH_BULK_2189,CUST_01802,2026-09-11T16:10:00
ORD_BULK_05364,DISH_BULK_1098,CUST_02685,2026-09-16T04:29:00
ORD_BULK_05365,DISH_BULK_1335,CUST_01382,2026-09-12T10:52:00
ORD_BULK_05366,DISH_BULK_0999,CUST_01397,2026-09-15T21:04:00
ORD_BULK_05367,DISH_BULK_2202,CUST_01870,2026-09-17T21:06:00
ORD_BULK_05368,DISH_BULK_0349,CUST_02737,2026-09-14T05:29:00
ORD_BULK_05369,DISH_BULK_2080,CUST_01077,2026-09-11T01:14:00
ORD_BULK_05370,DISH_BULK_1450,CUST_01748,2026-09-17T15:23:00
ORD_BULK_05371,DISH_BULK_0058,CUST_03952,2026-09-16T12:21:00
ORD_BULK_05372,DISH_BULK_0471,CUST_00388,2026-09-12T22:01:00
ORD_BULK_05373,DISH_BULK_1827,CUST_03400,2026-09-11T14:20:00
ORD_BULK_05374,DISH_BULK_0446,CUST_02255,2026-09-18T10:36:00
ORD_BULK_05375,DISH_BULK_1165,CUST_00518,2026-09-14T06:55:00
ORD_BULK_05376,DISH_BULK_1211,CUST_01854,2026-09-15T07:06:00
ORD_BULK_05377,DISH_BULK_2220,CUST_03849,2026-09-11T06:39:00
ORD_BULK_05378,DISH_BULK_2021,CUST_00748,2026-09-14T20:33:00
ORD_BULK_05379,DISH_BULK_2046,CUST_00799,2026-09-11T22:41:00
ORD_BULK_05380,DISH_BULK_2741,CUST_00909,2026-09-10T12:33:00
ORD_BULK_05381,DISH_BULK_0767,CUST_03005,2026-09-14T08:38:00
ORD_BULK_05382,DISH_BULK_2106,CUST_02462,2026-09-12T01:26:00
ORD_BULK_05383,DISH_BULK_2259,CUST_03523,2026-09-16T08:52:00
ORD_BULK_05384,DISH_BULK_2104,CUST_00193,2026-09-16T09:35:00
ORD_BULK_05385,DISH_BULK_1439,CUST_02210,2026-09-12T22:55:00
ORD_BULK_05386,DISH_BULK_2795,CUST_03880,2026-09-16T08:57:00
ORD_BULK_05387,DISH_BULK_0637,CUST_01534,2026-09-12T03:20:00
ORD_BULK_05388,DISH_BULK_0364,CUST_02787,2026-09-12T05:13:00
ORD_BULK_05389,DISH_BULK_2554,CUST_02599,2026-09-17T08:48:00
ORD_BULK_05390,DISH_BULK_0880,CUST_03454,2026-09-18T11:32:00
ORD_BULK_05391,DISH_BULK_0576,CUST_02216,2026-09-17T06:28:00
ORD_BULK_05392,DISH_BULK_1690,CUST_03516,2026-09-12T15:12:00
ORD_BULK_05393,DISH_BULK_1094,CUST_00201,2026-09-14T21:27:00
ORD_BULK_05394,DISH_BULK_1168,CUST_01597,2026-09-16T06:28:00
ORD_BULK_05395,DISH_BULK_1679,CUST_03661,2026-09-15T18:07:00
ORD_BULK_05396,DISH_BULK_1870,CUST_01319,2026-09-11T21:10:00
ORD_BULK_05397,DISH_BULK_2909,CUST_03843,2026-09-13T17:55:00
ORD_BULK_05398,DISH_PNR_002,CUST_00307,2026-09-13T04:37:00
ORD_BULK_05399,DISH_BULK_2855,CUST_02277,2026-09-17T22:26:00
ORD_BULK_05400,DISH_BULK_1230,CUST_00856,2026-09-17T07:25:00
ORD_BULK_05401,DISH_BULK_2386,CUST_03930,2026-09-11T02:14:00
ORD_BULK_05402,DISH_BULK_0196,CUST_03094,2026-09-15T00:03:00
ORD_BULK_05403,DISH_BULK_0528,CUST_00589,2026-09-15T19:19:00
ORD_BULK_05404,DISH_BULK_0610,CUST_03132,2026-09-13T02:12:00
ORD_BULK_05405,DISH_BULK_1556,CUST_03221,2026-09-12T03:32:00
ORD_BULK_05406,DISH_BULK_2600,CUST_01717,2026-09-14T18:46:00
ORD_BULK_05407,DISH_BULK_2376,CUST_00793,2026-09-13T03:52:00
ORD_BULK_05408,DISH_BULK_1389,CUST_00289,2026-09-12T21:47:00
ORD_BULK_05409,DISH_BULK_1085,CUST_00576,2026-09-14T21:37:00
ORD_BULK_05410,DISH_BULK_0459,CUST_02974,2026-09-16T23:59:00
ORD_BULK_05411,DISH_BULK_2707,CUST_00622,2026-09-12T16:12:00
ORD_BULK_05412,DISH_BULK_1770,CUST_00584,2026-09-17T23:33:00
ORD_BULK_05413,DISH_BULK_1082,CUST_03116,2026-09-14T01:25:00
ORD_BULK_05414,DISH_PNR_045,CUST_02609,2026-09-11T16:01:00
ORD_BULK_05415,DISH_BULK_2086,CUST_01275,2026-09-16T07:09:00
ORD_BULK_05416,DISH_BULK_0374,CUST_03161,2026-09-17T11:38:00
ORD_BULK_05417,DISH_BULK_2405,CUST_01930,2026-09-12T23:24:00
ORD_BULK_05418,DISH_BULK_2659,CUST_01796,2026-09-13T17:35:00
ORD_BULK_05419,DISH_BULK_0465,CUST_02217,2026-09-17T06:34:00
ORD_BULK_05420,DISH_BULK_1815,CUST_00630,2026-09-11T03:13:00
ORD_BULK_05421,DISH_BULK_2903,CUST_01399,2026-09-13T10:18:00
ORD_BULK_05422,DISH_BULK_0121,CUST_01563,2026-09-13T05:45:00
ORD_BULK_05423,DISH_BULK_0416,CUST_02568,2026-09-15T15:23:00
ORD_BULK_05424,DISH_BULK_1698,CUST_02397,2026-09-12T05:59:00
ORD_BULK_05425,DISH_BULK_2861,CUST_02833,2026-09-15T21:03:00
ORD_BULK_05426,DISH_BULK_1146,CUST_00921,2026-09-16T06:46:00
ORD_BULK_05427,DISH_BULK_0376,CUST_00363,2026-09-18T15:49:00
ORD_BULK_05428,DISH_BULK_2425,CUST_03932,2026-09-17T03:34:00
ORD_BULK_05429,DISH_BULK_1439,CUST_00989,2026-09-17T21:33:00
ORD_BULK_05430,DISH_BULK_1979,CUST_03428,2026-09-18T07:34:00
ORD_BULK_05431,DISH_BULK_1725,CUST_01728,2026-09-10T23:28:00
ORD_BULK_05432,DISH_BULK_2567,CUST_00431,2026-09-13T12:30:00
ORD_BULK_05433,DISH_BULK_2919,CUST_03001,2026-09-13T11:19:00
ORD_BULK_05434,DISH_BULK_0984,CUST_02623,2026-09-16T02:40:00
ORD_BULK_05435,DISH_BULK_1300,CUST_01719,2026-09-17T22:07:00
ORD_BULK_05436,DISH_BULK_0983,CUST_01461,2026-09-11T06:41:00
ORD_BULK_05437,DISH_BULK_0006,CUST_00415,2026-09-18T10:43:00
ORD_BULK_05438,DISH_BULK_1942,CUST_00995,2026-09-16T23:57:00
ORD_BULK_05439,DISH_BULK_1981,CUST_00907,2026-09-17T01:24:00
ORD_BULK_05440,DISH_BULK_1730,CUST_02727,2026-09-13T08:34:00
ORD_BULK_05441,DISH_BULK_0379,CUST_03199,2026-09-18T09:28:00
ORD_BULK_05442,DISH_BULK_1952,CUST_02297,2026-09-17T05:39:00
ORD_BULK_05443,DISH_BULK_2270,CUST_01540,2026-09-17T05:38:00
ORD_BULK_05444,DISH_BULK_2079,CUST_03566,2026-09-17T22:17:00
ORD_BULK_05445,DISH_BULK_1521,CUST_00173,2026-09-17T04:17:00
ORD_BULK_05446,DISH_BULK_0395,CUST_02419,2026-09-17T15:29:00
ORD_BULK_05447,DISH_BULK_0357,CUST_02358,2026-09-11T09:55:00
ORD_BULK_05448,DISH_BULK_0435,CUST_03960,2026-09-13T01:09:00
ORD_BULK_05449,DISH_BULK_1431,CUST_02377,2026-09-17T23:40:00
ORD_BULK_05450,DISH_BULK_2859,CUST_03702,2026-09-17T04:52:00
ORD_BULK_05451,DISH_BULK_1681,CUST_03340,2026-09-14T19:31:00
ORD_BULK_05452,DISH_BULK_2896,CUST_03049,2026-09-10T18:53:00
ORD_BULK_05453,DISH_BULK_1376,CUST_02651,2026-09-15T08:12:00
ORD_BULK_05454,DISH_BULK_1841,CUST_02349,2026-09-16T06:44:00
ORD_BULK_05455,DISH_BULK_0106,CUST_03852,2026-09-14T20:52:00
ORD_BULK_05456,DISH_BULK_2526,CUST_03050,2026-09-15T05:54:00
ORD_BULK_05457,DISH_BULK_2694,CUST_03720,2026-09-10T15:00:00
ORD_BULK_05458,DISH_BULK_0838,CUST_02323,2026-09-12T09:21:00
ORD_BULK_05459,DISH_BULK_0052,CUST_02583,2026-09-14T01:49:00
ORD_BULK_05460,DISH_BULK_0358,CUST_01198,2026-09-15T00:32:00
ORD_BULK_05461,DISH_BULK_0070,CUST_02987,2026-09-15T12:41:00
ORD_BULK_05462,DISH_BULK_0992,CUST_01469,2026-09-18T02:30:00
ORD_BULK_05463,DISH_BULK_1363,CUST_01444,2026-09-13T03:54:00
ORD_BULK_05464,DISH_BULK_1087,CUST_01827,2026-09-10T21:03:00
ORD_BULK_05465,DISH_BULK_1283,CUST_01877,2026-09-18T06:54:00
ORD_BULK_05466,DISH_BULK_2554,CUST_01078,2026-09-12T03:51:00
ORD_BULK_05467,DISH_BULK_0811,CUST_02288,2026-09-16T13:26:00
ORD_BULK_05468,DISH_BULK_2609,CUST_01319,2026-09-14T21:35:00
ORD_BULK_05469,DISH_BULK_1381,CUST_03199,2026-09-12T06:58:00
ORD_BULK_05470,DISH_BULK_2001,CUST_03509,2026-09-11T08:16:00
ORD_BULK_05471,DISH_BULK_1321,CUST_01441,2026-09-17T08:19:00
ORD_BULK_05472,DISH_BULK_2158,CUST_03031,2026-09-12T22:08:00
ORD_BULK_05473,DISH_BULK_1250,CUST_03395,2026-09-13T19:30:00
ORD_BULK_05474,DISH_BULK_0368,CUST_03745,2026-09-18T13:08:00
ORD_BULK_05475,DISH_BULK_0324,CUST_02620,2026-09-14T22:52:00
ORD_BULK_05476,DISH_BULK_1235,CUST_02547,2026-09-15T23:46:00
ORD_BULK_05477,DISH_BULK_2573,CUST_00763,2026-09-14T16:30:00
ORD_BULK_05478,DISH_BULK_0782,CUST_01085,2026-09-18T09:09:00
ORD_BULK_05479,DISH_BULK_1942,CUST_01437,2026-09-14T04:01:00
ORD_BULK_05480,DISH_BULK_1747,CUST_03670,2026-09-14T10:42:00
ORD_BULK_05481,DISH_BULK_0606,CUST_03930,2026-09-12T06:01:00
ORD_BULK_05482,DISH_BULK_1276,CUST_00066,2026-09-11T14:26:00
ORD_BULK_05483,DISH_BULK_0731,CUST_02384,2026-09-13T20:47:00
ORD_BULK_05484,DISH_BULK_2027,CUST_02869,2026-09-17T15:23:00
ORD_BULK_05485,DISH_BULK_2249,CUST_01214,2026-09-16T16:53:00
ORD_BULK_05486,DISH_BULK_2158,CUST_00729,2026-09-14T20:40:00
ORD_BULK_05487,DISH_BULK_2487,CUST_02850,2026-09-11T04:44:00
ORD_BULK_05488,DISH_BULK_0767,CUST_00383,2026-09-11T08:43:00
ORD_BULK_05489,DISH_BULK_2868,CUST_02450,2026-09-17T21:05:00
ORD_BULK_05490,DISH_BULK_1611,CUST_03491,2026-09-13T07:55:00
ORD_BULK_05491,DISH_BULK_0551,CUST_02933,2026-09-14T04:53:00
ORD_BULK_05492,DISH_BULK_2136,CUST_01450,2026-09-14T20:20:00
ORD_BULK_05493,DISH_BULK_0498,CUST_03774,2026-09-14T17:11:00
ORD_BULK_05494,DISH_BULK_0378,CUST_03462,2026-09-13T16:15:00
ORD_BULK_05495,DISH_BULK_2466,CUST_02336,2026-09-11T06:26:00
ORD_BULK_05496,DISH_BULK_1280,CUST_00921,2026-09-15T08:50:00
ORD_BULK_05497,DISH_BULK_0121,CUST_01008,2026-09-16T13:38:00
ORD_BULK_05498,DISH_BULK_0588,CUST_02735,2026-09-13T10:45:00
ORD_BULK_05499,DISH_BULK_0061,CUST_02026,2026-09-12T21:17:00
ORD_BULK_05500,DISH_BULK_2801,CUST_00897,2026-09-13T02:59:00
ORD_BULK_05501,DISH_BULK_0879,CUST_01804,2026-09-17T16:55:00
ORD_BULK_05502,DISH_BULK_0838,CUST_00596,2026-09-10T11:23:00
ORD_BULK_05503,DISH_BULK_1169,CUST_00999,2026-09-10T13:40:00
ORD_BULK_05504,DISH_BULK_2461,CUST_01980,2026-09-15T07:51:00
ORD_BULK_05505,DISH_BULK_1651,CUST_02279,2026-09-16T14:31:00
ORD_BULK_05506,DISH_BULK_2280,CUST_00788,2026-09-15T00:35:00
ORD_BULK_05507,DISH_BULK_0716,CUST_03474,2026-09-16T05:36:00
ORD_BULK_05508,DISH_BULK_2333,CUST_01637,2026-09-17T11:16:00
ORD_BULK_05509,DISH_BULK_2311,CUST_03640,2026-09-14T17:42:00
ORD_BULK_05510,DISH_BULK_1025,CUST_02895,2026-09-14T11:23:00
ORD_BULK_05511,DISH_BULK_1033,CUST_01767,2026-09-14T13:05:00
ORD_BULK_05512,DISH_BULK_1447,CUST_03687,2026-09-13T00:05:00
ORD_BULK_05513,DISH_BULK_1265,CUST_02214,2026-09-14T09:30:00
ORD_BULK_05514,DISH_BULK_0269,CUST_03925,2026-09-18T05:17:00
ORD_BULK_05515,DISH_BULK_0504,CUST_01318,2026-09-18T07:48:00
ORD_BULK_05516,DISH_BULK_0965,CUST_03259,2026-09-16T10:59:00
ORD_BULK_05517,DISH_BULK_2325,CUST_00528,2026-09-11T10:23:00
ORD_BULK_05518,DISH_BULK_2032,CUST_02902,2026-09-15T17:54:00
ORD_BULK_05519,DISH_BULK_2146,CUST_01285,2026-09-11T12:37:00
ORD_BULK_05520,DISH_BULK_2428,CUST_00934,2026-09-18T12:38:00
ORD_BULK_05521,DISH_BULK_1380,CUST_02940,2026-09-18T07:43:00
ORD_BULK_05522,DISH_BULK_2595,CUST_04000,2026-09-16T15:17:00
ORD_BULK_05523,DISH_BULK_0871,CUST_01906,2026-09-13T09:29:00
ORD_BULK_05524,DISH_BULK_2306,CUST_03427,2026-09-10T22:31:00
ORD_BULK_05525,DISH_BULK_1839,CUST_02535,2026-09-15T07:34:00
ORD_BULK_05526,DISH_BULK_1990,CUST_02421,2026-09-15T07:06:00
ORD_BULK_05527,DISH_BULK_0218,CUST_03905,2026-09-12T06:47:00
ORD_BULK_05528,DISH_BULK_0044,CUST_02294,2026-09-15T10:27:00
ORD_BULK_05529,DISH_BULK_2243,CUST_02664,2026-09-10T23:42:00
ORD_BULK_05530,DISH_BULK_1377,CUST_01953,2026-09-18T08:52:00
ORD_BULK_05531,DISH_BULK_0559,CUST_00262,2026-09-18T02:14:00
ORD_BULK_05532,DISH_BULK_1405,CUST_00268,2026-09-18T12:17:00
ORD_BULK_05533,DISH_BULK_1084,CUST_02334,2026-09-13T04:48:00
ORD_BULK_05534,DISH_BULK_2934,CUST_00113,2026-09-18T10:51:00
ORD_BULK_05535,DISH_BULK_2402,CUST_02011,2026-09-15T05:38:00
ORD_BULK_05536,DISH_BULK_2838,CUST_03131,2026-09-11T20:24:00
ORD_BULK_05537,DISH_BULK_1577,CUST_00882,2026-09-17T20:42:00
ORD_BULK_05538,DISH_BULK_1805,CUST_01270,2026-09-16T11:01:00
ORD_BULK_05539,DISH_BULK_2809,CUST_02764,2026-09-13T19:11:00
ORD_BULK_05540,DISH_BULK_1307,CUST_00953,2026-09-16T19:36:00
ORD_BULK_05541,DISH_BULK_2034,CUST_03876,2026-09-14T23:10:00
ORD_BULK_05542,DISH_BULK_0544,CUST_03139,2026-09-16T11:21:00
ORD_BULK_05543,DISH_BULK_2744,CUST_02404,2026-09-13T21:52:00
ORD_BULK_05544,DISH_PNR_028,CUST_03977,2026-09-17T06:27:00
ORD_BULK_05545,DISH_BULK_0170,CUST_02917,2026-09-14T09:51:00
ORD_BULK_05546,DISH_BULK_2360,CUST_00491,2026-09-11T03:23:00
ORD_BULK_05547,DISH_BULK_2468,CUST_00261,2026-09-16T08:39:00
ORD_BULK_05548,DISH_BULK_1648,CUST_02992,2026-09-12T04:01:00
ORD_BULK_05549,DISH_BULK_0751,CUST_01020,2026-09-17T04:15:00
ORD_BULK_05550,DISH_BULK_0688,CUST_03424,2026-09-12T09:29:00
ORD_BULK_05551,DISH_BULK_0074,CUST_02660,2026-09-15T23:09:00
ORD_BULK_05552,DISH_BULK_2938,CUST_00490,2026-09-14T02:36:00
ORD_BULK_05553,DISH_BULK_0318,CUST_00386,2026-09-14T22:11:00
ORD_BULK_05554,DISH_BULK_2305,CUST_02872,2026-09-18T03:08:00
ORD_BULK_05555,DISH_BULK_1540,CUST_03297,2026-09-14T23:17:00
ORD_BULK_05556,DISH_BULK_1515,CUST_02853,2026-09-15T17:32:00
ORD_BULK_05557,DISH_BULK_0521,CUST_03471,2026-09-14T05:44:00
ORD_BULK_05558,DISH_BULK_0703,CUST_00393,2026-09-13T20:58:00
ORD_BULK_05559,DISH_BULK_1408,CUST_00727,2026-09-18T09:07:00
ORD_BULK_05560,DISH_BULK_1716,CUST_03601,2026-09-13T04:48:00
ORD_BULK_05561,DISH_BULK_2000,CUST_00372,2026-09-12T10:23:00
ORD_BULK_05562,DISH_BULK_1021,CUST_01645,2026-09-12T14:46:00
ORD_BULK_05563,DISH_BULK_0882,CUST_01439,2026-09-17T16:44:00
ORD_BULK_05564,DISH_BULK_2546,CUST_00335,2026-09-14T04:45:00
ORD_BULK_05565,DISH_BULK_1804,CUST_03080,2026-09-11T09:40:00
ORD_BULK_05566,DISH_BULK_2099,CUST_01056,2026-09-10T13:34:00
ORD_BULK_05567,DISH_BULK_2436,CUST_00250,2026-09-16T16:07:00
ORD_BULK_05568,DISH_BULK_0196,CUST_02797,2026-09-14T13:53:00
ORD_BULK_05569,DISH_BULK_0345,CUST_00691,2026-09-10T08:28:00
ORD_BULK_05570,DISH_BULK_2121,CUST_00052,2026-09-10T09:16:00
ORD_BULK_05571,DISH_BULK_1292,CUST_01576,2026-09-13T19:37:00
ORD_BULK_05572,DISH_BULK_0067,CUST_03277,2026-09-16T19:07:00
ORD_BULK_05573,DISH_BULK_2261,CUST_01536,2026-09-11T02:56:00
ORD_BULK_05574,DISH_BULK_0660,CUST_00773,2026-09-17T13:48:00
ORD_BULK_05575,DISH_BULK_2497,CUST_02041,2026-09-12T09:38:00
ORD_BULK_05576,DISH_BULK_2146,CUST_00895,2026-09-14T06:16:00
ORD_BULK_05577,DISH_BULK_0351,CUST_03573,2026-09-18T02:33:00
ORD_BULK_05578,DISH_BULK_0587,CUST_02457,2026-09-14T14:10:00
ORD_BULK_05579,DISH_BULK_2305,CUST_00725,2026-09-15T08:20:00
ORD_BULK_05580,DISH_BULK_2847,CUST_03466,2026-09-12T08:28:00
ORD_BULK_05581,DISH_BULK_2032,CUST_00610,2026-09-15T09:32:00
ORD_BULK_05582,DISH_BULK_0078,CUST_02549,2026-09-10T18:35:00
ORD_BULK_05583,DISH_BULK_2155,CUST_03639,2026-09-11T16:50:00
ORD_BULK_05584,DISH_BULK_1230,CUST_03830,2026-09-13T15:34:00
ORD_BULK_05585,DISH_BULK_0395,CUST_01430,2026-09-18T02:30:00
ORD_BULK_05586,DISH_BULK_0692,CUST_02418,2026-09-16T05:34:00
ORD_BULK_05587,DISH_BULK_0639,CUST_03688,2026-09-11T11:13:00
ORD_BULK_05588,DISH_BULK_1992,CUST_00792,2026-09-17T04:47:00
ORD_BULK_05589,DISH_BULK_0589,CUST_02512,2026-09-14T04:07:00
ORD_BULK_05590,DISH_BULK_1816,CUST_03804,2026-09-17T19:48:00
ORD_BULK_05591,DISH_BULK_2198,CUST_03407,2026-09-14T18:10:00
ORD_BULK_05592,DISH_BULK_1788,CUST_03867,2026-09-11T15:46:00
ORD_BULK_05593,DISH_BULK_2693,CUST_02272,2026-09-11T01:52:00
ORD_BULK_05594,DISH_BULK_1339,CUST_01009,2026-09-14T11:51:00
ORD_BULK_05595,DISH_BULK_0533,CUST_00981,2026-09-15T22:00:00
ORD_BULK_05596,DISH_BULK_0725,CUST_03253,2026-09-14T22:23:00
ORD_BULK_05597,DISH_BULK_0124,CUST_01468,2026-09-11T00:00:00
ORD_BULK_05598,DISH_BULK_1921,CUST_03322,2026-09-17T20:07:00
ORD_BULK_05599,DISH_BULK_2852,CUST_03091,2026-09-17T01:25:00
ORD_BULK_05600,DISH_BULK_0358,CUST_03473,2026-09-16T05:57:00
ORD_BULK_05601,DISH_BULK_0326,CUST_02718,2026-09-17T18:48:00
ORD_BULK_05602,DISH_BULK_1266,CUST_03736,2026-09-16T07:59:00
ORD_BULK_05603,DISH_BULK_2260,CUST_02356,2026-09-18T07:44:00
ORD_BULK_05604,DISH_BULK_2132,CUST_02137,2026-09-14T19:38:00
ORD_BULK_05605,DISH_BULK_2191,CUST_02635,2026-09-12T14:52:00
ORD_BULK_05606,DISH_BULK_1111,CUST_01313,2026-09-11T20:59:00
ORD_BULK_05607,DISH_BULK_1788,CUST_03128,2026-09-12T14:04:00
ORD_BULK_05608,DISH_BULK_1153,CUST_03868,2026-09-17T11:01:00
ORD_BULK_05609,DISH_BULK_1700,CUST_01656,2026-09-15T06:49:00
ORD_BULK_05610,DISH_BULK_1498,CUST_00338,2026-09-15T21:55:00
ORD_BULK_05611,DISH_BULK_0051,CUST_02013,2026-09-11T12:29:00
ORD_BULK_05612,DISH_BULK_1270,CUST_02299,2026-09-15T20:11:00
ORD_BULK_05613,DISH_BULK_2451,CUST_01593,2026-09-13T19:31:00
ORD_BULK_05614,DISH_BULK_1992,CUST_03221,2026-09-13T14:25:00
ORD_BULK_05615,DISH_BULK_2755,CUST_02863,2026-09-10T23:03:00
ORD_BULK_05616,DISH_BULK_2114,CUST_03405,2026-09-10T19:22:00
ORD_BULK_05617,DISH_BULK_0724,CUST_03879,2026-09-11T08:21:00
ORD_BULK_05618,DISH_BULK_1211,CUST_03655,2026-09-17T00:25:00
ORD_BULK_05619,DISH_BULK_2293,CUST_02224,2026-09-12T07:20:00
ORD_BULK_05620,DISH_BULK_2579,CUST_01285,2026-09-10T21:05:00
ORD_BULK_05621,DISH_BULK_2142,CUST_00115,2026-09-10T20:53:00
ORD_BULK_05622,DISH_BULK_1194,CUST_01577,2026-09-12T11:24:00
ORD_BULK_05623,DISH_BULK_1394,CUST_03950,2026-09-16T10:50:00
ORD_BULK_05624,DISH_BULK_0168,CUST_03375,2026-09-18T02:49:00
ORD_BULK_05625,DISH_BULK_1730,CUST_03026,2026-09-16T02:49:00
ORD_BULK_05626,DISH_BULK_2100,CUST_03479,2026-09-12T08:41:00
ORD_BULK_05627,DISH_BULK_2037,CUST_01519,2026-09-18T01:59:00
ORD_BULK_05628,DISH_BULK_2817,CUST_00184,2026-09-12T18:34:00
ORD_BULK_05629,DISH_BULK_0358,CUST_01873,2026-09-12T10:42:00
ORD_BULK_05630,DISH_BULK_0861,CUST_02919,2026-09-13T23:27:00
ORD_BULK_05631,DISH_BULK_0252,CUST_02925,2026-09-12T15:35:00
ORD_BULK_05632,DISH_BULK_1982,CUST_00847,2026-09-16T19:57:00
ORD_BULK_05633,DISH_BULK_2577,CUST_02511,2026-09-10T12:15:00
ORD_BULK_05634,DISH_BULK_0139,CUST_03777,2026-09-14T16:10:00
ORD_BULK_05635,DISH_BULK_0797,CUST_03688,2026-09-18T04:14:00
ORD_BULK_05636,DISH_BULK_0430,CUST_03786,2026-09-13T15:18:00
ORD_BULK_05637,DISH_PNR_020,CUST_03705,2026-09-13T01:38:00
ORD_BULK_05638,DISH_BULK_2655,CUST_03333,2026-09-14T02:19:00
ORD_BULK_05639,DISH_BULK_0679,CUST_01598,2026-09-12T22:21:00
ORD_BULK_05640,DISH_BULK_1476,CUST_03759,2026-09-14T21:45:00
ORD_BULK_05641,DISH_BULK_0137,CUST_00639,2026-09-11T22:41:00
ORD_BULK_05642,DISH_BULK_2406,CUST_01009,2026-09-17T09:46:00
ORD_BULK_05643,DISH_BULK_2692,CUST_01058,2026-09-15T03:27:00
ORD_BULK_05644,DISH_BULK_2740,CUST_02337,2026-09-18T09:55:00
ORD_BULK_05645,DISH_BULK_2518,CUST_01269,2026-09-12T15:56:00
ORD_BULK_05646,DISH_BULK_2630,CUST_03018,2026-09-13T10:26:00
ORD_BULK_05647,DISH_BULK_1630,CUST_02828,2026-09-10T10:47:00
ORD_BULK_05648,DISH_BULK_1657,CUST_03374,2026-09-15T00:57:00
ORD_BULK_05649,DISH_BULK_1498,CUST_01140,2026-09-12T11:44:00
ORD_BULK_05650,DISH_BULK_1953,CUST_01039,2026-09-17T03:52:00
ORD_BULK_05651,DISH_PNR_043,CUST_02567,2026-09-18T05:06:00
ORD_BULK_05652,DISH_BULK_1573,CUST_00172,2026-09-18T06:03:00
ORD_BULK_05653,DISH_BULK_1793,CUST_00528,2026-09-17T21:01:00
ORD_BULK_05654,DISH_BULK_2778,CUST_00914,2026-09-11T03:15:00
ORD_BULK_05655,DISH_BULK_2565,CUST_00469,2026-09-11T15:28:00
ORD_BULK_05656,DISH_BULK_0604,CUST_03696,2026-09-15T21:24:00
ORD_BULK_05657,DISH_BULK_0226,CUST_00752,2026-09-16T10:37:00
ORD_BULK_05658,DISH_BULK_1294,CUST_00686,2026-09-13T06:02:00
ORD_BULK_05659,DISH_BULK_2742,CUST_02929,2026-09-18T05:47:00
ORD_BULK_05660,DISH_BULK_1585,CUST_01167,2026-09-16T10:26:00
ORD_BULK_05661,DISH_BULK_1127,CUST_01167,2026-09-16T19:40:00
ORD_BULK_05662,DISH_BULK_1025,CUST_00445,2026-09-11T16:36:00
ORD_BULK_05663,DISH_BULK_1571,CUST_03371,2026-09-12T15:11:00
ORD_BULK_05664,DISH_BULK_0308,CUST_02273,2026-09-15T23:58:00
ORD_BULK_05665,DISH_BULK_0776,CUST_00521,2026-09-16T05:30:00
ORD_BULK_05666,DISH_BULK_0100,CUST_01921,2026-09-15T18:44:00
ORD_BULK_05667,DISH_BULK_0401,CUST_00457,2026-09-12T22:26:00
ORD_BULK_05668,DISH_BULK_0109,CUST_03413,2026-09-14T17:58:00
ORD_BULK_05669,DISH_BULK_0709,CUST_00343,2026-09-18T05:24:00
ORD_BULK_05670,DISH_BULK_0230,CUST_00991,2026-09-15T07:02:00
ORD_BULK_05671,DISH_BULK_2474,CUST_01520,2026-09-15T07:37:00
ORD_BULK_05672,DISH_BULK_0538,CUST_01811,2026-09-17T03:01:00
ORD_BULK_05673,DISH_BULK_0122,CUST_02716,2026-09-16T01:31:00
ORD_BULK_05674,DISH_BULK_0728,CUST_03148,2026-09-12T17:27:00
ORD_BULK_05675,DISH_BULK_2923,CUST_01303,2026-09-10T19:56:00
ORD_BULK_05676,DISH_BULK_2283,CUST_00059,2026-09-12T01:42:00
ORD_BULK_05677,DISH_BULK_1352,CUST_03521,2026-09-13T04:29:00
ORD_BULK_05678,DISH_BULK_0672,CUST_01435,2026-09-15T14:09:00
ORD_BULK_05679,DISH_BULK_0775,CUST_03693,2026-09-17T15:53:00
ORD_BULK_05680,DISH_BULK_0185,CUST_01603,2026-09-14T15:46:00
ORD_BULK_05681,DISH_BULK_0581,CUST_03879,2026-09-13T15:40:00
ORD_BULK_05682,DISH_BULK_2024,CUST_00261,2026-09-12T21:30:00
ORD_BULK_05683,DISH_BULK_0707,CUST_02570,2026-09-12T13:04:00
ORD_BULK_05684,DISH_BULK_1329,CUST_02696,2026-09-18T12:55:00
ORD_BULK_05685,DISH_BULK_1751,CUST_00104,2026-09-15T08:17:00
ORD_BULK_05686,DISH_BULK_0238,CUST_03455,2026-09-13T03:06:00
ORD_BULK_05687,DISH_BULK_2418,CUST_02165,2026-09-13T14:35:00
ORD_BULK_05688,DISH_BULK_2234,CUST_00660,2026-09-11T23:08:00
ORD_BULK_05689,DISH_BULK_2195,CUST_03950,2026-09-13T22:42:00
ORD_BULK_05690,DISH_BULK_0186,CUST_00457,2026-09-18T02:59:00
ORD_BULK_05691,DISH_BULK_0220,CUST_01680,2026-09-16T05:27:00
ORD_BULK_05692,DISH_BULK_2142,CUST_00072,2026-09-17T08:54:00
ORD_BULK_05693,DISH_BULK_2905,CUST_00696,2026-09-18T13:43:00
ORD_BULK_05694,DISH_BULK_1271,CUST_01518,2026-09-10T18:29:00
ORD_BULK_05695,DISH_BULK_0541,CUST_03693,2026-09-11T12:20:00
ORD_BULK_05696,DISH_BULK_2756,CUST_00958,2026-09-10T09:36:00
ORD_BULK_05697,DISH_BULK_1515,CUST_00015,2026-09-16T17:39:00
ORD_BULK_05698,DISH_BULK_0193,CUST_03333,2026-09-14T17:49:00
ORD_BULK_05699,DISH_BULK_2276,CUST_00491,2026-09-12T21:18:00
ORD_BULK_05700,DISH_BULK_2527,CUST_00145,2026-09-16T17:54:00
ORD_BULK_05701,DISH_BULK_2188,CUST_00303,2026-09-10T13:24:00
ORD_BULK_05702,DISH_BULK_2611,CUST_03376,2026-09-15T18:05:00
ORD_BULK_05703,DISH_BULK_2294,CUST_02642,2026-09-14T17:25:00
ORD_BULK_05704,DISH_BULK_1110,CUST_02809,2026-09-17T08:13:00
ORD_BULK_05705,DISH_BULK_1538,CUST_01842,2026-09-13T00:53:00
ORD_BULK_05706,DISH_BULK_2751,CUST_02010,2026-09-17T07:16:00
ORD_BULK_05707,DISH_BULK_0978,CUST_01414,2026-09-17T13:51:00
ORD_BULK_05708,DISH_BULK_1817,CUST_01963,2026-09-12T01:49:00
ORD_BULK_05709,DISH_BULK_1814,CUST_02198,2026-09-14T10:20:00
ORD_BULK_05710,DISH_BULK_0870,CUST_00592,2026-09-13T14:19:00
ORD_BULK_05711,DISH_BULK_2563,CUST_02995,2026-09-12T07:36:00
ORD_BULK_05712,DISH_BULK_1545,CUST_01054,2026-09-12T03:46:00
ORD_BULK_05713,DISH_BULK_1461,CUST_03032,2026-09-10T13:43:00
ORD_BULK_05714,DISH_BULK_1722,CUST_03300,2026-09-13T17:52:00
ORD_BULK_05715,DISH_BULK_0543,CUST_00175,2026-09-15T13:35:00
ORD_BULK_05716,DISH_BULK_1634,CUST_02911,2026-09-16T11:51:00
ORD_BULK_05717,DISH_BULK_0883,CUST_01648,2026-09-11T18:08:00
ORD_BULK_05718,DISH_BULK_2520,CUST_01446,2026-09-12T16:49:00
ORD_BULK_05719,DISH_BULK_1616,CUST_01725,2026-09-15T02:04:00
ORD_BULK_05720,DISH_BULK_1840,CUST_03005,2026-09-15T11:30:00
ORD_BULK_05721,DISH_BULK_1772,CUST_03901,2026-09-14T18:04:00
ORD_BULK_05722,DISH_BULK_1852,CUST_01490,2026-09-14T04:14:00
ORD_BULK_05723,DISH_BULK_1289,CUST_02726,2026-09-14T20:55:00
ORD_BULK_05724,DISH_BULK_0499,CUST_02963,2026-09-16T08:42:00
ORD_BULK_05725,DISH_BULK_0797,CUST_01008,2026-09-12T19:14:00
ORD_BULK_05726,DISH_BULK_2872,CUST_00783,2026-09-16T19:12:00
ORD_BULK_05727,DISH_BULK_0751,CUST_03884,2026-09-18T15:08:00
ORD_BULK_05728,DISH_BULK_2654,CUST_03212,2026-09-17T08:59:00
ORD_BULK_05729,DISH_BULK_1442,CUST_03688,2026-09-15T14:31:00
ORD_BULK_05730,DISH_BULK_2199,CUST_03533,2026-09-14T23:28:00
ORD_BULK_05731,DISH_BULK_1489,CUST_02638,2026-09-13T19:48:00
ORD_BULK_05732,DISH_BULK_0828,CUST_01610,2026-09-11T22:35:00
ORD_BULK_05733,DISH_BULK_1880,CUST_00446,2026-09-16T12:13:00
ORD_BULK_05734,DISH_BULK_2625,CUST_01853,2026-09-13T18:00:00
ORD_BULK_05735,DISH_BULK_2508,CUST_01689,2026-09-10T21:53:00
ORD_BULK_05736,DISH_BULK_0770,CUST_00890,2026-09-14T04:12:00
ORD_BULK_05737,DISH_BULK_2213,CUST_03646,2026-09-12T02:47:00
ORD_BULK_05738,DISH_BULK_2655,CUST_01575,2026-09-16T05:18:00
ORD_BULK_05739,DISH_BULK_1722,CUST_00739,2026-09-15T08:57:00
ORD_BULK_05740,DISH_BULK_0051,CUST_02843,2026-09-12T16:22:00
ORD_BULK_05741,DISH_BULK_1534,CUST_02325,2026-09-17T22:08:00
ORD_BULK_05742,DISH_BULK_0659,CUST_01120,2026-09-18T01:51:00
ORD_BULK_05743,DISH_BULK_2261,CUST_03151,2026-09-12T02:33:00
ORD_BULK_05744,DISH_BULK_2580,CUST_01647,2026-09-16T21:01:00
ORD_BULK_05745,DISH_BULK_0764,CUST_00618,2026-09-15T00:18:00
ORD_BULK_05746,DISH_BULK_1250,CUST_01920,2026-09-13T03:05:00
ORD_BULK_05747,DISH_BULK_0488,CUST_03124,2026-09-15T20:53:00
ORD_BULK_05748,DISH_BULK_1249,CUST_02501,2026-09-17T07:12:00
ORD_BULK_05749,DISH_BULK_2127,CUST_03012,2026-09-17T11:30:00
ORD_BULK_05750,DISH_BULK_0098,CUST_02770,2026-09-11T10:30:00
ORD_BULK_05751,DISH_BULK_0221,CUST_00352,2026-09-10T13:51:00
ORD_BULK_05752,DISH_PNR_036,CUST_03770,2026-09-10T22:24:00
ORD_BULK_05753,DISH_BULK_1311,CUST_03493,2026-09-11T08:33:00
ORD_BULK_05754,DISH_BULK_1237,CUST_03816,2026-09-14T09:24:00
ORD_BULK_05755,DISH_BULK_0785,CUST_03046,2026-09-12T01:07:00
ORD_BULK_05756,DISH_BULK_0826,CUST_01260,2026-09-11T02:01:00
ORD_BULK_05757,DISH_BULK_1440,CUST_02553,2026-09-13T22:09:00
ORD_BULK_05758,DISH_BULK_2343,CUST_03705,2026-09-15T09:57:00
ORD_BULK_05759,DISH_BULK_1899,CUST_01387,2026-09-18T08:07:00
ORD_BULK_05760,DISH_BULK_0671,CUST_01187,2026-09-13T18:48:00
ORD_BULK_05761,DISH_BULK_0369,CUST_03287,2026-09-16T17:25:00
ORD_BULK_05762,DISH_BULK_0608,CUST_03690,2026-09-12T01:30:00
ORD_BULK_05763,DISH_BULK_0622,CUST_01701,2026-09-11T16:20:00
ORD_BULK_05764,DISH_BULK_2134,CUST_03729,2026-09-17T08:50:00
ORD_BULK_05765,DISH_BULK_1632,CUST_00649,2026-09-16T17:22:00
ORD_BULK_05766,DISH_BULK_2216,CUST_02576,2026-09-15T16:13:00
ORD_BULK_05767,DISH_BULK_2820,CUST_01152,2026-09-18T04:24:00
ORD_BULK_05768,DISH_BULK_0975,CUST_03999,2026-09-11T14:57:00
ORD_BULK_05769,DISH_BULK_2673,CUST_03873,2026-09-12T00:02:00
ORD_BULK_05770,DISH_BULK_1776,CUST_00398,2026-09-10T18:45:00
ORD_BULK_05771,DISH_BULK_0509,CUST_03606,2026-09-14T16:01:00
ORD_BULK_05772,DISH_BULK_1890,CUST_01554,2026-09-15T18:13:00
ORD_BULK_05773,DISH_BULK_0652,CUST_03143,2026-09-10T13:26:00
ORD_BULK_05774,DISH_BULK_2354,CUST_02819,2026-09-14T10:57:00
ORD_BULK_05775,DISH_BULK_1760,CUST_02396,2026-09-16T20:10:00
ORD_BULK_05776,DISH_BULK_0698,CUST_01833,2026-09-10T13:25:00
ORD_BULK_05777,DISH_BULK_1968,CUST_03878,2026-09-17T23:26:00
ORD_BULK_05778,DISH_BULK_2275,CUST_01409,2026-09-14T04:46:00
ORD_BULK_05779,DISH_BULK_0302,CUST_03632,2026-09-14T13:01:00
ORD_BULK_05780,DISH_BULK_0236,CUST_00726,2026-09-11T20:50:00
ORD_BULK_05781,DISH_BULK_2510,CUST_01230,2026-09-18T00:58:00
ORD_BULK_05782,DISH_BULK_1566,CUST_03756,2026-09-12T00:49:00
ORD_BULK_05783,DISH_BULK_0408,CUST_03830,2026-09-17T22:39:00
ORD_BULK_05784,DISH_BULK_0761,CUST_03939,2026-09-17T13:11:00
ORD_BULK_05785,DISH_BULK_1267,CUST_01198,2026-09-18T10:15:00
ORD_BULK_05786,DISH_BULK_0294,CUST_01453,2026-09-17T04:36:00
ORD_BULK_05787,DISH_BULK_1980,CUST_00066,2026-09-17T09:48:00
ORD_BULK_05788,DISH_BULK_2371,CUST_01712,2026-09-12T06:09:00
ORD_BULK_05789,DISH_BULK_1449,CUST_03487,2026-09-13T05:00:00
ORD_BULK_05790,DISH_BULK_0740,CUST_02103,2026-09-13T12:31:00
ORD_BULK_05791,DISH_BULK_2085,CUST_03704,2026-09-10T14:24:00
ORD_BULK_05792,DISH_BULK_1959,CUST_01305,2026-09-12T05:34:00
ORD_BULK_05793,DISH_BULK_0167,CUST_02660,2026-09-13T01:12:00
ORD_BULK_05794,DISH_BULK_2823,CUST_01256,2026-09-13T07:50:00
ORD_BULK_05795,DISH_BULK_1792,CUST_01774,2026-09-14T04:09:00
ORD_BULK_05796,DISH_BULK_0119,CUST_01118,2026-09-17T19:19:00
ORD_BULK_05797,DISH_BULK_1830,CUST_02701,2026-09-11T05:54:00
ORD_BULK_05798,DISH_BULK_1317,CUST_02259,2026-09-10T16:34:00
ORD_BULK_05799,DISH_BULK_0489,CUST_03572,2026-09-17T10:26:00
ORD_BULK_05800,DISH_PNR_044,CUST_03010,2026-09-16T20:38:00
ORD_BULK_05801,DISH_BULK_0032,CUST_01240,2026-09-14T15:56:00
ORD_BULK_05802,DISH_BULK_0771,CUST_03705,2026-09-15T16:22:00
ORD_BULK_05803,DISH_BULK_1510,CUST_01591,2026-09-10T17:49:00
ORD_BULK_05804,DISH_BULK_2801,CUST_02753,2026-09-13T09:48:00
ORD_BULK_05805,DISH_BULK_2808,CUST_01537,2026-09-14T03:39:00
ORD_BULK_05806,DISH_BULK_1456,CUST_03290,2026-09-16T03:58:00
ORD_BULK_05807,DISH_BULK_1692,CUST_01668,2026-09-18T09:08:00
ORD_BULK_05808,DISH_BULK_1355,CUST_00543,2026-09-14T06:32:00
ORD_BULK_05809,DISH_BULK_2899,CUST_01072,2026-09-16T14:50:00
ORD_BULK_05810,DISH_BULK_0744,CUST_02003,2026-09-13T12:54:00
ORD_BULK_05811,DISH_BULK_1046,CUST_00342,2026-09-15T10:50:00
ORD_BULK_05812,DISH_BULK_2705,CUST_00348,2026-09-17T21:55:00
ORD_BULK_05813,DISH_BULK_1259,CUST_03529,2026-09-16T02:56:00
ORD_BULK_05814,DISH_BULK_0418,CUST_00095,2026-09-11T19:05:00
ORD_BULK_05815,DISH_BULK_0392,CUST_00996,2026-09-11T04:19:00
ORD_BULK_05816,DISH_BULK_0679,CUST_01530,2026-09-11T01:44:00
ORD_BULK_05817,DISH_BULK_0584,CUST_02343,2026-09-13T00:42:00
ORD_BULK_05818,DISH_BULK_0311,CUST_03538,2026-09-11T04:35:00
ORD_BULK_05819,DISH_PNR_040,CUST_02962,2026-09-10T11:40:00
ORD_BULK_05820,DISH_BULK_1351,CUST_03565,2026-09-17T08:36:00
ORD_BULK_05821,DISH_BULK_0242,CUST_00640,2026-09-16T23:07:00
ORD_BULK_05822,DISH_BULK_2518,CUST_03956,2026-09-15T13:49:00
ORD_BULK_05823,DISH_BULK_2538,CUST_03578,2026-09-14T02:21:00
ORD_BULK_05824,DISH_BULK_2677,CUST_00434,2026-09-17T07:16:00
ORD_BULK_05825,DISH_BULK_0453,CUST_00231,2026-09-18T08:16:00
ORD_BULK_05826,DISH_BULK_0522,CUST_00818,2026-09-11T06:09:00
ORD_BULK_05827,DISH_BULK_0714,CUST_00376,2026-09-18T12:07:00
ORD_BULK_05828,DISH_BULK_0329,CUST_00016,2026-09-15T06:13:00
ORD_BULK_05829,DISH_BULK_2762,CUST_00955,2026-09-12T17:24:00
ORD_BULK_05830,DISH_BULK_0158,CUST_02937,2026-09-11T05:41:00
ORD_BULK_05831,DISH_BULK_1538,CUST_01313,2026-09-17T10:47:00
ORD_BULK_05832,DISH_BULK_2122,CUST_00790,2026-09-15T17:59:00
ORD_BULK_05833,DISH_BULK_0762,CUST_02901,2026-09-15T23:15:00
ORD_BULK_05834,DISH_BULK_2433,CUST_02893,2026-09-12T10:48:00
ORD_BULK_05835,DISH_BULK_1875,CUST_01180,2026-09-18T15:45:00
ORD_BULK_05836,DISH_BULK_2723,CUST_02425,2026-09-11T00:43:00
ORD_BULK_05837,DISH_BULK_1766,CUST_00758,2026-09-16T02:36:00
ORD_BULK_05838,DISH_PNR_026,CUST_00326,2026-09-12T08:01:00
ORD_BULK_05839,DISH_BULK_0763,CUST_01079,2026-09-11T23:17:00
ORD_BULK_05840,DISH_BULK_2174,CUST_02357,2026-09-12T11:42:00
ORD_BULK_05841,DISH_BULK_2821,CUST_00508,2026-09-18T07:55:00
ORD_BULK_05842,DISH_BULK_0264,CUST_00771,2026-09-12T11:04:00
ORD_BULK_05843,DISH_BULK_1270,CUST_03098,2026-09-12T22:10:00
ORD_BULK_05844,DISH_BULK_0619,CUST_01617,2026-09-17T13:28:00
ORD_BULK_05845,DISH_BULK_2380,CUST_01216,2026-09-17T04:15:00
ORD_BULK_05846,DISH_BULK_1642,CUST_02076,2026-09-17T14:55:00
ORD_BULK_05847,DISH_BULK_1123,CUST_00894,2026-09-15T04:28:00
ORD_BULK_05848,DISH_BULK_0981,CUST_03378,2026-09-14T06:08:00
ORD_BULK_05849,DISH_BULK_0940,CUST_02174,2026-09-10T09:54:00
ORD_BULK_05850,DISH_BULK_2636,CUST_03648,2026-09-18T02:38:00
ORD_BULK_05851,DISH_BULK_0984,CUST_01153,2026-09-12T04:02:00
ORD_BULK_05852,DISH_BULK_0218,CUST_00253,2026-09-11T01:08:00
ORD_BULK_05853,DISH_BULK_1977,CUST_01410,2026-09-11T00:29:00
ORD_BULK_05854,DISH_BULK_2492,CUST_03096,2026-09-15T05:26:00
ORD_BULK_05855,DISH_BULK_0281,CUST_02761,2026-09-18T11:32:00
ORD_BULK_05856,DISH_BULK_1780,CUST_00050,2026-09-18T00:11:00
ORD_BULK_05857,DISH_BULK_0315,CUST_01305,2026-09-17T00:36:00
ORD_BULK_05858,DISH_BULK_1434,CUST_02860,2026-09-18T01:58:00
ORD_BULK_05859,DISH_BULK_2434,CUST_02778,2026-09-11T01:59:00
ORD_BULK_05860,DISH_BULK_2285,CUST_01075,2026-09-18T14:33:00
ORD_BULK_05861,DISH_BULK_1260,CUST_01847,2026-09-14T09:47:00
ORD_BULK_05862,DISH_BULK_1921,CUST_01518,2026-09-16T00:27:00
ORD_BULK_05863,DISH_BULK_1183,CUST_03127,2026-09-15T21:33:00
ORD_BULK_05864,DISH_BULK_1237,CUST_02237,2026-09-12T11:57:00
ORD_BULK_05865,DISH_BULK_0888,CUST_02406,2026-09-12T06:34:00
ORD_BULK_05866,DISH_BULK_0128,CUST_02830,2026-09-14T08:21:00
ORD_BULK_05867,DISH_BULK_1632,CUST_01905,2026-09-15T14:03:00
ORD_BULK_05868,DISH_BULK_1282,CUST_03783,2026-09-14T22:06:00
ORD_BULK_05869,DISH_BULK_1853,CUST_03559,2026-09-15T14:48:00
ORD_BULK_05870,DISH_BULK_1806,CUST_00626,2026-09-11T22:47:00
ORD_BULK_05871,DISH_BULK_1533,CUST_01719,2026-09-10T14:41:00
ORD_BULK_05872,DISH_BULK_0525,CUST_03229,2026-09-13T22:29:00
ORD_BULK_05873,DISH_BULK_1516,CUST_03565,2026-09-17T12:37:00
ORD_BULK_05874,DISH_BULK_0565,CUST_01637,2026-09-14T11:51:00
ORD_BULK_05875,DISH_BULK_0011,CUST_01780,2026-09-17T20:42:00
ORD_BULK_05876,DISH_BULK_0661,CUST_00619,2026-09-17T01:54:00
ORD_BULK_05877,DISH_BULK_0707,CUST_00889,2026-09-11T09:53:00
ORD_BULK_05878,DISH_BULK_0021,CUST_01603,2026-09-15T16:57:00
ORD_BULK_05879,DISH_BULK_0567,CUST_01110,2026-09-14T04:06:00
ORD_BULK_05880,DISH_BULK_0764,CUST_00089,2026-09-15T23:48:00
ORD_BULK_05881,DISH_BULK_1560,CUST_00649,2026-09-13T18:52:00
ORD_BULK_05882,DISH_BULK_2204,CUST_01138,2026-09-12T22:11:00
ORD_BULK_05883,DISH_BULK_0732,CUST_01993,2026-09-17T05:42:00
ORD_BULK_05884,DISH_BULK_2918,CUST_02045,2026-09-15T06:11:00
ORD_BULK_05885,DISH_BULK_1736,CUST_03881,2026-09-12T03:38:00
ORD_BULK_05886,DISH_BULK_1950,CUST_03970,2026-09-17T21:48:00
ORD_BULK_05887,DISH_BULK_0198,CUST_01448,2026-09-11T12:56:00
ORD_BULK_05888,DISH_BULK_0228,CUST_03904,2026-09-14T00:16:00
ORD_BULK_05889,DISH_BULK_2845,CUST_01953,2026-09-17T05:58:00
ORD_BULK_05890,DISH_BULK_1139,CUST_00580,2026-09-13T00:12:00
ORD_BULK_05891,DISH_BULK_2078,CUST_03864,2026-09-15T22:57:00
ORD_BULK_05892,DISH_BULK_0840,CUST_01706,2026-09-15T21:56:00
ORD_BULK_05893,DISH_BULK_0007,CUST_03920,2026-09-13T20:06:00
ORD_BULK_05894,DISH_BULK_2540,CUST_00650,2026-09-14T04:27:00
ORD_BULK_05895,DISH_BULK_2536,CUST_01273,2026-09-18T02:47:00
ORD_BULK_05896,DISH_BULK_2487,CUST_01758,2026-09-17T07:00:00
ORD_BULK_05897,DISH_BULK_0453,CUST_02454,2026-09-11T19:20:00
ORD_BULK_05898,DISH_BULK_2123,CUST_01155,2026-09-14T05:08:00
ORD_BULK_05899,DISH_BULK_2922,CUST_01530,2026-09-18T04:00:00
ORD_BULK_05900,DISH_BULK_0478,CUST_01514,2026-09-16T18:22:00
ORD_BULK_05901,DISH_BULK_1893,CUST_00259,2026-09-10T12:50:00
ORD_BULK_05902,DISH_BULK_1785,CUST_01516,2026-09-15T01:52:00
ORD_BULK_05903,DISH_BULK_0962,CUST_00858,2026-09-14T01:04:00
ORD_BULK_05904,DISH_BULK_2773,CUST_00957,2026-09-13T21:20:00
ORD_BULK_05905,DISH_BULK_2550,CUST_03751,2026-09-15T18:01:00
ORD_BULK_05906,DISH_BULK_1103,CUST_02274,2026-09-14T05:02:00
ORD_BULK_05907,DISH_BULK_2318,CUST_03252,2026-09-14T02:24:00
ORD_BULK_05908,DISH_BULK_2814,CUST_00797,2026-09-11T18:42:00
ORD_BULK_05909,DISH_BULK_1272,CUST_03202,2026-09-17T12:45:00
ORD_BULK_05910,DISH_BULK_2298,CUST_03978,2026-09-12T22:30:00
ORD_BULK_05911,DISH_BULK_2854,CUST_02429,2026-09-17T06:24:00
ORD_BULK_05912,DISH_BULK_0924,CUST_03332,2026-09-13T04:01:00
ORD_BULK_05913,DISH_BULK_1955,CUST_02308,2026-09-15T16:16:00
ORD_BULK_05914,DISH_BULK_0033,CUST_01284,2026-09-16T03:31:00
ORD_BULK_05915,DISH_BULK_0345,CUST_01574,2026-09-12T00:30:00
ORD_BULK_05916,DISH_BULK_2508,CUST_01318,2026-09-11T06:12:00
ORD_BULK_05917,DISH_BULK_2121,CUST_02011,2026-09-15T14:20:00
ORD_BULK_05918,DISH_BULK_2422,CUST_03689,2026-09-18T14:44:00
ORD_BULK_05919,DISH_BULK_1043,CUST_00275,2026-09-15T10:44:00
ORD_BULK_05920,DISH_BULK_1549,CUST_03185,2026-09-12T12:45:00
ORD_BULK_05921,DISH_BULK_1085,CUST_02916,2026-09-11T23:04:00
ORD_BULK_05922,DISH_BULK_1444,CUST_03473,2026-09-11T00:07:00
ORD_BULK_05923,DISH_BULK_1894,CUST_01011,2026-09-12T20:59:00
ORD_BULK_05924,DISH_BULK_2547,CUST_00013,2026-09-14T01:21:00
ORD_BULK_05925,DISH_BULK_1412,CUST_03379,2026-09-17T09:28:00
ORD_BULK_05926,DISH_BULK_1930,CUST_02302,2026-09-11T23:54:00
ORD_BULK_05927,DISH_BULK_1071,CUST_03919,2026-09-13T23:23:00
ORD_BULK_05928,DISH_BULK_1939,CUST_01287,2026-09-17T05:08:00
ORD_BULK_05929,DISH_BULK_2150,CUST_00820,2026-09-17T16:21:00
ORD_BULK_05930,DISH_BULK_0724,CUST_03923,2026-09-17T03:10:00
ORD_BULK_05931,DISH_BULK_2432,CUST_00494,2026-09-13T16:43:00
ORD_BULK_05932,DISH_BULK_0202,CUST_03013,2026-09-12T13:13:00
ORD_BULK_05933,DISH_BULK_2098,CUST_03273,2026-09-16T01:39:00
ORD_BULK_05934,DISH_BULK_1110,CUST_01017,2026-09-14T14:40:00
ORD_BULK_05935,DISH_BULK_1686,CUST_02870,2026-09-10T10:58:00
ORD_BULK_05936,DISH_BULK_1175,CUST_01070,2026-09-12T15:46:00
ORD_BULK_05937,DISH_BULK_0544,CUST_01213,2026-09-10T14:54:00
ORD_BULK_05938,DISH_BULK_0072,CUST_02670,2026-09-17T15:51:00
ORD_BULK_05939,DISH_BULK_1680,CUST_00323,2026-09-14T12:39:00
ORD_BULK_05940,DISH_BULK_1858,CUST_03178,2026-09-12T00:18:00
ORD_BULK_05941,DISH_BULK_1783,CUST_02564,2026-09-14T16:19:00
ORD_BULK_05942,DISH_BULK_2228,CUST_00643,2026-09-17T02:09:00
ORD_BULK_05943,DISH_BULK_1773,CUST_03107,2026-09-13T21:46:00
ORD_BULK_05944,DISH_BULK_0395,CUST_03838,2026-09-13T10:41:00
ORD_BULK_05945,DISH_BULK_1821,CUST_01131,2026-09-12T14:00:00
ORD_BULK_05946,DISH_BULK_2846,CUST_02485,2026-09-15T11:47:00
ORD_BULK_05947,DISH_BULK_1120,CUST_00668,2026-09-17T00:08:00
ORD_BULK_05948,DISH_BULK_0480,CUST_01323,2026-09-10T12:37:00
ORD_BULK_05949,DISH_BULK_0461,CUST_00215,2026-09-14T01:09:00
ORD_BULK_05950,DISH_BULK_2217,CUST_01955,2026-09-14T12:42:00
ORD_BULK_05951,DISH_BULK_0534,CUST_01292,2026-09-18T12:44:00
ORD_BULK_05952,DISH_BULK_1490,CUST_02254,2026-09-10T14:57:00
ORD_BULK_05953,DISH_BULK_2529,CUST_01779,2026-09-17T16:29:00
ORD_BULK_05954,DISH_BULK_1280,CUST_01621,2026-09-12T08:36:00
ORD_BULK_05955,DISH_BULK_1291,CUST_02512,2026-09-10T17:25:00
ORD_BULK_05956,DISH_BULK_2590,CUST_01159,2026-09-14T00:28:00
ORD_BULK_05957,DISH_BULK_2270,CUST_03099,2026-09-16T19:14:00
ORD_BULK_05958,DISH_BULK_0115,CUST_03618,2026-09-16T03:43:00
ORD_BULK_05959,DISH_BULK_0182,CUST_02961,2026-09-18T11:51:00
ORD_BULK_05960,DISH_BULK_2877,CUST_00541,2026-09-15T23:37:00
ORD_BULK_05961,DISH_BULK_0215,CUST_03797,2026-09-11T02:32:00
ORD_BULK_05962,DISH_BULK_0527,CUST_00621,2026-09-11T11:55:00
ORD_BULK_05963,DISH_BULK_2095,CUST_00670,2026-09-18T10:55:00
ORD_BULK_05964,DISH_BULK_0916,CUST_00377,2026-09-14T10:23:00
ORD_BULK_05965,DISH_BULK_1416,CUST_01386,2026-09-11T06:09:00
ORD_BULK_05966,DISH_BULK_1644,CUST_01408,2026-09-11T02:59:00
ORD_BULK_05967,DISH_BULK_1971,CUST_01641,2026-09-16T12:51:00
ORD_BULK_05968,DISH_BULK_0208,CUST_02150,2026-09-15T01:41:00
ORD_BULK_05969,DISH_BULK_2582,CUST_03235,2026-09-14T20:07:00
ORD_BULK_05970,DISH_BULK_2799,CUST_00635,2026-09-16T13:40:00
ORD_BULK_05971,DISH_BULK_0320,CUST_03336,2026-09-12T16:35:00
ORD_BULK_05972,DISH_BULK_1791,CUST_00652,2026-09-11T15:28:00
ORD_BULK_05973,DISH_BULK_1022,CUST_00932,2026-09-13T01:20:00
ORD_BULK_05974,DISH_BULK_0185,CUST_02641,2026-09-18T02:38:00
ORD_BULK_05975,DISH_BULK_2238,CUST_00100,2026-09-10T22:19:00
ORD_BULK_05976,DISH_BULK_2587,CUST_03453,2026-09-18T06:24:00
ORD_BULK_05977,DISH_BULK_0877,CUST_01961,2026-09-10T19:34:00
ORD_BULK_05978,DISH_BULK_0126,CUST_00898,2026-09-12T23:31:00
ORD_BULK_05979,DISH_BULK_0579,CUST_03910,2026-09-11T21:35:00
ORD_BULK_05980,DISH_BULK_2004,CUST_01309,2026-09-14T00:11:00
ORD_BULK_05981,DISH_BULK_1541,CUST_03097,2026-09-17T13:12:00
ORD_BULK_05982,DISH_BULK_2699,CUST_01622,2026-09-10T13:15:00
ORD_BULK_05983,DISH_BULK_2043,CUST_03136,2026-09-13T15:05:00
ORD_BULK_05984,DISH_BULK_1970,CUST_00097,2026-09-17T22:51:00
ORD_BULK_05985,DISH_BULK_2881,CUST_02856,2026-09-15T01:18:00
ORD_BULK_05986,DISH_BULK_2206,CUST_00279,2026-09-10T18:57:00
ORD_BULK_05987,DISH_BULK_0773,CUST_02416,2026-09-10T17:49:00
ORD_BULK_05988,DISH_BULK_0809,CUST_00941,2026-09-16T23:07:00
ORD_BULK_05989,DISH_BULK_1967,CUST_00030,2026-09-14T07:24:00
ORD_BULK_05990,DISH_BULK_2828,CUST_00331,2026-09-16T22:48:00
ORD_BULK_05991,DISH_BULK_1461,CUST_02086,2026-09-12T04:49:00
ORD_BULK_05992,DISH_BULK_1580,CUST_00872,2026-09-12T01:34:00
ORD_BULK_05993,DISH_BULK_2150,CUST_00031,2026-09-17T11:23:00
ORD_BULK_05994,DISH_BULK_2504,CUST_01153,2026-09-13T08:32:00
ORD_BULK_05995,DISH_BULK_2232,CUST_01534,2026-09-16T03:30:00
ORD_BULK_05996,DISH_BULK_1544,CUST_00655,2026-09-12T15:02:00
ORD_BULK_05997,DISH_BULK_2442,CUST_01050,2026-09-14T03:20:00
ORD_BULK_05998,DISH_BULK_0755,CUST_01340,2026-09-13T07:05:00
ORD_BULK_05999,DISH_BULK_1562,CUST_00489,2026-09-17T17:37:00
ORD_BULK_06000,DISH_BULK_1122,CUST_01850,2026-09-10T15:52:00
ORD_BULK_06001,DISH_BULK_1778,CUST_02472,2026-09-17T17:52:00
ORD_BULK_06002,DISH_BULK_2705,CUST_02097,2026-09-14T22:46:00
ORD_BULK_06003,DISH_BULK_0792,CUST_00758,2026-09-11T14:46:00
ORD_BULK_06004,DISH_BULK_0124,CUST_01588,2026-09-11T13:08:00
ORD_BULK_06005,DISH_BULK_0796,CUST_00820,2026-09-16T19:42:00
ORD_BULK_06006,DISH_BULK_1177,CUST_03412,2026-09-18T04:20:00
ORD_BULK_06007,DISH_BULK_2715,CUST_00878,2026-09-17T01:59:00
ORD_BULK_06008,DISH_BULK_1196,CUST_01479,2026-09-15T14:38:00
ORD_BULK_06009,DISH_BULK_0176,CUST_02654,2026-09-17T10:58:00
ORD_BULK_06010,DISH_BULK_0895,CUST_02322,2026-09-13T04:54:00
ORD_BULK_06011,DISH_BULK_0842,CUST_02094,2026-09-10T14:30:00
ORD_BULK_06012,DISH_BULK_1223,CUST_00051,2026-09-12T19:05:00
ORD_BULK_06013,DISH_BULK_0695,CUST_03525,2026-09-14T03:11:00
ORD_BULK_06014,DISH_BULK_0799,CUST_02047,2026-09-18T12:35:00
ORD_BULK_06015,DISH_BULK_1545,CUST_02949,2026-09-14T01:23:00
ORD_BULK_06016,DISH_BULK_1829,CUST_01601,2026-09-17T04:20:00
ORD_BULK_06017,DISH_BULK_0630,CUST_03772,2026-09-15T22:15:00
ORD_BULK_06018,DISH_BULK_1920,CUST_02298,2026-09-17T02:56:00
ORD_BULK_06019,DISH_BULK_1122,CUST_03257,2026-09-17T22:08:00
ORD_BULK_06020,DISH_BULK_0971,CUST_00319,2026-09-17T08:18:00
ORD_BULK_06021,DISH_BULK_0393,CUST_03623,2026-09-10T08:04:00
ORD_BULK_06022,DISH_BULK_0081,CUST_02537,2026-09-10T21:39:00
ORD_BULK_06023,DISH_PNR_046,CUST_03879,2026-09-13T10:53:00
ORD_BULK_06024,DISH_PNR_001,CUST_01243,2026-09-15T09:31:00
ORD_BULK_06025,DISH_BULK_1516,CUST_02985,2026-09-16T19:07:00
ORD_BULK_06026,DISH_BULK_0607,CUST_00399,2026-09-10T22:37:00
ORD_BULK_06027,DISH_BULK_1461,CUST_00882,2026-09-17T16:20:00
ORD_BULK_06028,DISH_BULK_0735,CUST_03977,2026-09-15T03:33:00
ORD_BULK_06029,DISH_BULK_1481,CUST_00312,2026-09-13T12:27:00
ORD_BULK_06030,DISH_BULK_1664,CUST_02678,2026-09-10T14:06:00
ORD_BULK_06031,DISH_BULK_1172,CUST_03156,2026-09-10T17:33:00
ORD_BULK_06032,DISH_BULK_0445,CUST_01238,2026-09-11T22:43:00
ORD_BULK_06033,DISH_BULK_1030,CUST_01872,2026-09-12T15:53:00
ORD_BULK_06034,DISH_BULK_0446,CUST_03766,2026-09-17T13:51:00
ORD_BULK_06035,DISH_BULK_2746,CUST_03248,2026-09-10T16:17:00
ORD_BULK_06036,DISH_BULK_1905,CUST_00716,2026-09-10T11:55:00
ORD_BULK_06037,DISH_BULK_0415,CUST_00353,2026-09-18T13:55:00
ORD_BULK_06038,DISH_BULK_0915,CUST_01865,2026-09-16T22:19:00
ORD_BULK_06039,DISH_BULK_2800,CUST_02284,2026-09-13T10:35:00
ORD_BULK_06040,DISH_BULK_1060,CUST_00093,2026-09-18T07:55:00
ORD_BULK_06041,DISH_BULK_2260,CUST_01965,2026-09-11T01:16:00
ORD_BULK_06042,DISH_BULK_2949,CUST_02834,2026-09-12T01:51:00
ORD_BULK_06043,DISH_BULK_0836,CUST_00267,2026-09-14T20:33:00
ORD_BULK_06044,DISH_BULK_2731,CUST_01546,2026-09-10T16:09:00
ORD_BULK_06045,DISH_BULK_0106,CUST_02038,2026-09-15T06:05:00
ORD_BULK_06046,DISH_BULK_1861,CUST_01690,2026-09-12T07:47:00
ORD_BULK_06047,DISH_BULK_0008,CUST_02363,2026-09-10T20:01:00
ORD_BULK_06048,DISH_BULK_2643,CUST_00259,2026-09-13T12:41:00
ORD_BULK_06049,DISH_BULK_2861,CUST_01154,2026-09-18T12:17:00
ORD_BULK_06050,DISH_BULK_1916,CUST_00831,2026-09-13T08:59:00
ORD_BULK_06051,DISH_BULK_0053,CUST_02750,2026-09-13T10:15:00
ORD_BULK_06052,DISH_BULK_0724,CUST_00962,2026-09-18T04:19:00
ORD_BULK_06053,DISH_BULK_1788,CUST_03320,2026-09-10T08:31:00
ORD_BULK_06054,DISH_BULK_2617,CUST_00181,2026-09-16T17:47:00
ORD_BULK_06055,DISH_BULK_1737,CUST_02290,2026-09-18T07:57:00
ORD_BULK_06056,DISH_BULK_1955,CUST_03244,2026-09-12T23:13:00
ORD_BULK_06057,DISH_BULK_2884,CUST_03476,2026-09-10T20:54:00
ORD_BULK_06058,DISH_BULK_1127,CUST_01492,2026-09-11T08:08:00
ORD_BULK_06059,DISH_BULK_2403,CUST_01505,2026-09-15T12:35:00
ORD_BULK_06060,DISH_BULK_1889,CUST_02231,2026-09-12T04:45:00
ORD_BULK_06061,DISH_BULK_1482,CUST_02698,2026-09-14T13:22:00
ORD_BULK_06062,DISH_BULK_2928,CUST_02257,2026-09-16T11:39:00
ORD_BULK_06063,DISH_BULK_0550,CUST_01314,2026-09-17T14:34:00
ORD_BULK_06064,DISH_BULK_1374,CUST_01668,2026-09-12T07:30:00
ORD_BULK_06065,DISH_BULK_2330,CUST_01646,2026-09-14T13:36:00
ORD_BULK_06066,DISH_BULK_1868,CUST_01424,2026-09-13T15:51:00
ORD_BULK_06067,DISH_BULK_0558,CUST_03336,2026-09-17T23:40:00
ORD_BULK_06068,DISH_BULK_1979,CUST_02768,2026-09-16T12:04:00
ORD_BULK_06069,DISH_BULK_1624,CUST_01476,2026-09-15T05:53:00
ORD_BULK_06070,DISH_BULK_0308,CUST_02467,2026-09-13T05:08:00
ORD_BULK_06071,DISH_BULK_0517,CUST_01364,2026-09-14T09:56:00
ORD_BULK_06072,DISH_BULK_2597,CUST_01912,2026-09-15T11:05:00
ORD_BULK_06073,DISH_BULK_2162,CUST_03530,2026-09-18T01:46:00
ORD_BULK_06074,DISH_BULK_0626,CUST_03645,2026-09-10T19:40:00
ORD_BULK_06075,DISH_BULK_1360,CUST_02075,2026-09-17T10:41:00
ORD_BULK_06076,DISH_BULK_0548,CUST_02453,2026-09-14T05:17:00
ORD_BULK_06077,DISH_BULK_2166,CUST_02592,2026-09-12T03:32:00
ORD_BULK_06078,DISH_BULK_2303,CUST_00572,2026-09-12T16:12:00
ORD_BULK_06079,DISH_BULK_2793,CUST_01624,2026-09-11T06:19:00
ORD_BULK_06080,DISH_BULK_1670,CUST_03608,2026-09-11T14:33:00
ORD_BULK_06081,DISH_BULK_2007,CUST_02229,2026-09-10T19:27:00
ORD_BULK_06082,DISH_BULK_2082,CUST_00426,2026-09-16T21:08:00
ORD_BULK_06083,DISH_PNR_017,CUST_01044,2026-09-16T14:18:00
ORD_BULK_06084,DISH_BULK_2676,CUST_03860,2026-09-12T04:58:00
ORD_BULK_06085,DISH_BULK_0882,CUST_02802,2026-09-18T09:48:00
ORD_BULK_06086,DISH_BULK_1325,CUST_02004,2026-09-11T15:55:00
ORD_BULK_06087,DISH_BULK_1287,CUST_02998,2026-09-14T13:56:00
ORD_BULK_06088,DISH_BULK_2200,CUST_03838,2026-09-14T19:51:00
ORD_BULK_06089,DISH_BULK_2096,CUST_02691,2026-09-14T19:15:00
ORD_BULK_06090,DISH_BULK_0851,CUST_02364,2026-09-14T07:52:00
ORD_BULK_06091,DISH_BULK_1625,CUST_02818,2026-09-11T13:03:00
ORD_BULK_06092,DISH_BULK_0878,CUST_02624,2026-09-17T15:49:00
ORD_BULK_06093,DISH_BULK_1812,CUST_00638,2026-09-18T05:29:00
ORD_BULK_06094,DISH_BULK_0725,CUST_02934,2026-09-10T08:09:00
ORD_BULK_06095,DISH_BULK_2020,CUST_03277,2026-09-11T13:26:00
ORD_BULK_06096,DISH_BULK_1982,CUST_00592,2026-09-11T03:43:00
ORD_BULK_06097,DISH_BULK_2800,CUST_03892,2026-09-13T19:42:00
ORD_BULK_06098,DISH_BULK_0944,CUST_03096,2026-09-14T22:53:00
ORD_BULK_06099,DISH_BULK_1194,CUST_03381,2026-09-12T17:08:00
ORD_BULK_06100,DISH_BULK_2173,CUST_02615,2026-09-11T10:22:00
ORD_BULK_06101,DISH_BULK_0736,CUST_00097,2026-09-10T12:25:00
ORD_BULK_06102,DISH_BULK_0081,CUST_01212,2026-09-11T17:03:00
ORD_BULK_06103,DISH_BULK_0802,CUST_00761,2026-09-18T01:49:00
ORD_BULK_06104,DISH_BULK_0246,CUST_00275,2026-09-13T05:12:00
ORD_BULK_06105,DISH_BULK_1807,CUST_03896,2026-09-11T16:28:00
ORD_BULK_06106,DISH_BULK_1682,CUST_03871,2026-09-14T09:37:00
ORD_BULK_06107,DISH_BULK_2663,CUST_01651,2026-09-10T10:53:00
ORD_BULK_06108,DISH_BULK_2812,CUST_02448,2026-09-13T17:58:00
ORD_BULK_06109,DISH_BULK_1359,CUST_01589,2026-09-14T14:22:00
ORD_BULK_06110,DISH_BULK_0807,CUST_01245,2026-09-15T05:00:00
ORD_BULK_06111,DISH_BULK_2490,CUST_02416,2026-09-15T18:38:00
ORD_BULK_06112,DISH_BULK_2555,CUST_02519,2026-09-17T02:01:00
ORD_BULK_06113,DISH_BULK_0125,CUST_02782,2026-09-15T22:10:00
ORD_BULK_06114,DISH_BULK_0083,CUST_02048,2026-09-13T23:16:00
ORD_BULK_06115,DISH_BULK_1393,CUST_00128,2026-09-13T05:50:00
ORD_BULK_06116,DISH_BULK_2823,CUST_01940,2026-09-14T16:47:00
ORD_BULK_06117,DISH_BULK_2161,CUST_03154,2026-09-11T10:45:00
ORD_BULK_06118,DISH_BULK_1685,CUST_02821,2026-09-17T00:19:00
ORD_BULK_06119,DISH_BULK_2494,CUST_03608,2026-09-14T07:51:00
ORD_BULK_06120,DISH_BULK_2759,CUST_02009,2026-09-10T15:27:00
ORD_BULK_06121,DISH_BULK_1510,CUST_00159,2026-09-15T21:06:00
ORD_BULK_06122,DISH_BULK_0309,CUST_01946,2026-09-13T04:51:00
ORD_BULK_06123,DISH_BULK_2181,CUST_00378,2026-09-11T06:39:00
ORD_BULK_06124,DISH_BULK_0959,CUST_02967,2026-09-18T11:24:00
ORD_BULK_06125,DISH_BULK_2539,CUST_03778,2026-09-11T09:40:00
ORD_BULK_06126,DISH_BULK_1816,CUST_01556,2026-09-14T04:07:00
ORD_BULK_06127,DISH_BULK_0942,CUST_02473,2026-09-15T16:08:00
ORD_BULK_06128,DISH_BULK_0094,CUST_01323,2026-09-13T20:35:00
ORD_BULK_06129,DISH_BULK_2217,CUST_03184,2026-09-18T08:14:00
ORD_BULK_06130,DISH_BULK_1802,CUST_00888,2026-09-17T07:35:00
ORD_BULK_06131,DISH_BULK_1635,CUST_00389,2026-09-10T10:48:00
ORD_BULK_06132,DISH_BULK_2754,CUST_00526,2026-09-17T02:02:00
ORD_BULK_06133,DISH_BULK_2719,CUST_03199,2026-09-10T15:42:00
ORD_BULK_06134,DISH_BULK_2027,CUST_01821,2026-09-11T02:52:00
ORD_BULK_06135,DISH_BULK_2010,CUST_00743,2026-09-15T14:28:00
ORD_BULK_06136,DISH_BULK_1079,CUST_02856,2026-09-16T18:17:00
ORD_BULK_06137,DISH_BULK_1543,CUST_03283,2026-09-16T10:16:00
ORD_BULK_06138,DISH_BULK_2631,CUST_02967,2026-09-10T21:18:00
ORD_BULK_06139,DISH_BULK_0991,CUST_02399,2026-09-11T16:07:00
ORD_BULK_06140,DISH_BULK_2813,CUST_02117,2026-09-15T22:06:00
ORD_BULK_06141,DISH_BULK_0666,CUST_03696,2026-09-15T11:21:00
ORD_BULK_06142,DISH_BULK_1155,CUST_03497,2026-09-12T04:26:00
ORD_BULK_06143,DISH_BULK_0117,CUST_01190,2026-09-17T04:08:00
ORD_BULK_06144,DISH_BULK_1311,CUST_01748,2026-09-11T13:56:00
ORD_BULK_06145,DISH_BULK_2767,CUST_00635,2026-09-11T04:58:00
ORD_BULK_06146,DISH_BULK_0769,CUST_01975,2026-09-15T20:46:00
ORD_BULK_06147,DISH_BULK_0974,CUST_00024,2026-09-14T17:45:00
ORD_BULK_06148,DISH_BULK_2632,CUST_03709,2026-09-12T08:13:00
ORD_BULK_06149,DISH_BULK_1497,CUST_00180,2026-09-13T18:32:00
ORD_BULK_06150,DISH_BULK_0702,CUST_00916,2026-09-14T04:51:00
ORD_BULK_06151,DISH_BULK_2751,CUST_02391,2026-09-15T22:43:00
ORD_BULK_06152,DISH_BULK_0890,CUST_02924,2026-09-15T09:25:00
ORD_BULK_06153,DISH_BULK_2824,CUST_03884,2026-09-11T15:42:00
ORD_BULK_06154,DISH_BULK_0369,CUST_00674,2026-09-11T22:00:00
ORD_BULK_06155,DISH_BULK_0494,CUST_03033,2026-09-17T05:15:00
ORD_BULK_06156,DISH_BULK_2259,CUST_00097,2026-09-15T07:37:00
ORD_BULK_06157,DISH_BULK_1986,CUST_01502,2026-09-18T06:51:00
ORD_BULK_06158,DISH_BULK_1715,CUST_00085,2026-09-18T09:26:00
ORD_BULK_06159,DISH_BULK_2105,CUST_03677,2026-09-18T05:27:00
ORD_BULK_06160,DISH_BULK_1462,CUST_02601,2026-09-16T12:24:00
ORD_BULK_06161,DISH_BULK_0389,CUST_01715,2026-09-15T17:20:00
ORD_BULK_06162,DISH_BULK_0091,CUST_01143,2026-09-15T07:08:00
ORD_BULK_06163,DISH_BULK_2236,CUST_02876,2026-09-15T03:18:00
ORD_BULK_06164,DISH_BULK_0228,CUST_00267,2026-09-11T07:49:00
ORD_BULK_06165,DISH_BULK_1030,CUST_03596,2026-09-17T21:30:00
ORD_BULK_06166,DISH_BULK_1418,CUST_01945,2026-09-14T21:35:00
ORD_BULK_06167,DISH_BULK_2031,CUST_03766,2026-09-13T02:25:00
ORD_BULK_06168,DISH_BULK_0517,CUST_00496,2026-09-10T14:35:00
ORD_BULK_06169,DISH_BULK_0617,CUST_00354,2026-09-16T19:45:00
ORD_BULK_06170,DISH_BULK_0719,CUST_02723,2026-09-12T13:39:00
ORD_BULK_06171,DISH_BULK_1781,CUST_02703,2026-09-16T13:04:00
ORD_BULK_06172,DISH_BULK_1483,CUST_02283,2026-09-13T07:49:00
ORD_BULK_06173,DISH_BULK_1911,CUST_00274,2026-09-17T19:12:00
ORD_BULK_06174,DISH_BULK_0713,CUST_02385,2026-09-15T00:50:00
ORD_BULK_06175,DISH_BULK_0428,CUST_02293,2026-09-10T18:51:00
ORD_BULK_06176,DISH_BULK_0905,CUST_00830,2026-09-12T00:14:00
ORD_BULK_06177,DISH_BULK_1184,CUST_00546,2026-09-18T07:32:00
ORD_BULK_06178,DISH_BULK_1554,CUST_00046,2026-09-14T13:32:00
ORD_BULK_06179,DISH_BULK_0199,CUST_02090,2026-09-10T11:19:00
ORD_BULK_06180,DISH_BULK_0415,CUST_02149,2026-09-17T21:50:00
ORD_BULK_06181,DISH_BULK_1043,CUST_02399,2026-09-16T08:52:00
ORD_BULK_06182,DISH_PNR_037,CUST_01243,2026-09-11T21:25:00
ORD_BULK_06183,DISH_BULK_1262,CUST_03772,2026-09-13T02:32:00
ORD_BULK_06184,DISH_BULK_1921,CUST_03282,2026-09-12T18:18:00
ORD_BULK_06185,DISH_BULK_0726,CUST_02720,2026-09-15T17:38:00
ORD_BULK_06186,DISH_BULK_1913,CUST_01961,2026-09-12T18:28:00
ORD_BULK_06187,DISH_BULK_0359,CUST_00707,2026-09-14T17:54:00
ORD_BULK_06188,DISH_BULK_2219,CUST_02595,2026-09-17T11:13:00
ORD_BULK_06189,DISH_BULK_2171,CUST_03518,2026-09-11T03:21:00
ORD_BULK_06190,DISH_BULK_0552,CUST_02733,2026-09-11T18:40:00
ORD_BULK_06191,DISH_BULK_2042,CUST_00596,2026-09-11T02:34:00
ORD_BULK_06192,DISH_BULK_1910,CUST_02103,2026-09-11T03:49:00
ORD_BULK_06193,DISH_BULK_2272,CUST_00675,2026-09-13T03:27:00
ORD_BULK_06194,DISH_BULK_2521,CUST_03086,2026-09-15T00:54:00
ORD_BULK_06195,DISH_BULK_2516,CUST_01482,2026-09-12T21:32:00
ORD_BULK_06196,DISH_BULK_1029,CUST_01665,2026-09-11T00:17:00
ORD_BULK_06197,DISH_BULK_1722,CUST_00176,2026-09-13T23:30:00
ORD_BULK_06198,DISH_BULK_1570,CUST_00114,2026-09-12T12:35:00
ORD_BULK_06199,DISH_BULK_2705,CUST_02976,2026-09-14T14:02:00
ORD_BULK_06200,DISH_BULK_1554,CUST_01843,2026-09-17T05:35:00
ORD_BULK_06201,DISH_BULK_0874,CUST_03067,2026-09-11T18:46:00
ORD_BULK_06202,DISH_BULK_1917,CUST_02519,2026-09-16T03:08:00
ORD_BULK_06203,DISH_BULK_1619,CUST_02647,2026-09-17T13:29:00
ORD_BULK_06204,DISH_BULK_0598,CUST_00989,2026-09-17T03:33:00
ORD_BULK_06205,DISH_BULK_2089,CUST_01179,2026-09-15T23:45:00
ORD_BULK_06206,DISH_BULK_0261,CUST_01773,2026-09-17T03:47:00
ORD_BULK_06207,DISH_BULK_0080,CUST_01710,2026-09-11T02:06:00
ORD_BULK_06208,DISH_BULK_2254,CUST_00348,2026-09-18T08:22:00
ORD_BULK_06209,DISH_BULK_0550,CUST_03166,2026-09-17T15:08:00
ORD_BULK_06210,DISH_BULK_0117,CUST_01514,2026-09-13T11:44:00
ORD_BULK_06211,DISH_BULK_1564,CUST_01151,2026-09-15T14:50:00
ORD_BULK_06212,DISH_BULK_2617,CUST_03305,2026-09-14T05:14:00
ORD_BULK_06213,DISH_BULK_1197,CUST_03426,2026-09-16T10:10:00
ORD_BULK_06214,DISH_BULK_2433,CUST_01340,2026-09-13T20:08:00
ORD_BULK_06215,DISH_BULK_1878,CUST_02095,2026-09-15T21:11:00
ORD_BULK_06216,DISH_BULK_1535,CUST_03103,2026-09-18T03:59:00
ORD_BULK_06217,DISH_BULK_2368,CUST_02848,2026-09-16T16:58:00
ORD_BULK_06218,DISH_BULK_2748,CUST_02479,2026-09-17T03:39:00
ORD_BULK_06219,DISH_BULK_2661,CUST_03219,2026-09-16T20:44:00
ORD_BULK_06220,DISH_BULK_0516,CUST_01923,2026-09-14T04:02:00
ORD_BULK_06221,DISH_BULK_0326,CUST_02833,2026-09-15T21:42:00
ORD_BULK_06222,DISH_BULK_1356,CUST_02183,2026-09-16T05:10:00
ORD_BULK_06223,DISH_BULK_2478,CUST_02587,2026-09-11T01:11:00
ORD_BULK_06224,DISH_BULK_0984,CUST_02577,2026-09-13T09:14:00
ORD_BULK_06225,DISH_BULK_1065,CUST_03583,2026-09-13T14:54:00
ORD_BULK_06226,DISH_BULK_2388,CUST_02104,2026-09-12T22:12:00
ORD_BULK_06227,DISH_BULK_1236,CUST_03797,2026-09-14T00:31:00
ORD_BULK_06228,DISH_BULK_0934,CUST_02319,2026-09-12T12:13:00
ORD_BULK_06229,DISH_BULK_1381,CUST_03983,2026-09-13T19:39:00
ORD_BULK_06230,DISH_BULK_0739,CUST_03383,2026-09-14T03:28:00
ORD_BULK_06231,DISH_BULK_2074,CUST_02770,2026-09-15T00:22:00
ORD_BULK_06232,DISH_BULK_1094,CUST_01081,2026-09-17T03:13:00
ORD_BULK_06233,DISH_BULK_1690,CUST_02744,2026-09-17T19:58:00
ORD_BULK_06234,DISH_BULK_0725,CUST_03148,2026-09-17T07:24:00
ORD_BULK_06235,DISH_BULK_0524,CUST_03286,2026-09-18T03:57:00
ORD_BULK_06236,DISH_BULK_1162,CUST_00779,2026-09-18T03:37:00
ORD_BULK_06237,DISH_BULK_2763,CUST_01481,2026-09-18T10:35:00
ORD_BULK_06238,DISH_BULK_2177,CUST_02265,2026-09-13T23:41:00
ORD_BULK_06239,DISH_BULK_0791,CUST_03269,2026-09-15T14:20:00
ORD_BULK_06240,DISH_BULK_2336,CUST_02131,2026-09-12T07:21:00
ORD_BULK_06241,DISH_BULK_0434,CUST_02968,2026-09-18T13:21:00
ORD_BULK_06242,DISH_BULK_1147,CUST_02616,2026-09-13T03:27:00
ORD_BULK_06243,DISH_BULK_0796,CUST_02450,2026-09-17T12:58:00
ORD_BULK_06244,DISH_BULK_1335,CUST_00750,2026-09-17T16:48:00
ORD_BULK_06245,DISH_BULK_1989,CUST_01536,2026-09-13T03:04:00
ORD_BULK_06246,DISH_BULK_1558,CUST_01984,2026-09-18T11:48:00
ORD_BULK_06247,DISH_BULK_1062,CUST_03820,2026-09-16T19:09:00
ORD_BULK_06248,DISH_BULK_1834,CUST_02202,2026-09-14T05:13:00
ORD_BULK_06249,DISH_BULK_0553,CUST_01044,2026-09-17T05:28:00
ORD_BULK_06250,DISH_BULK_0249,CUST_01035,2026-09-11T17:58:00
ORD_BULK_06251,DISH_BULK_1496,CUST_03331,2026-09-16T14:22:00
ORD_BULK_06252,DISH_BULK_1564,CUST_00014,2026-09-11T02:10:00
ORD_BULK_06253,DISH_BULK_0727,CUST_03326,2026-09-13T05:34:00
ORD_BULK_06254,DISH_BULK_1981,CUST_01863,2026-09-16T14:21:00
ORD_BULK_06255,DISH_BULK_2344,CUST_03364,2026-09-13T11:39:00
ORD_BULK_06256,DISH_BULK_2047,CUST_02325,2026-09-15T02:49:00
ORD_BULK_06257,DISH_BULK_0769,CUST_01089,2026-09-10T21:55:00
ORD_BULK_06258,DISH_BULK_1705,CUST_02573,2026-09-15T21:40:00
ORD_BULK_06259,DISH_BULK_2392,CUST_00443,2026-09-15T18:04:00
ORD_BULK_06260,DISH_BULK_1744,CUST_01585,2026-09-13T21:30:00
ORD_BULK_06261,DISH_BULK_0443,CUST_00573,2026-09-12T09:27:00
ORD_BULK_06262,DISH_BULK_0457,CUST_01481,2026-09-10T22:52:00
ORD_BULK_06263,DISH_BULK_0122,CUST_03471,2026-09-11T03:11:00
ORD_BULK_06264,DISH_BULK_1090,CUST_00441,2026-09-16T13:46:00
ORD_BULK_06265,DISH_BULK_2146,CUST_01100,2026-09-11T18:47:00
ORD_BULK_06266,DISH_BULK_0346,CUST_03792,2026-09-18T03:31:00
ORD_BULK_06267,DISH_BULK_1687,CUST_00840,2026-09-10T18:54:00
ORD_BULK_06268,DISH_BULK_2658,CUST_02321,2026-09-11T00:21:00
ORD_BULK_06269,DISH_PNR_041,CUST_00457,2026-09-14T04:11:00
ORD_BULK_06270,DISH_BULK_2511,CUST_02948,2026-09-13T11:41:00
ORD_BULK_06271,DISH_BULK_1118,CUST_01761,2026-09-13T01:43:00
ORD_BULK_06272,DISH_BULK_0898,CUST_00903,2026-09-17T08:50:00
ORD_BULK_06273,DISH_BULK_2426,CUST_02338,2026-09-13T08:50:00
ORD_BULK_06274,DISH_BULK_2217,CUST_01449,2026-09-13T00:32:00
ORD_BULK_06275,DISH_BULK_0575,CUST_00095,2026-09-16T15:11:00
ORD_BULK_06276,DISH_BULK_2346,CUST_01298,2026-09-12T20:02:00
ORD_BULK_06277,DISH_BULK_0657,CUST_03301,2026-09-14T16:39:00
ORD_BULK_06278,DISH_BULK_0786,CUST_02219,2026-09-17T08:17:00
ORD_BULK_06279,DISH_BULK_0025,CUST_03910,2026-09-12T03:47:00
ORD_BULK_06280,DISH_BULK_0327,CUST_02340,2026-09-17T07:41:00
ORD_BULK_06281,DISH_BULK_1058,CUST_03316,2026-09-15T20:46:00
ORD_BULK_06282,DISH_BULK_0464,CUST_00392,2026-09-13T03:13:00
ORD_BULK_06283,DISH_BULK_1618,CUST_00906,2026-09-13T02:05:00
ORD_BULK_06284,DISH_BULK_1836,CUST_02497,2026-09-12T05:13:00
ORD_BULK_06285,DISH_BULK_0664,CUST_03759,2026-09-12T20:10:00
ORD_BULK_06286,DISH_BULK_1098,CUST_00440,2026-09-10T08:51:00
ORD_BULK_06287,DISH_BULK_0932,CUST_02750,2026-09-13T20:14:00
ORD_BULK_06288,DISH_BULK_1736,CUST_02375,2026-09-17T03:45:00
ORD_BULK_06289,DISH_BULK_1537,CUST_01828,2026-09-12T18:16:00
ORD_BULK_06290,DISH_BULK_0905,CUST_00412,2026-09-11T06:23:00
ORD_BULK_06291,DISH_BULK_1627,CUST_02919,2026-09-15T09:16:00
ORD_BULK_06292,DISH_BULK_1766,CUST_00616,2026-09-14T16:59:00
ORD_BULK_06293,DISH_BULK_2473,CUST_03075,2026-09-14T15:48:00
ORD_BULK_06294,DISH_BULK_0048,CUST_02218,2026-09-13T10:11:00
ORD_BULK_06295,DISH_BULK_0794,CUST_03612,2026-09-17T23:51:00
ORD_BULK_06296,DISH_BULK_1967,CUST_01789,2026-09-16T07:04:00
ORD_BULK_06297,DISH_BULK_1356,CUST_01320,2026-09-10T13:39:00
ORD_BULK_06298,DISH_BULK_1998,CUST_02079,2026-09-17T08:06:00
ORD_BULK_06299,DISH_BULK_1542,CUST_03434,2026-09-15T08:44:00
ORD_BULK_06300,DISH_BULK_2438,CUST_00842,2026-09-14T13:50:00
ORD_BULK_06301,DISH_BULK_0545,CUST_02882,2026-09-11T05:07:00
ORD_BULK_06302,DISH_BULK_2415,CUST_03429,2026-09-18T06:51:00
ORD_BULK_06303,DISH_BULK_2752,CUST_01547,2026-09-12T05:58:00
ORD_BULK_06304,DISH_BULK_1608,CUST_00849,2026-09-12T19:30:00
ORD_BULK_06305,DISH_BULK_1241,CUST_01447,2026-09-14T22:37:00
ORD_BULK_06306,DISH_BULK_1076,CUST_01019,2026-09-18T11:13:00
ORD_BULK_06307,DISH_BULK_1144,CUST_03681,2026-09-12T23:02:00
ORD_BULK_06308,DISH_BULK_1508,CUST_02460,2026-09-15T16:15:00
ORD_BULK_06309,DISH_BULK_0053,CUST_02812,2026-09-16T17:49:00
ORD_BULK_06310,DISH_BULK_0953,CUST_02644,2026-09-18T06:29:00
ORD_BULK_06311,DISH_BULK_0218,CUST_01853,2026-09-18T10:42:00
ORD_BULK_06312,DISH_BULK_0043,CUST_01593,2026-09-16T20:06:00
ORD_BULK_06313,DISH_BULK_1367,CUST_01473,2026-09-14T16:01:00
ORD_BULK_06314,DISH_BULK_0037,CUST_02011,2026-09-15T07:08:00
ORD_BULK_06315,DISH_BULK_2920,CUST_01825,2026-09-15T03:49:00
ORD_BULK_06316,DISH_BULK_0320,CUST_01792,2026-09-13T05:36:00
ORD_BULK_06317,DISH_BULK_1380,CUST_00937,2026-09-13T09:29:00
ORD_BULK_06318,DISH_BULK_1455,CUST_03734,2026-09-13T06:57:00
ORD_BULK_06319,DISH_BULK_1914,CUST_00648,2026-09-12T06:01:00
ORD_BULK_06320,DISH_BULK_0851,CUST_03497,2026-09-16T23:52:00
ORD_BULK_06321,DISH_BULK_2595,CUST_02119,2026-09-17T03:35:00
ORD_BULK_06322,DISH_BULK_2128,CUST_03319,2026-09-12T13:26:00
ORD_BULK_06323,DISH_BULK_0102,CUST_01563,2026-09-14T11:33:00
ORD_BULK_06324,DISH_BULK_0150,CUST_03116,2026-09-12T22:25:00
ORD_BULK_06325,DISH_BULK_0322,CUST_02897,2026-09-12T03:21:00
ORD_BULK_06326,DISH_BULK_0332,CUST_02521,2026-09-18T05:52:00
ORD_BULK_06327,DISH_BULK_2218,CUST_00206,2026-09-13T04:22:00
ORD_BULK_06328,DISH_BULK_0278,CUST_02152,2026-09-13T05:40:00
ORD_BULK_06329,DISH_BULK_1809,CUST_00611,2026-09-13T16:03:00
ORD_BULK_06330,DISH_BULK_0534,CUST_03517,2026-09-15T07:01:00
ORD_BULK_06331,DISH_BULK_1094,CUST_03568,2026-09-12T10:47:00
ORD_BULK_06332,DISH_BULK_0892,CUST_01678,2026-09-13T21:05:00
ORD_BULK_06333,DISH_BULK_0636,CUST_02133,2026-09-11T02:14:00
ORD_BULK_06334,DISH_BULK_0903,CUST_03571,2026-09-11T09:11:00
ORD_BULK_06335,DISH_BULK_2497,CUST_00214,2026-09-16T20:21:00
ORD_BULK_06336,DISH_BULK_2635,CUST_03208,2026-09-12T08:02:00
ORD_BULK_06337,DISH_BULK_1134,CUST_02245,2026-09-15T16:24:00
ORD_BULK_06338,DISH_BULK_1687,CUST_03666,2026-09-12T05:51:00
ORD_BULK_06339,DISH_BULK_0921,CUST_00071,2026-09-12T13:21:00
ORD_BULK_06340,DISH_BULK_2422,CUST_02919,2026-09-11T05:02:00
ORD_BULK_06341,DISH_BULK_0229,CUST_03166,2026-09-11T11:43:00
ORD_BULK_06342,DISH_BULK_1056,CUST_03348,2026-09-12T08:48:00
ORD_BULK_06343,DISH_BULK_2141,CUST_00509,2026-09-15T14:18:00
ORD_BULK_06344,DISH_BULK_2220,CUST_03117,2026-09-14T12:44:00
ORD_BULK_06345,DISH_BULK_2916,CUST_00733,2026-09-12T01:42:00
ORD_BULK_06346,DISH_BULK_2139,CUST_03819,2026-09-12T11:00:00
ORD_BULK_06347,DISH_BULK_0960,CUST_03224,2026-09-10T10:23:00
ORD_BULK_06348,DISH_BULK_1287,CUST_03504,2026-09-12T06:54:00
ORD_BULK_06349,DISH_BULK_1069,CUST_02103,2026-09-10T13:39:00
ORD_BULK_06350,DISH_BULK_2005,CUST_02067,2026-09-10T23:31:00
ORD_BULK_06351,DISH_BULK_1567,CUST_00553,2026-09-12T05:36:00
ORD_BULK_06352,DISH_BULK_0152,CUST_01922,2026-09-12T02:34:00
ORD_BULK_06353,DISH_BULK_0495,CUST_00991,2026-09-17T06:17:00
ORD_BULK_06354,DISH_BULK_1458,CUST_02351,2026-09-13T12:15:00
ORD_BULK_06355,DISH_BULK_1848,CUST_01007,2026-09-15T12:13:00
ORD_BULK_06356,DISH_BULK_0671,CUST_02910,2026-09-11T14:00:00
ORD_BULK_06357,DISH_BULK_2876,CUST_01017,2026-09-12T04:15:00
ORD_BULK_06358,DISH_BULK_2575,CUST_02483,2026-09-10T19:32:00
ORD_BULK_06359,DISH_BULK_0228,CUST_01546,2026-09-11T21:06:00
ORD_BULK_06360,DISH_PNR_003,CUST_01177,2026-09-15T13:49:00
ORD_BULK_06361,DISH_BULK_2120,CUST_03273,2026-09-15T21:47:00
ORD_BULK_06362,DISH_BULK_2729,CUST_03090,2026-09-14T19:51:00
ORD_BULK_06363,DISH_BULK_2208,CUST_02218,2026-09-18T14:18:00
ORD_BULK_06364,DISH_BULK_1608,CUST_03641,2026-09-16T07:22:00
ORD_BULK_06365,DISH_BULK_1865,CUST_03941,2026-09-17T16:46:00
ORD_BULK_06366,DISH_BULK_2082,CUST_01450,2026-09-17T05:20:00
ORD_BULK_06367,DISH_BULK_2319,CUST_02943,2026-09-14T22:38:00
ORD_BULK_06368,DISH_BULK_0983,CUST_02145,2026-09-14T23:19:00
ORD_BULK_06369,DISH_BULK_0637,CUST_02061,2026-09-16T00:27:00
ORD_BULK_06370,DISH_BULK_0471,CUST_03297,2026-09-10T17:56:00
ORD_BULK_06371,DISH_BULK_0801,CUST_00301,2026-09-17T03:47:00
ORD_BULK_06372,DISH_BULK_1459,CUST_03449,2026-09-13T17:29:00
ORD_BULK_06373,DISH_BULK_0427,CUST_02476,2026-09-15T00:36:00
ORD_BULK_06374,DISH_BULK_1521,CUST_01540,2026-09-13T17:47:00
ORD_BULK_06375,DISH_BULK_1484,CUST_00098,2026-09-13T21:53:00
ORD_BULK_06376,DISH_BULK_1949,CUST_00814,2026-09-10T12:22:00
ORD_BULK_06377,DISH_BULK_0836,CUST_01784,2026-09-17T14:20:00
ORD_BULK_06378,DISH_BULK_0556,CUST_01843,2026-09-17T01:13:00
ORD_BULK_06379,DISH_BULK_0526,CUST_02659,2026-09-13T18:27:00
ORD_BULK_06380,DISH_BULK_1577,CUST_01002,2026-09-11T22:51:00
ORD_BULK_06381,DISH_BULK_0021,CUST_03689,2026-09-12T22:00:00
ORD_BULK_06382,DISH_BULK_1752,CUST_01036,2026-09-15T20:55:00
ORD_BULK_06383,DISH_BULK_1589,CUST_01911,2026-09-18T10:39:00
ORD_BULK_06384,DISH_BULK_1859,CUST_01522,2026-09-12T15:53:00
ORD_BULK_06385,DISH_BULK_1851,CUST_00535,2026-09-15T01:32:00
ORD_BULK_06386,DISH_BULK_0164,CUST_01006,2026-09-11T23:44:00
ORD_BULK_06387,DISH_BULK_2575,CUST_03780,2026-09-11T11:39:00
ORD_BULK_06388,DISH_BULK_1164,CUST_01533,2026-09-10T22:30:00
ORD_BULK_06389,DISH_BULK_1389,CUST_01906,2026-09-14T17:33:00
ORD_BULK_06390,DISH_BULK_2630,CUST_03573,2026-09-15T06:20:00
ORD_BULK_06391,DISH_BULK_0273,CUST_02451,2026-09-13T16:16:00
ORD_BULK_06392,DISH_BULK_1407,CUST_03364,2026-09-16T03:57:00
ORD_BULK_06393,DISH_BULK_2213,CUST_01955,2026-09-10T19:03:00
ORD_BULK_06394,DISH_BULK_1917,CUST_00278,2026-09-14T08:15:00
ORD_BULK_06395,DISH_BULK_1311,CUST_00793,2026-09-13T20:44:00
ORD_BULK_06396,DISH_BULK_2029,CUST_00680,2026-09-10T11:01:00
ORD_BULK_06397,DISH_BULK_0368,CUST_00598,2026-09-18T10:10:00
ORD_BULK_06398,DISH_BULK_2254,CUST_01105,2026-09-11T00:21:00
ORD_BULK_06399,DISH_BULK_0055,CUST_02087,2026-09-12T19:43:00
ORD_BULK_06400,DISH_BULK_2537,CUST_02135,2026-09-14T13:22:00
ORD_BULK_06401,DISH_BULK_0052,CUST_01837,2026-09-14T22:09:00
ORD_BULK_06402,DISH_BULK_1322,CUST_03271,2026-09-17T07:22:00
ORD_BULK_06403,DISH_BULK_1839,CUST_01422,2026-09-17T09:47:00
ORD_BULK_06404,DISH_BULK_1291,CUST_01168,2026-09-14T12:28:00
ORD_BULK_06405,DISH_BULK_0162,CUST_03282,2026-09-16T05:10:00
ORD_BULK_06406,DISH_BULK_2352,CUST_00506,2026-09-15T07:42:00
ORD_BULK_06407,DISH_BULK_1950,CUST_01776,2026-09-16T04:20:00
ORD_BULK_06408,DISH_BULK_0102,CUST_02730,2026-09-16T13:38:00
ORD_BULK_06409,DISH_BULK_2938,CUST_03068,2026-09-16T18:39:00
ORD_BULK_06410,DISH_BULK_2026,CUST_00276,2026-09-12T01:52:00
ORD_BULK_06411,DISH_BULK_1501,CUST_01353,2026-09-17T20:23:00
ORD_BULK_06412,DISH_BULK_2879,CUST_01802,2026-09-18T15:44:00
ORD_BULK_06413,DISH_BULK_2913,CUST_02602,2026-09-13T08:56:00
ORD_BULK_06414,DISH_BULK_0543,CUST_00583,2026-09-12T13:36:00
ORD_BULK_06415,DISH_BULK_0335,CUST_02527,2026-09-14T16:49:00
ORD_BULK_06416,DISH_BULK_1083,CUST_01616,2026-09-12T20:08:00
ORD_BULK_06417,DISH_BULK_0125,CUST_00181,2026-09-13T18:42:00
ORD_BULK_06418,DISH_BULK_0003,CUST_03906,2026-09-11T20:18:00
ORD_BULK_06419,DISH_BULK_0750,CUST_01714,2026-09-16T19:27:00
ORD_BULK_06420,DISH_BULK_0747,CUST_01711,2026-09-12T01:24:00
ORD_BULK_06421,DISH_BULK_1702,CUST_02241,2026-09-16T19:09:00
ORD_BULK_06422,DISH_BULK_0999,CUST_03753,2026-09-12T17:30:00
ORD_BULK_06423,DISH_PNR_003,CUST_00272,2026-09-12T04:37:00
ORD_BULK_06424,DISH_BULK_0107,CUST_01088,2026-09-18T14:35:00
ORD_BULK_06425,DISH_BULK_1930,CUST_03224,2026-09-11T02:02:00
ORD_BULK_06426,DISH_BULK_0851,CUST_01919,2026-09-12T05:13:00
ORD_BULK_06427,DISH_BULK_2709,CUST_02022,2026-09-11T15:11:00
ORD_BULK_06428,DISH_BULK_0281,CUST_02742,2026-09-15T13:30:00
ORD_BULK_06429,DISH_BULK_1357,CUST_02527,2026-09-18T14:46:00
ORD_BULK_06430,DISH_BULK_1478,CUST_03485,2026-09-15T16:02:00
ORD_BULK_06431,DISH_BULK_1011,CUST_02364,2026-09-16T16:31:00
ORD_BULK_06432,DISH_BULK_2198,CUST_03643,2026-09-14T02:16:00
ORD_BULK_06433,DISH_BULK_2540,CUST_02724,2026-09-14T01:09:00
ORD_BULK_06434,DISH_BULK_2111,CUST_00638,2026-09-17T22:20:00
ORD_BULK_06435,DISH_BULK_2747,CUST_03422,2026-09-18T11:40:00
ORD_BULK_06436,DISH_BULK_2369,CUST_02131,2026-09-18T02:23:00
ORD_BULK_06437,DISH_BULK_1096,CUST_03303,2026-09-17T02:09:00
ORD_BULK_06438,DISH_BULK_0958,CUST_00927,2026-09-10T14:04:00
ORD_BULK_06439,DISH_BULK_1731,CUST_01980,2026-09-13T10:19:00
ORD_BULK_06440,DISH_BULK_1298,CUST_03850,2026-09-16T02:56:00
ORD_BULK_06441,DISH_BULK_1185,CUST_02044,2026-09-18T13:46:00
ORD_BULK_06442,DISH_BULK_1611,CUST_00211,2026-09-17T01:34:00
ORD_BULK_06443,DISH_BULK_1184,CUST_03284,2026-09-13T06:21:00
ORD_BULK_06444,DISH_BULK_0390,CUST_03376,2026-09-12T00:24:00
ORD_BULK_06445,DISH_BULK_2227,CUST_00916,2026-09-12T19:47:00
ORD_BULK_06446,DISH_BULK_0972,CUST_01902,2026-09-12T01:50:00
ORD_BULK_06447,DISH_BULK_0357,CUST_02857,2026-09-16T12:03:00
ORD_BULK_06448,DISH_BULK_2025,CUST_01487,2026-09-15T00:40:00
ORD_BULK_06449,DISH_BULK_1591,CUST_01718,2026-09-16T18:42:00
ORD_BULK_06450,DISH_BULK_1310,CUST_01226,2026-09-11T06:09:00
ORD_BULK_06451,DISH_BULK_0947,CUST_00666,2026-09-17T10:08:00
ORD_BULK_06452,DISH_BULK_1924,CUST_03886,2026-09-17T21:00:00
ORD_BULK_06453,DISH_BULK_0225,CUST_03175,2026-09-13T21:43:00
ORD_BULK_06454,DISH_BULK_0187,CUST_01785,2026-09-14T22:50:00
ORD_BULK_06455,DISH_BULK_1724,CUST_00631,2026-09-15T01:06:00
ORD_BULK_06456,DISH_BULK_1892,CUST_00126,2026-09-14T03:08:00
ORD_BULK_06457,DISH_BULK_1471,CUST_00485,2026-09-13T20:06:00
ORD_BULK_06458,DISH_BULK_0919,CUST_01993,2026-09-15T22:18:00
ORD_BULK_06459,DISH_BULK_1577,CUST_02411,2026-09-12T18:26:00
ORD_BULK_06460,DISH_BULK_1614,CUST_01762,2026-09-13T00:12:00
ORD_BULK_06461,DISH_BULK_1127,CUST_00997,2026-09-17T06:43:00
ORD_BULK_06462,DISH_BULK_0629,CUST_01377,2026-09-12T03:28:00
ORD_BULK_06463,DISH_BULK_2403,CUST_01340,2026-09-17T02:03:00
ORD_BULK_06464,DISH_BULK_1497,CUST_03495,2026-09-11T06:37:00
ORD_BULK_06465,DISH_BULK_0366,CUST_00337,2026-09-11T06:28:00
ORD_BULK_06466,DISH_PNR_035,CUST_00615,2026-09-16T11:33:00
ORD_BULK_06467,DISH_BULK_1709,CUST_02018,2026-09-11T09:12:00
ORD_BULK_06468,DISH_BULK_2810,CUST_02655,2026-09-12T01:28:00
ORD_BULK_06469,DISH_BULK_0164,CUST_00009,2026-09-15T16:40:00
ORD_BULK_06470,DISH_BULK_0681,CUST_00134,2026-09-11T20:26:00
ORD_BULK_06471,DISH_BULK_1147,CUST_03456,2026-09-14T12:09:00
ORD_BULK_06472,DISH_BULK_2734,CUST_02809,2026-09-18T07:08:00
ORD_BULK_06473,DISH_BULK_1417,CUST_02729,2026-09-16T20:11:00
ORD_BULK_06474,DISH_BULK_0312,CUST_00166,2026-09-12T05:06:00
ORD_BULK_06475,DISH_BULK_1222,CUST_01353,2026-09-11T11:17:00
ORD_BULK_06476,DISH_BULK_0113,CUST_02388,2026-09-11T06:29:00
ORD_BULK_06477,DISH_BULK_0115,CUST_02517,2026-09-10T08:03:00
ORD_BULK_06478,DISH_BULK_0741,CUST_03234,2026-09-12T06:24:00
ORD_BULK_06479,DISH_BULK_1554,CUST_03376,2026-09-15T21:54:00
ORD_BULK_06480,DISH_BULK_0394,CUST_01095,2026-09-17T02:01:00
ORD_BULK_06481,DISH_BULK_1147,CUST_02521,2026-09-16T07:39:00
ORD_BULK_06482,DISH_BULK_0247,CUST_03408,2026-09-17T07:19:00
ORD_BULK_06483,DISH_BULK_1119,CUST_00568,2026-09-11T01:44:00
ORD_BULK_06484,DISH_BULK_1847,CUST_02483,2026-09-13T06:59:00
ORD_BULK_06485,DISH_BULK_0598,CUST_02636,2026-09-18T07:07:00
ORD_BULK_06486,DISH_BULK_2062,CUST_00394,2026-09-15T23:33:00
ORD_BULK_06487,DISH_BULK_2438,CUST_00917,2026-09-18T04:09:00
ORD_BULK_06488,DISH_BULK_1116,CUST_00132,2026-09-14T19:25:00
ORD_BULK_06489,DISH_BULK_1341,CUST_02724,2026-09-12T04:27:00
ORD_BULK_06490,DISH_BULK_2800,CUST_01937,2026-09-15T11:33:00
ORD_BULK_06491,DISH_BULK_1423,CUST_03899,2026-09-16T02:57:00
ORD_BULK_06492,DISH_BULK_1209,CUST_01203,2026-09-17T18:26:00
ORD_BULK_06493,DISH_BULK_2844,CUST_03337,2026-09-14T21:31:00
ORD_BULK_06494,DISH_BULK_1666,CUST_03306,2026-09-13T00:12:00
ORD_BULK_06495,DISH_BULK_1220,CUST_02729,2026-09-14T01:11:00
ORD_BULK_06496,DISH_BULK_0816,CUST_00986,2026-09-15T13:57:00
ORD_BULK_06497,DISH_BULK_0563,CUST_02881,2026-09-12T02:23:00
ORD_BULK_06498,DISH_BULK_0104,CUST_00326,2026-09-11T00:02:00
ORD_BULK_06499,DISH_BULK_2361,CUST_03585,2026-09-11T16:08:00
ORD_BULK_06500,DISH_BULK_0558,CUST_00442,2026-09-15T10:35:00
ORD_BULK_06501,DISH_BULK_0470,CUST_00612,2026-09-18T13:21:00
ORD_BULK_06502,DISH_BULK_0254,CUST_01158,2026-09-14T02:51:00
ORD_BULK_06503,DISH_BULK_2770,CUST_01311,2026-09-16T22:10:00
ORD_BULK_06504,DISH_BULK_0933,CUST_02944,2026-09-15T19:30:00
ORD_BULK_06505,DISH_BULK_1737,CUST_01679,2026-09-11T17:28:00
ORD_BULK_06506,DISH_BULK_2593,CUST_02738,2026-09-17T23:24:00
ORD_BULK_06507,DISH_BULK_2215,CUST_02988,2026-09-17T00:28:00
ORD_BULK_06508,DISH_BULK_1193,CUST_03840,2026-09-18T09:38:00
ORD_BULK_06509,DISH_BULK_0813,CUST_03669,2026-09-15T17:13:00
ORD_BULK_06510,DISH_BULK_2641,CUST_00139,2026-09-14T11:27:00
ORD_BULK_06511,DISH_BULK_0595,CUST_01601,2026-09-12T12:17:00
ORD_BULK_06512,DISH_BULK_1367,CUST_00271,2026-09-10T21:21:00
ORD_BULK_06513,DISH_BULK_0082,CUST_03446,2026-09-13T04:51:00
ORD_BULK_06514,DISH_BULK_1549,CUST_00765,2026-09-15T23:52:00
ORD_BULK_06515,DISH_BULK_1852,CUST_02697,2026-09-14T20:32:00
ORD_BULK_06516,DISH_BULK_2858,CUST_03534,2026-09-14T00:21:00
ORD_BULK_06517,DISH_BULK_1795,CUST_00545,2026-09-14T01:16:00
ORD_BULK_06518,DISH_BULK_2851,CUST_01730,2026-09-17T19:47:00
ORD_BULK_06519,DISH_BULK_1243,CUST_03925,2026-09-16T18:42:00
ORD_BULK_06520,DISH_BULK_2820,CUST_00754,2026-09-10T10:01:00
ORD_BULK_06521,DISH_BULK_0626,CUST_03909,2026-09-13T04:25:00
ORD_BULK_06522,DISH_BULK_1657,CUST_00382,2026-09-15T20:57:00
ORD_BULK_06523,DISH_BULK_1324,CUST_00607,2026-09-10T19:28:00
ORD_BULK_06524,DISH_BULK_0528,CUST_00984,2026-09-16T04:01:00
ORD_BULK_06525,DISH_BULK_2427,CUST_02029,2026-09-13T11:52:00
ORD_BULK_06526,DISH_BULK_0782,CUST_02953,2026-09-12T09:17:00
ORD_BULK_06527,DISH_BULK_1665,CUST_00158,2026-09-10T10:31:00
ORD_BULK_06528,DISH_BULK_2540,CUST_01478,2026-09-18T10:15:00
ORD_BULK_06529,DISH_BULK_1358,CUST_03278,2026-09-17T07:54:00
ORD_BULK_06530,DISH_BULK_1481,CUST_01382,2026-09-10T08:44:00
ORD_BULK_06531,DISH_BULK_0382,CUST_01978,2026-09-16T00:49:00
ORD_BULK_06532,DISH_BULK_0780,CUST_00865,2026-09-12T00:21:00
ORD_BULK_06533,DISH_BULK_1315,CUST_02787,2026-09-17T19:51:00
ORD_BULK_06534,DISH_BULK_2022,CUST_01121,2026-09-16T08:57:00
ORD_BULK_06535,DISH_BULK_1554,CUST_03644,2026-09-16T08:22:00
ORD_BULK_06536,DISH_BULK_2372,CUST_02509,2026-09-17T07:10:00
ORD_BULK_06537,DISH_BULK_0759,CUST_01782,2026-09-18T15:41:00
ORD_BULK_06538,DISH_BULK_0115,CUST_01864,2026-09-18T12:21:00
ORD_BULK_06539,DISH_BULK_2374,CUST_02242,2026-09-13T15:14:00
ORD_BULK_06540,DISH_BULK_2160,CUST_03096,2026-09-15T12:38:00
ORD_BULK_06541,DISH_BULK_0136,CUST_01166,2026-09-14T02:49:00
ORD_BULK_06542,DISH_BULK_0027,CUST_01669,2026-09-17T00:55:00
ORD_BULK_06543,DISH_BULK_2522,CUST_03953,2026-09-11T01:08:00
ORD_BULK_06544,DISH_BULK_1897,CUST_03398,2026-09-15T01:56:00
ORD_BULK_06545,DISH_BULK_1852,CUST_03745,2026-09-17T06:13:00
ORD_BULK_06546,DISH_BULK_2296,CUST_00946,2026-09-13T22:03:00
ORD_BULK_06547,DISH_BULK_2374,CUST_00913,2026-09-15T10:40:00
ORD_BULK_06548,DISH_BULK_1038,CUST_01230,2026-09-17T18:03:00
ORD_BULK_06549,DISH_BULK_0112,CUST_03346,2026-09-12T22:39:00
ORD_BULK_06550,DISH_BULK_2691,CUST_03705,2026-09-16T22:15:00
ORD_BULK_06551,DISH_BULK_0994,CUST_01618,2026-09-13T08:27:00
ORD_BULK_06552,DISH_PNR_018,CUST_02174,2026-09-12T22:35:00
ORD_BULK_06553,DISH_BULK_0120,CUST_00909,2026-09-15T10:40:00
ORD_BULK_06554,DISH_BULK_0932,CUST_01627,2026-09-10T08:36:00
ORD_BULK_06555,DISH_BULK_1715,CUST_00196,2026-09-11T04:46:00
ORD_BULK_06556,DISH_BULK_1074,CUST_02193,2026-09-16T13:14:00
ORD_BULK_06557,DISH_BULK_1661,CUST_00067,2026-09-16T01:00:00
ORD_BULK_06558,DISH_BULK_2575,CUST_03228,2026-09-13T19:36:00
ORD_BULK_06559,DISH_BULK_2412,CUST_02717,2026-09-10T21:58:00
ORD_BULK_06560,DISH_BULK_1988,CUST_02377,2026-09-12T18:16:00
ORD_BULK_06561,DISH_BULK_2141,CUST_02709,2026-09-16T14:49:00
ORD_BULK_06562,DISH_BULK_1131,CUST_03194,2026-09-11T15:38:00
ORD_BULK_06563,DISH_BULK_0915,CUST_03792,2026-09-14T18:13:00
ORD_BULK_06564,DISH_BULK_2250,CUST_02973,2026-09-14T01:43:00
ORD_BULK_06565,DISH_BULK_0679,CUST_02233,2026-09-17T19:09:00
ORD_BULK_06566,DISH_BULK_0774,CUST_00059,2026-09-18T03:04:00
ORD_BULK_06567,DISH_BULK_1713,CUST_00327,2026-09-14T01:46:00
ORD_BULK_06568,DISH_BULK_2603,CUST_01006,2026-09-15T19:02:00
ORD_BULK_06569,DISH_BULK_0038,CUST_00408,2026-09-11T19:27:00
ORD_BULK_06570,DISH_BULK_2948,CUST_01058,2026-09-12T06:09:00
ORD_BULK_06571,DISH_BULK_2646,CUST_01198,2026-09-17T23:26:00
ORD_BULK_06572,DISH_BULK_1007,CUST_01703,2026-09-12T04:11:00
ORD_BULK_06573,DISH_BULK_1700,CUST_00836,2026-09-18T15:06:00
ORD_BULK_06574,DISH_BULK_0625,CUST_01481,2026-09-11T10:39:00
ORD_BULK_06575,DISH_BULK_1136,CUST_01268,2026-09-16T12:05:00
ORD_BULK_06576,DISH_BULK_2786,CUST_02248,2026-09-17T14:29:00
ORD_BULK_06577,DISH_BULK_0234,CUST_00313,2026-09-12T02:28:00
ORD_BULK_06578,DISH_BULK_0451,CUST_03495,2026-09-10T08:54:00
ORD_BULK_06579,DISH_BULK_0935,CUST_00271,2026-09-13T09:44:00
ORD_BULK_06580,DISH_BULK_0687,CUST_00465,2026-09-15T11:13:00
ORD_BULK_06581,DISH_BULK_1336,CUST_00498,2026-09-16T00:39:00
ORD_BULK_06582,DISH_BULK_2143,CUST_01906,2026-09-16T03:28:00
ORD_BULK_06583,DISH_BULK_0454,CUST_01972,2026-09-17T22:24:00
ORD_BULK_06584,DISH_BULK_2470,CUST_01140,2026-09-11T06:44:00
ORD_BULK_06585,DISH_BULK_1413,CUST_03232,2026-09-11T09:07:00
ORD_BULK_06586,DISH_BULK_1400,CUST_00723,2026-09-14T17:55:00
ORD_BULK_06587,DISH_BULK_0729,CUST_02234,2026-09-13T04:20:00
ORD_BULK_06588,DISH_BULK_2924,CUST_00075,2026-09-17T09:23:00
ORD_BULK_06589,DISH_BULK_0307,CUST_00260,2026-09-12T04:18:00
ORD_BULK_06590,DISH_BULK_0551,CUST_01402,2026-09-12T03:47:00
ORD_BULK_06591,DISH_BULK_2092,CUST_03340,2026-09-18T04:17:00
ORD_BULK_06592,DISH_BULK_2144,CUST_00796,2026-09-15T18:42:00
ORD_BULK_06593,DISH_BULK_2540,CUST_01440,2026-09-10T16:08:00
ORD_BULK_06594,DISH_BULK_1347,CUST_03496,2026-09-14T18:17:00
ORD_BULK_06595,DISH_BULK_1725,CUST_00425,2026-09-16T03:55:00
ORD_BULK_06596,DISH_BULK_1602,CUST_00870,2026-09-12T05:44:00
ORD_BULK_06597,DISH_BULK_0732,CUST_02544,2026-09-17T14:04:00
ORD_BULK_06598,DISH_BULK_1934,CUST_03169,2026-09-17T00:06:00
ORD_BULK_06599,DISH_BULK_2810,CUST_00275,2026-09-12T21:55:00
ORD_BULK_06600,DISH_BULK_2645,CUST_03825,2026-09-15T22:59:00
ORD_BULK_06601,DISH_BULK_2237,CUST_03158,2026-09-15T13:01:00
ORD_BULK_06602,DISH_BULK_1540,CUST_01320,2026-09-17T15:27:00
ORD_BULK_06603,DISH_BULK_1464,CUST_00816,2026-09-10T19:27:00
ORD_BULK_06604,DISH_BULK_0103,CUST_01856,2026-09-12T11:21:00
ORD_BULK_06605,DISH_PNR_016,CUST_02339,2026-09-14T09:03:00
ORD_BULK_06606,DISH_BULK_0024,CUST_02723,2026-09-14T13:43:00
ORD_BULK_06607,DISH_BULK_2611,CUST_01388,2026-09-15T01:28:00
ORD_BULK_06608,DISH_PNR_031,CUST_03972,2026-09-13T22:03:00
ORD_BULK_06609,DISH_BULK_1852,CUST_00350,2026-09-11T20:36:00
ORD_BULK_06610,DISH_BULK_0347,CUST_02436,2026-09-16T06:08:00
ORD_BULK_06611,DISH_BULK_2253,CUST_03139,2026-09-11T15:48:00
ORD_BULK_06612,DISH_BULK_2382,CUST_00557,2026-09-15T17:16:00
ORD_BULK_06613,DISH_BULK_1978,CUST_02268,2026-09-16T14:37:00
ORD_BULK_06614,DISH_BULK_2927,CUST_03120,2026-09-14T05:02:00
ORD_BULK_06615,DISH_BULK_0444,CUST_02560,2026-09-10T16:52:00
ORD_BULK_06616,DISH_BULK_2567,CUST_01299,2026-09-13T03:11:00
ORD_BULK_06617,DISH_BULK_1232,CUST_02200,2026-09-15T04:13:00
ORD_BULK_06618,DISH_BULK_1155,CUST_00160,2026-09-11T13:06:00
ORD_BULK_06619,DISH_BULK_0178,CUST_03847,2026-09-13T17:58:00
ORD_BULK_06620,DISH_BULK_2677,CUST_03949,2026-09-11T21:23:00
ORD_BULK_06621,DISH_BULK_2804,CUST_01058,2026-09-14T15:39:00
ORD_BULK_06622,DISH_BULK_0580,CUST_01150,2026-09-14T04:49:00
ORD_BULK_06623,DISH_BULK_1641,CUST_00305,2026-09-16T08:59:00
ORD_BULK_06624,DISH_BULK_1444,CUST_00308,2026-09-16T00:03:00
ORD_BULK_06625,DISH_BULK_1217,CUST_03026,2026-09-13T17:52:00
ORD_BULK_06626,DISH_BULK_1620,CUST_00094,2026-09-10T15:08:00
ORD_BULK_06627,DISH_BULK_1121,CUST_01343,2026-09-12T10:27:00
ORD_BULK_06628,DISH_BULK_2869,CUST_00382,2026-09-11T21:31:00
ORD_BULK_06629,DISH_BULK_2104,CUST_02470,2026-09-17T03:42:00
ORD_BULK_06630,DISH_BULK_0364,CUST_01485,2026-09-11T14:57:00
ORD_BULK_06631,DISH_BULK_0343,CUST_03993,2026-09-13T08:08:00
ORD_BULK_06632,DISH_BULK_1321,CUST_01304,2026-09-11T17:47:00
ORD_BULK_06633,DISH_BULK_0702,CUST_02361,2026-09-12T17:58:00
ORD_BULK_06634,DISH_BULK_2338,CUST_03279,2026-09-11T05:31:00
ORD_BULK_06635,DISH_BULK_0902,CUST_00202,2026-09-13T11:30:00
ORD_BULK_06636,DISH_BULK_1229,CUST_03447,2026-09-16T14:14:00
ORD_BULK_06637,DISH_BULK_2171,CUST_03740,2026-09-11T05:45:00
ORD_BULK_06638,DISH_BULK_2873,CUST_02249,2026-09-16T21:39:00
ORD_BULK_06639,DISH_BULK_2782,CUST_02237,2026-09-13T17:09:00
ORD_BULK_06640,DISH_BULK_2216,CUST_02695,2026-09-13T17:14:00
ORD_BULK_06641,DISH_BULK_0365,CUST_03668,2026-09-14T22:13:00
ORD_BULK_06642,DISH_BULK_0120,CUST_01278,2026-09-15T02:44:00
ORD_BULK_06643,DISH_BULK_0334,CUST_02695,2026-09-14T03:00:00
ORD_BULK_06644,DISH_BULK_1056,CUST_03036,2026-09-10T22:12:00
ORD_BULK_06645,DISH_BULK_0514,CUST_00282,2026-09-11T09:45:00
ORD_BULK_06646,DISH_BULK_2363,CUST_00017,2026-09-11T13:10:00
ORD_BULK_06647,DISH_BULK_1907,CUST_00175,2026-09-15T16:07:00
ORD_BULK_06648,DISH_BULK_1433,CUST_01663,2026-09-16T11:59:00
ORD_BULK_06649,DISH_BULK_0391,CUST_01083,2026-09-12T03:21:00
ORD_BULK_06650,DISH_BULK_2374,CUST_03849,2026-09-16T17:14:00
ORD_BULK_06651,DISH_BULK_0968,CUST_00336,2026-09-14T03:13:00
ORD_BULK_06652,DISH_BULK_0643,CUST_00759,2026-09-17T17:04:00
ORD_BULK_06653,DISH_BULK_2284,CUST_02871,2026-09-11T12:21:00
ORD_BULK_06654,DISH_BULK_2537,CUST_03327,2026-09-10T12:35:00
ORD_BULK_06655,DISH_BULK_1880,CUST_00895,2026-09-18T14:59:00
ORD_BULK_06656,DISH_BULK_2854,CUST_00519,2026-09-12T06:14:00
ORD_BULK_06657,DISH_BULK_2749,CUST_02088,2026-09-13T01:09:00
ORD_BULK_06658,DISH_BULK_1624,CUST_00022,2026-09-18T02:04:00
ORD_BULK_06659,DISH_BULK_2096,CUST_03585,2026-09-13T10:37:00
ORD_BULK_06660,DISH_BULK_2316,CUST_03255,2026-09-18T15:17:00
ORD_BULK_06661,DISH_BULK_0722,CUST_02018,2026-09-16T13:31:00
ORD_BULK_06662,DISH_BULK_0928,CUST_00244,2026-09-15T05:20:00
ORD_BULK_06663,DISH_BULK_0818,CUST_02512,2026-09-17T22:06:00
ORD_BULK_06664,DISH_BULK_1545,CUST_00789,2026-09-16T08:07:00
ORD_BULK_06665,DISH_BULK_1152,CUST_01411,2026-09-11T21:11:00
ORD_BULK_06666,DISH_BULK_1610,CUST_03989,2026-09-17T01:19:00
ORD_BULK_06667,DISH_BULK_1639,CUST_03731,2026-09-16T21:55:00
ORD_BULK_06668,DISH_BULK_1132,CUST_01104,2026-09-13T04:00:00
ORD_BULK_06669,DISH_BULK_2478,CUST_03507,2026-09-11T18:02:00
ORD_BULK_06670,DISH_BULK_2849,CUST_01722,2026-09-13T05:37:00
ORD_BULK_06671,DISH_BULK_2609,CUST_02480,2026-09-15T23:53:00
ORD_BULK_06672,DISH_PNR_006,CUST_00470,2026-09-14T22:44:00
ORD_BULK_06673,DISH_BULK_2373,CUST_00784,2026-09-13T05:04:00
ORD_BULK_06674,DISH_BULK_2785,CUST_00526,2026-09-16T21:27:00
ORD_BULK_06675,DISH_BULK_0709,CUST_03336,2026-09-17T14:59:00
ORD_BULK_06676,DISH_BULK_2330,CUST_00492,2026-09-17T23:14:00
ORD_BULK_06677,DISH_BULK_0973,CUST_00543,2026-09-18T10:10:00
ORD_BULK_06678,DISH_BULK_0118,CUST_00946,2026-09-13T04:15:00
ORD_BULK_06679,DISH_BULK_0144,CUST_02996,2026-09-11T03:42:00
ORD_BULK_06680,DISH_BULK_2755,CUST_01617,2026-09-11T20:18:00
ORD_BULK_06681,DISH_BULK_0847,CUST_01133,2026-09-11T14:45:00
ORD_BULK_06682,DISH_BULK_2307,CUST_00012,2026-09-17T17:59:00
ORD_BULK_06683,DISH_BULK_0814,CUST_02938,2026-09-11T14:14:00
ORD_BULK_06684,DISH_BULK_2805,CUST_00057,2026-09-15T00:52:00
ORD_BULK_06685,DISH_BULK_0392,CUST_01399,2026-09-12T16:20:00
ORD_BULK_06686,DISH_BULK_1785,CUST_00592,2026-09-12T00:08:00
ORD_BULK_06687,DISH_BULK_2920,CUST_02655,2026-09-11T17:39:00
ORD_BULK_06688,DISH_BULK_1464,CUST_01332,2026-09-15T00:15:00
ORD_BULK_06689,DISH_BULK_1505,CUST_02702,2026-09-16T05:41:00
ORD_BULK_06690,DISH_BULK_2740,CUST_01127,2026-09-15T09:04:00
ORD_BULK_06691,DISH_BULK_2670,CUST_00826,2026-09-17T13:24:00
ORD_BULK_06692,DISH_BULK_0551,CUST_00847,2026-09-14T18:16:00
ORD_BULK_06693,DISH_BULK_1400,CUST_00771,2026-09-17T21:49:00
ORD_BULK_06694,DISH_BULK_2666,CUST_00995,2026-09-15T21:46:00
ORD_BULK_06695,DISH_BULK_1956,CUST_03888,2026-09-13T10:47:00
ORD_BULK_06696,DISH_BULK_1745,CUST_00201,2026-09-13T04:50:00
ORD_BULK_06697,DISH_PNR_013,CUST_01775,2026-09-15T14:35:00
ORD_BULK_06698,DISH_BULK_0603,CUST_00252,2026-09-11T00:16:00
ORD_BULK_06699,DISH_BULK_1833,CUST_02148,2026-09-13T14:56:00
ORD_BULK_06700,DISH_BULK_0788,CUST_01694,2026-09-11T14:09:00
ORD_BULK_06701,DISH_BULK_1130,CUST_00577,2026-09-13T13:23:00
ORD_BULK_06702,DISH_BULK_1098,CUST_00726,2026-09-15T04:22:00
ORD_BULK_06703,DISH_BULK_0010,CUST_01939,2026-09-16T08:36:00
ORD_BULK_06704,DISH_BULK_0221,CUST_02403,2026-09-15T12:05:00
ORD_BULK_06705,DISH_BULK_1378,CUST_01242,2026-09-17T15:55:00
ORD_BULK_06706,DISH_BULK_0872,CUST_01841,2026-09-12T14:51:00
ORD_BULK_06707,DISH_BULK_2773,CUST_03539,2026-09-13T11:15:00
ORD_BULK_06708,DISH_BULK_1907,CUST_03947,2026-09-14T18:39:00
ORD_BULK_06709,DISH_BULK_1058,CUST_00658,2026-09-15T19:10:00
ORD_BULK_06710,DISH_BULK_0857,CUST_01795,2026-09-11T20:27:00
ORD_BULK_06711,DISH_BULK_0024,CUST_03200,2026-09-13T00:00:00
ORD_BULK_06712,DISH_BULK_2596,CUST_01991,2026-09-14T17:00:00
ORD_BULK_06713,DISH_BULK_0850,CUST_03886,2026-09-16T14:39:00
ORD_BULK_06714,DISH_BULK_2041,CUST_02630,2026-09-11T23:30:00
ORD_BULK_06715,DISH_BULK_0403,CUST_01097,2026-09-18T12:56:00
ORD_BULK_06716,DISH_BULK_1472,CUST_02139,2026-09-13T05:34:00
ORD_BULK_06717,DISH_BULK_2779,CUST_00405,2026-09-13T10:13:00
ORD_BULK_06718,DISH_BULK_2650,CUST_02116,2026-09-13T20:42:00
ORD_BULK_06719,DISH_BULK_1607,CUST_00084,2026-09-11T01:11:00
ORD_BULK_06720,DISH_BULK_2277,CUST_03921,2026-09-11T13:15:00
ORD_BULK_06721,DISH_BULK_0942,CUST_03682,2026-09-13T13:13:00
ORD_BULK_06722,DISH_BULK_0986,CUST_03317,2026-09-13T02:42:00
ORD_BULK_06723,DISH_BULK_2691,CUST_03815,2026-09-16T15:48:00
ORD_BULK_06724,DISH_BULK_2467,CUST_02353,2026-09-16T08:42:00
ORD_BULK_06725,DISH_BULK_0703,CUST_02571,2026-09-15T23:43:00
ORD_BULK_06726,DISH_BULK_2118,CUST_00014,2026-09-12T00:42:00
ORD_BULK_06727,DISH_BULK_0034,CUST_01341,2026-09-18T04:19:00
ORD_BULK_06728,DISH_BULK_2222,CUST_01720,2026-09-16T19:05:00
ORD_BULK_06729,DISH_BULK_1351,CUST_00006,2026-09-15T19:21:00
ORD_BULK_06730,DISH_BULK_0746,CUST_00768,2026-09-11T13:37:00
ORD_BULK_06731,DISH_BULK_1208,CUST_02953,2026-09-15T04:00:00
ORD_BULK_06732,DISH_BULK_0982,CUST_02851,2026-09-13T10:15:00
ORD_BULK_06733,DISH_BULK_2355,CUST_00818,2026-09-17T11:43:00
ORD_BULK_06734,DISH_BULK_1600,CUST_02744,2026-09-17T04:16:00
ORD_BULK_06735,DISH_BULK_2269,CUST_02311,2026-09-14T09:27:00
ORD_BULK_06736,DISH_BULK_0347,CUST_01557,2026-09-15T16:50:00
ORD_BULK_06737,DISH_BULK_2512,CUST_00804,2026-09-13T02:52:00
ORD_BULK_06738,DISH_BULK_1284,CUST_00188,2026-09-14T03:47:00
ORD_BULK_06739,DISH_BULK_1415,CUST_01931,2026-09-13T01:51:00
ORD_BULK_06740,DISH_BULK_2135,CUST_01366,2026-09-15T22:39:00
ORD_BULK_06741,DISH_BULK_0886,CUST_01765,2026-09-16T17:34:00
ORD_BULK_06742,DISH_BULK_0021,CUST_02826,2026-09-11T04:49:00
ORD_BULK_06743,DISH_BULK_0376,CUST_02315,2026-09-11T21:24:00
ORD_BULK_06744,DISH_BULK_0901,CUST_01683,2026-09-10T19:58:00
ORD_BULK_06745,DISH_BULK_0793,CUST_01914,2026-09-15T00:36:00
ORD_BULK_06746,DISH_BULK_2145,CUST_03026,2026-09-11T03:49:00
ORD_BULK_06747,DISH_BULK_0374,CUST_02790,2026-09-16T13:47:00
ORD_BULK_06748,DISH_BULK_1761,CUST_02943,2026-09-11T21:03:00
ORD_BULK_06749,DISH_BULK_0858,CUST_03023,2026-09-12T18:34:00
ORD_BULK_06750,DISH_BULK_0848,CUST_01520,2026-09-11T10:26:00
ORD_BULK_06751,DISH_BULK_0103,CUST_01051,2026-09-10T11:11:00
ORD_BULK_06752,DISH_BULK_2360,CUST_01676,2026-09-11T16:50:00
ORD_BULK_06753,DISH_BULK_1102,CUST_02634,2026-09-17T00:44:00
ORD_BULK_06754,DISH_BULK_1796,CUST_03659,2026-09-12T17:05:00
ORD_BULK_06755,DISH_BULK_0336,CUST_01396,2026-09-13T00:38:00
ORD_BULK_06756,DISH_BULK_2459,CUST_00487,2026-09-11T09:32:00
ORD_BULK_06757,DISH_BULK_0979,CUST_03241,2026-09-17T03:22:00
ORD_BULK_06758,DISH_BULK_2153,CUST_03058,2026-09-17T11:47:00
ORD_BULK_06759,DISH_BULK_0941,CUST_00181,2026-09-15T17:58:00
ORD_BULK_06760,DISH_BULK_2776,CUST_01135,2026-09-16T11:44:00
ORD_BULK_06761,DISH_BULK_0638,CUST_02693,2026-09-18T06:01:00
ORD_BULK_06762,DISH_BULK_2938,CUST_00027,2026-09-15T21:40:00
ORD_BULK_06763,DISH_BULK_0840,CUST_03260,2026-09-15T00:27:00
ORD_BULK_06764,DISH_BULK_1308,CUST_00410,2026-09-11T08:13:00
ORD_BULK_06765,DISH_BULK_2017,CUST_02388,2026-09-12T22:37:00
ORD_BULK_06766,DISH_BULK_2311,CUST_01138,2026-09-10T08:01:00
ORD_BULK_06767,DISH_BULK_1703,CUST_02853,2026-09-14T07:17:00
ORD_BULK_06768,DISH_BULK_1415,CUST_03086,2026-09-15T11:31:00
ORD_BULK_06769,DISH_BULK_2232,CUST_02851,2026-09-12T04:51:00
ORD_BULK_06770,DISH_BULK_0064,CUST_03027,2026-09-11T10:37:00
ORD_BULK_06771,DISH_BULK_2523,CUST_02342,2026-09-10T13:49:00
ORD_BULK_06772,DISH_BULK_2687,CUST_01128,2026-09-12T12:34:00
ORD_BULK_06773,DISH_BULK_0658,CUST_03369,2026-09-12T02:51:00
ORD_BULK_06774,DISH_BULK_0913,CUST_03021,2026-09-10T20:20:00
ORD_BULK_06775,DISH_BULK_0688,CUST_00803,2026-09-12T17:05:00
ORD_BULK_06776,DISH_BULK_0763,CUST_00544,2026-09-13T16:33:00
ORD_BULK_06777,DISH_BULK_1841,CUST_00251,2026-09-17T20:40:00
ORD_BULK_06778,DISH_BULK_1795,CUST_00925,2026-09-17T08:55:00
ORD_BULK_06779,DISH_BULK_0504,CUST_00129,2026-09-11T16:11:00
ORD_BULK_06780,DISH_BULK_2926,CUST_03737,2026-09-18T13:43:00
ORD_BULK_06781,DISH_BULK_0790,CUST_01502,2026-09-17T11:14:00
ORD_BULK_06782,DISH_BULK_1181,CUST_03420,2026-09-18T03:31:00
ORD_BULK_06783,DISH_BULK_1722,CUST_00631,2026-09-18T03:50:00
ORD_BULK_06784,DISH_BULK_0213,CUST_03415,2026-09-12T03:26:00
ORD_BULK_06785,DISH_BULK_1894,CUST_01549,2026-09-10T10:04:00
ORD_BULK_06786,DISH_BULK_0655,CUST_01535,2026-09-10T17:35:00
ORD_BULK_06787,DISH_BULK_2137,CUST_00718,2026-09-18T02:53:00
ORD_BULK_06788,DISH_BULK_1675,CUST_00445,2026-09-11T07:09:00
ORD_BULK_06789,DISH_BULK_0599,CUST_00868,2026-09-11T03:59:00
ORD_BULK_06790,DISH_BULK_0583,CUST_01701,2026-09-11T13:36:00
ORD_BULK_06791,DISH_BULK_1734,CUST_00940,2026-09-18T07:03:00
ORD_BULK_06792,DISH_BULK_0634,CUST_01091,2026-09-18T10:53:00
ORD_BULK_06793,DISH_BULK_2084,CUST_02924,2026-09-16T15:33:00
ORD_BULK_06794,DISH_BULK_2727,CUST_02175,2026-09-17T01:34:00
ORD_BULK_06795,DISH_BULK_2352,CUST_01352,2026-09-15T11:42:00
ORD_BULK_06796,DISH_BULK_0598,CUST_03395,2026-09-17T02:16:00
ORD_BULK_06797,DISH_BULK_2136,CUST_02706,2026-09-16T18:54:00
ORD_BULK_06798,DISH_BULK_0837,CUST_03907,2026-09-15T10:37:00
ORD_BULK_06799,DISH_BULK_1694,CUST_00706,2026-09-17T06:49:00
ORD_BULK_06800,DISH_BULK_1777,CUST_01144,2026-09-13T22:12:00
ORD_BULK_06801,DISH_BULK_1019,CUST_02484,2026-09-12T18:28:00
ORD_BULK_06802,DISH_BULK_0036,CUST_00804,2026-09-14T22:48:00
ORD_BULK_06803,DISH_BULK_1164,CUST_01539,2026-09-16T10:12:00
ORD_BULK_06804,DISH_BULK_1858,CUST_03799,2026-09-11T08:51:00
ORD_BULK_06805,DISH_BULK_2335,CUST_00473,2026-09-18T05:38:00
ORD_BULK_06806,DISH_BULK_0473,CUST_03690,2026-09-10T22:41:00
ORD_BULK_06807,DISH_BULK_0895,CUST_03019,2026-09-18T07:13:00
ORD_BULK_06808,DISH_BULK_2139,CUST_03890,2026-09-11T14:54:00
ORD_BULK_06809,DISH_BULK_2248,CUST_01964,2026-09-14T19:45:00
ORD_BULK_06810,DISH_BULK_2614,CUST_02379,2026-09-18T10:32:00
ORD_BULK_06811,DISH_BULK_0507,CUST_00217,2026-09-16T05:26:00
ORD_BULK_06812,DISH_BULK_0690,CUST_02208,2026-09-12T23:17:00
ORD_BULK_06813,DISH_BULK_0471,CUST_00986,2026-09-10T21:51:00
ORD_BULK_06814,DISH_BULK_2036,CUST_03516,2026-09-17T05:43:00
ORD_BULK_06815,DISH_BULK_2180,CUST_03623,2026-09-11T04:15:00
ORD_BULK_06816,DISH_BULK_0943,CUST_02208,2026-09-16T14:48:00
ORD_BULK_06817,DISH_BULK_0296,CUST_01390,2026-09-16T07:22:00
ORD_BULK_06818,DISH_BULK_2155,CUST_00384,2026-09-13T06:54:00
ORD_BULK_06819,DISH_BULK_1023,CUST_01361,2026-09-16T13:53:00
ORD_BULK_06820,DISH_BULK_0511,CUST_03392,2026-09-12T08:41:00
ORD_BULK_06821,DISH_BULK_0134,CUST_01752,2026-09-15T21:56:00
ORD_BULK_06822,DISH_BULK_0794,CUST_00573,2026-09-12T20:12:00
ORD_BULK_06823,DISH_BULK_2816,CUST_02607,2026-09-11T08:24:00
ORD_BULK_06824,DISH_BULK_2075,CUST_00606,2026-09-17T10:37:00
ORD_BULK_06825,DISH_BULK_1765,CUST_00293,2026-09-15T03:16:00
ORD_BULK_06826,DISH_BULK_2906,CUST_02597,2026-09-16T13:17:00
ORD_BULK_06827,DISH_BULK_0282,CUST_03022,2026-09-13T23:53:00
ORD_BULK_06828,DISH_BULK_1841,CUST_00675,2026-09-18T02:03:00
ORD_BULK_06829,DISH_BULK_1085,CUST_03471,2026-09-14T04:12:00
ORD_BULK_06830,DISH_BULK_0076,CUST_00136,2026-09-10T11:08:00
ORD_BULK_06831,DISH_BULK_0065,CUST_03176,2026-09-17T21:33:00
ORD_BULK_06832,DISH_BULK_2783,CUST_00100,2026-09-18T13:27:00
ORD_BULK_06833,DISH_BULK_0078,CUST_00343,2026-09-14T00:03:00
ORD_BULK_06834,DISH_BULK_0629,CUST_03103,2026-09-17T13:57:00
ORD_BULK_06835,DISH_BULK_2353,CUST_00333,2026-09-11T06:33:00
ORD_BULK_06836,DISH_BULK_2771,CUST_00780,2026-09-15T19:17:00
ORD_BULK_06837,DISH_BULK_0356,CUST_01799,2026-09-16T11:11:00
ORD_BULK_06838,DISH_BULK_2606,CUST_01522,2026-09-10T23:37:00
ORD_BULK_06839,DISH_BULK_2537,CUST_03066,2026-09-17T05:10:00
ORD_BULK_06840,DISH_BULK_0059,CUST_02946,2026-09-12T00:53:00
ORD_BULK_06841,DISH_BULK_1401,CUST_01282,2026-09-14T15:30:00
ORD_BULK_06842,DISH_BULK_2707,CUST_00472,2026-09-16T01:37:00
ORD_BULK_06843,DISH_BULK_2598,CUST_01188,2026-09-13T15:46:00
ORD_BULK_06844,DISH_BULK_1022,CUST_00653,2026-09-11T07:13:00
ORD_BULK_06845,DISH_BULK_2189,CUST_03330,2026-09-12T00:23:00
ORD_BULK_06846,DISH_BULK_2413,CUST_02737,2026-09-16T21:23:00
ORD_BULK_06847,DISH_BULK_2165,CUST_01953,2026-09-13T14:25:00
ORD_BULK_06848,DISH_BULK_1965,CUST_02140,2026-09-11T04:55:00
ORD_BULK_06849,DISH_BULK_0570,CUST_00720,2026-09-13T14:54:00
ORD_BULK_06850,DISH_BULK_2007,CUST_02547,2026-09-10T19:35:00
ORD_BULK_06851,DISH_BULK_1240,CUST_01555,2026-09-15T16:02:00
ORD_BULK_06852,DISH_BULK_0119,CUST_02078,2026-09-15T06:41:00
ORD_BULK_06853,DISH_BULK_1868,CUST_00108,2026-09-10T20:03:00
ORD_BULK_06854,DISH_BULK_2408,CUST_00201,2026-09-10T08:45:00
ORD_BULK_06855,DISH_BULK_2665,CUST_01071,2026-09-13T03:04:00
ORD_BULK_06856,DISH_BULK_1501,CUST_01415,2026-09-17T13:51:00
ORD_BULK_06857,DISH_BULK_1352,CUST_00364,2026-09-14T10:42:00
ORD_BULK_06858,DISH_BULK_2919,CUST_02114,2026-09-13T11:06:00
ORD_BULK_06859,DISH_BULK_2125,CUST_00615,2026-09-14T22:38:00
ORD_BULK_06860,DISH_BULK_1501,CUST_02307,2026-09-11T17:34:00
ORD_BULK_06861,DISH_BULK_0919,CUST_01692,2026-09-12T00:45:00
ORD_BULK_06862,DISH_BULK_1057,CUST_02096,2026-09-12T22:13:00
ORD_BULK_06863,DISH_BULK_1271,CUST_01514,2026-09-17T20:35:00
ORD_BULK_06864,DISH_BULK_0154,CUST_01500,2026-09-13T20:41:00
ORD_BULK_06865,DISH_BULK_0651,CUST_03216,2026-09-16T21:30:00
ORD_BULK_06866,DISH_BULK_1491,CUST_02989,2026-09-10T19:26:00
ORD_BULK_06867,DISH_BULK_2217,CUST_02926,2026-09-10T18:45:00
ORD_BULK_06868,DISH_BULK_2514,CUST_01925,2026-09-10T22:28:00
ORD_BULK_06869,DISH_BULK_1619,CUST_00852,2026-09-13T01:38:00
ORD_BULK_06870,DISH_BULK_1634,CUST_02467,2026-09-17T07:43:00
ORD_BULK_06871,DISH_BULK_2240,CUST_01885,2026-09-17T08:46:00
ORD_BULK_06872,DISH_BULK_1408,CUST_03222,2026-09-10T12:38:00
ORD_BULK_06873,DISH_BULK_2511,CUST_03190,2026-09-17T13:44:00
ORD_BULK_06874,DISH_BULK_2107,CUST_00757,2026-09-11T18:20:00
ORD_BULK_06875,DISH_BULK_0218,CUST_00249,2026-09-13T09:07:00
ORD_BULK_06876,DISH_BULK_0146,CUST_03802,2026-09-11T17:25:00
ORD_BULK_06877,DISH_BULK_1558,CUST_01036,2026-09-16T08:20:00
ORD_BULK_06878,DISH_BULK_0462,CUST_03647,2026-09-16T15:46:00
ORD_BULK_06879,DISH_BULK_2121,CUST_03025,2026-09-10T09:21:00
ORD_BULK_06880,DISH_BULK_1025,CUST_02563,2026-09-13T06:37:00
ORD_BULK_06881,DISH_BULK_2590,CUST_00727,2026-09-16T13:29:00
ORD_BULK_06882,DISH_BULK_1894,CUST_02042,2026-09-13T03:59:00
ORD_BULK_06883,DISH_BULK_2066,CUST_00795,2026-09-14T15:14:00
ORD_BULK_06884,DISH_BULK_2895,CUST_03129,2026-09-12T11:15:00
ORD_BULK_06885,DISH_BULK_2118,CUST_02654,2026-09-11T01:31:00
ORD_BULK_06886,DISH_BULK_1591,CUST_01097,2026-09-13T02:08:00
ORD_BULK_06887,DISH_BULK_0588,CUST_02757,2026-09-11T01:53:00
ORD_BULK_06888,DISH_BULK_0533,CUST_02854,2026-09-14T21:14:00
ORD_BULK_06889,DISH_BULK_2489,CUST_02777,2026-09-13T16:35:00
ORD_BULK_06890,DISH_BULK_2927,CUST_00700,2026-09-16T06:27:00
ORD_BULK_06891,DISH_BULK_2294,CUST_02643,2026-09-17T22:49:00
ORD_BULK_06892,DISH_BULK_2685,CUST_02993,2026-09-13T19:58:00
ORD_BULK_06893,DISH_BULK_1623,CUST_01219,2026-09-12T03:18:00
ORD_BULK_06894,DISH_BULK_0038,CUST_00995,2026-09-15T02:37:00
ORD_BULK_06895,DISH_BULK_2890,CUST_00535,2026-09-14T12:33:00
ORD_BULK_06896,DISH_BULK_2912,CUST_02971,2026-09-16T08:16:00
ORD_BULK_06897,DISH_BULK_1718,CUST_00877,2026-09-11T12:25:00
ORD_BULK_06898,DISH_BULK_1222,CUST_03936,2026-09-13T04:46:00
ORD_BULK_06899,DISH_BULK_0290,CUST_01893,2026-09-10T19:08:00
ORD_BULK_06900,DISH_BULK_1552,CUST_01195,2026-09-17T12:28:00
ORD_BULK_06901,DISH_BULK_1550,CUST_00642,2026-09-14T08:51:00
ORD_BULK_06902,DISH_BULK_1484,CUST_03104,2026-09-13T15:21:00
ORD_BULK_06903,DISH_BULK_0127,CUST_00765,2026-09-14T22:07:00
ORD_BULK_06904,DISH_BULK_0892,CUST_02954,2026-09-18T00:31:00
ORD_BULK_06905,DISH_BULK_1465,CUST_01393,2026-09-16T12:24:00
ORD_BULK_06906,DISH_BULK_2752,CUST_00766,2026-09-13T16:14:00
ORD_BULK_06907,DISH_BULK_0739,CUST_03929,2026-09-18T15:07:00
ORD_BULK_06908,DISH_BULK_0049,CUST_02739,2026-09-11T07:06:00
ORD_BULK_06909,DISH_BULK_1878,CUST_01546,2026-09-13T20:01:00
ORD_BULK_06910,DISH_BULK_1638,CUST_03245,2026-09-13T12:24:00
ORD_BULK_06911,DISH_BULK_1144,CUST_02102,2026-09-16T21:12:00
ORD_BULK_06912,DISH_BULK_2126,CUST_02070,2026-09-10T14:08:00
ORD_BULK_06913,DISH_BULK_0879,CUST_02994,2026-09-11T13:45:00
ORD_BULK_06914,DISH_BULK_1462,CUST_00989,2026-09-16T15:50:00
ORD_BULK_06915,DISH_BULK_2810,CUST_02052,2026-09-16T05:39:00
ORD_BULK_06916,DISH_BULK_0684,CUST_03402,2026-09-13T11:12:00
ORD_BULK_06917,DISH_BULK_1312,CUST_02972,2026-09-11T20:39:00
ORD_BULK_06918,DISH_BULK_1861,CUST_02499,2026-09-18T06:22:00
ORD_BULK_06919,DISH_BULK_0206,CUST_02760,2026-09-18T03:56:00
ORD_BULK_06920,DISH_BULK_1346,CUST_00154,2026-09-13T15:06:00
ORD_BULK_06921,DISH_BULK_2767,CUST_02618,2026-09-10T23:42:00
ORD_BULK_06922,DISH_BULK_1147,CUST_00979,2026-09-12T15:52:00
ORD_BULK_06923,DISH_BULK_0839,CUST_00856,2026-09-14T08:57:00
ORD_BULK_06924,DISH_BULK_0749,CUST_03394,2026-09-16T07:41:00
ORD_BULK_06925,DISH_BULK_1009,CUST_02405,2026-09-13T22:02:00
ORD_BULK_06926,DISH_BULK_2857,CUST_00501,2026-09-14T19:47:00
ORD_BULK_06927,DISH_BULK_2937,CUST_00909,2026-09-11T22:36:00
ORD_BULK_06928,DISH_BULK_0372,CUST_00369,2026-09-11T09:49:00
ORD_BULK_06929,DISH_BULK_2867,CUST_02458,2026-09-15T12:10:00
ORD_BULK_06930,DISH_BULK_2109,CUST_01911,2026-09-18T12:56:00
ORD_BULK_06931,DISH_BULK_0460,CUST_02230,2026-09-10T21:11:00
ORD_BULK_06932,DISH_BULK_2438,CUST_03997,2026-09-12T14:14:00
ORD_BULK_06933,DISH_BULK_0941,CUST_02431,2026-09-11T08:57:00
ORD_BULK_06934,DISH_BULK_2538,CUST_02781,2026-09-12T14:03:00
ORD_BULK_06935,DISH_BULK_1971,CUST_00888,2026-09-11T20:47:00
ORD_BULK_06936,DISH_BULK_1612,CUST_02638,2026-09-14T00:12:00
ORD_BULK_06937,DISH_BULK_0878,CUST_00161,2026-09-14T23:02:00
ORD_BULK_06938,DISH_BULK_0096,CUST_02963,2026-09-11T04:58:00
ORD_BULK_06939,DISH_BULK_0297,CUST_03761,2026-09-17T07:04:00
ORD_BULK_06940,DISH_BULK_2022,CUST_02035,2026-09-14T01:24:00
ORD_BULK_06941,DISH_BULK_1548,CUST_00391,2026-09-15T14:04:00
ORD_BULK_06942,DISH_BULK_2004,CUST_03516,2026-09-14T23:11:00
ORD_BULK_06943,DISH_BULK_2217,CUST_02951,2026-09-16T07:12:00
ORD_BULK_06944,DISH_PNR_035,CUST_00044,2026-09-12T10:28:00
ORD_BULK_06945,DISH_BULK_0808,CUST_03361,2026-09-10T15:15:00
ORD_BULK_06946,DISH_BULK_0074,CUST_02401,2026-09-11T13:08:00
ORD_BULK_06947,DISH_BULK_1324,CUST_03190,2026-09-15T01:19:00
ORD_BULK_06948,DISH_BULK_0412,CUST_02252,2026-09-11T18:55:00
ORD_BULK_06949,DISH_BULK_2400,CUST_02146,2026-09-10T11:34:00
ORD_BULK_06950,DISH_BULK_0955,CUST_02820,2026-09-14T15:01:00
ORD_BULK_06951,DISH_BULK_1321,CUST_01935,2026-09-17T13:53:00
ORD_BULK_06952,DISH_BULK_2832,CUST_02038,2026-09-13T08:03:00
ORD_BULK_06953,DISH_BULK_2941,CUST_01162,2026-09-17T02:46:00
ORD_BULK_06954,DISH_BULK_0444,CUST_03934,2026-09-18T13:54:00
ORD_BULK_06955,DISH_BULK_1655,CUST_03755,2026-09-10T08:50:00
ORD_BULK_06956,DISH_BULK_2497,CUST_02786,2026-09-12T18:21:00
ORD_BULK_06957,DISH_BULK_1558,CUST_01507,2026-09-17T06:30:00
ORD_BULK_06958,DISH_BULK_1370,CUST_00549,2026-09-10T23:49:00
ORD_BULK_06959,DISH_BULK_0266,CUST_01275,2026-09-17T04:50:00
ORD_BULK_06960,DISH_BULK_0244,CUST_03312,2026-09-11T17:38:00
ORD_BULK_06961,DISH_BULK_2108,CUST_02619,2026-09-16T21:01:00
ORD_BULK_06962,DISH_BULK_1128,CUST_00446,2026-09-16T11:14:00
ORD_BULK_06963,DISH_BULK_1151,CUST_00926,2026-09-12T23:10:00
ORD_BULK_06964,DISH_BULK_1580,CUST_02171,2026-09-15T18:20:00
ORD_BULK_06965,DISH_BULK_1358,CUST_03433,2026-09-10T15:12:00
ORD_BULK_06966,DISH_BULK_2356,CUST_00571,2026-09-14T23:12:00
ORD_BULK_06967,DISH_BULK_0751,CUST_00699,2026-09-18T13:24:00
ORD_BULK_06968,DISH_BULK_0599,CUST_03857,2026-09-12T18:52:00
ORD_BULK_06969,DISH_BULK_2438,CUST_02466,2026-09-16T02:07:00
ORD_BULK_06970,DISH_BULK_0559,CUST_00302,2026-09-13T01:34:00
ORD_BULK_06971,DISH_BULK_1802,CUST_01127,2026-09-14T03:31:00
ORD_BULK_06972,DISH_BULK_1337,CUST_01714,2026-09-11T04:57:00
ORD_BULK_06973,DISH_BULK_0331,CUST_01046,2026-09-10T17:57:00
ORD_BULK_06974,DISH_BULK_2802,CUST_03056,2026-09-18T15:32:00
ORD_BULK_06975,DISH_BULK_1158,CUST_00533,2026-09-16T05:54:00
ORD_BULK_06976,DISH_BULK_2149,CUST_01669,2026-09-10T19:42:00
ORD_BULK_06977,DISH_BULK_1456,CUST_02583,2026-09-10T13:48:00
ORD_BULK_06978,DISH_BULK_1336,CUST_00974,2026-09-15T22:27:00
ORD_BULK_06979,DISH_BULK_1573,CUST_01756,2026-09-15T06:53:00
ORD_BULK_06980,DISH_BULK_0143,CUST_02128,2026-09-18T05:25:00
ORD_BULK_06981,DISH_BULK_0347,CUST_00478,2026-09-11T19:10:00
ORD_BULK_06982,DISH_BULK_1701,CUST_03197,2026-09-10T12:54:00
ORD_BULK_06983,DISH_BULK_0126,CUST_03867,2026-09-12T12:41:00
ORD_BULK_06984,DISH_BULK_0180,CUST_02131,2026-09-12T15:28:00
ORD_BULK_06985,DISH_BULK_1433,CUST_01600,2026-09-14T20:38:00
ORD_BULK_06986,DISH_BULK_2442,CUST_00363,2026-09-10T15:26:00
ORD_BULK_06987,DISH_BULK_1536,CUST_00631,2026-09-18T03:01:00
ORD_BULK_06988,DISH_BULK_1820,CUST_00298,2026-09-13T23:29:00
ORD_BULK_06989,DISH_BULK_0825,CUST_00410,2026-09-12T07:55:00
ORD_BULK_06990,DISH_BULK_0849,CUST_01041,2026-09-14T04:59:00
ORD_BULK_06991,DISH_BULK_1411,CUST_00214,2026-09-15T05:21:00
ORD_BULK_06992,DISH_BULK_2039,CUST_02254,2026-09-12T10:04:00
ORD_BULK_06993,DISH_BULK_1740,CUST_02344,2026-09-11T13:42:00
ORD_BULK_06994,DISH_BULK_1942,CUST_02566,2026-09-15T20:30:00
ORD_BULK_06995,DISH_BULK_1692,CUST_03126,2026-09-16T17:17:00
ORD_BULK_06996,DISH_BULK_2592,CUST_03697,2026-09-11T22:56:00
ORD_BULK_06997,DISH_BULK_2498,CUST_00864,2026-09-16T07:13:00
ORD_BULK_06998,DISH_BULK_1034,CUST_01190,2026-09-10T19:00:00
ORD_BULK_06999,DISH_BULK_0428,CUST_00992,2026-09-13T19:00:00
ORD_BULK_07000,DISH_BULK_2225,CUST_00021,2026-09-16T08:07:00
ORD_BULK_07001,DISH_BULK_1786,CUST_03196,2026-09-12T12:59:00
ORD_BULK_07002,DISH_BULK_1357,CUST_01223,2026-09-13T00:49:00
ORD_BULK_07003,DISH_BULK_1907,CUST_03535,2026-09-17T22:09:00
ORD_BULK_07004,DISH_BULK_2207,CUST_03018,2026-09-16T08:20:00
ORD_BULK_07005,DISH_BULK_0513,CUST_01669,2026-09-10T20:35:00
ORD_BULK_07006,DISH_BULK_0822,CUST_00958,2026-09-17T16:09:00
ORD_BULK_07007,DISH_BULK_1487,CUST_02518,2026-09-18T13:39:00
ORD_BULK_07008,DISH_BULK_0462,CUST_00219,2026-09-11T11:58:00
ORD_BULK_07009,DISH_BULK_2686,CUST_01518,2026-09-15T11:17:00
ORD_BULK_07010,DISH_BULK_2784,CUST_02843,2026-09-10T12:55:00
ORD_BULK_07011,DISH_BULK_2434,CUST_03368,2026-09-10T20:58:00
ORD_BULK_07012,DISH_BULK_2032,CUST_01509,2026-09-16T18:08:00
ORD_BULK_07013,DISH_BULK_2333,CUST_02899,2026-09-11T01:42:00
ORD_BULK_07014,DISH_BULK_1139,CUST_01171,2026-09-16T20:45:00
ORD_BULK_07015,DISH_BULK_0698,CUST_03830,2026-09-10T12:18:00
ORD_BULK_07016,DISH_BULK_2881,CUST_01856,2026-09-13T05:41:00
ORD_BULK_07017,DISH_BULK_2341,CUST_03307,2026-09-12T05:13:00
ORD_BULK_07018,DISH_BULK_1604,CUST_03098,2026-09-17T03:15:00
ORD_BULK_07019,DISH_BULK_2846,CUST_02347,2026-09-17T10:19:00
ORD_BULK_07020,DISH_BULK_2517,CUST_01724,2026-09-17T10:31:00
ORD_BULK_07021,DISH_BULK_2299,CUST_03310,2026-09-14T14:38:00
ORD_BULK_07022,DISH_BULK_2644,CUST_01215,2026-09-16T14:55:00
ORD_BULK_07023,DISH_BULK_2582,CUST_02477,2026-09-17T03:55:00
ORD_BULK_07024,DISH_BULK_2943,CUST_02769,2026-09-18T01:12:00
ORD_BULK_07025,DISH_BULK_1822,CUST_00368,2026-09-16T06:35:00
ORD_BULK_07026,DISH_BULK_1164,CUST_00595,2026-09-16T10:09:00
ORD_BULK_07027,DISH_BULK_1453,CUST_02373,2026-09-14T16:53:00
ORD_BULK_07028,DISH_BULK_2562,CUST_03900,2026-09-16T19:18:00
ORD_BULK_07029,DISH_BULK_0970,CUST_00602,2026-09-14T02:12:00
ORD_BULK_07030,DISH_BULK_2269,CUST_00422,2026-09-13T16:23:00
ORD_BULK_07031,DISH_BULK_0041,CUST_03164,2026-09-16T00:39:00
ORD_BULK_07032,DISH_BULK_1222,CUST_02333,2026-09-17T08:58:00
ORD_BULK_07033,DISH_BULK_0750,CUST_03905,2026-09-12T07:49:00
ORD_BULK_07034,DISH_BULK_0733,CUST_00444,2026-09-12T10:30:00
ORD_BULK_07035,DISH_BULK_0867,CUST_01206,2026-09-11T22:34:00
ORD_BULK_07036,DISH_BULK_1714,CUST_01656,2026-09-16T17:59:00
ORD_BULK_07037,DISH_BULK_2247,CUST_03935,2026-09-10T22:57:00
ORD_BULK_07038,DISH_BULK_1624,CUST_02549,2026-09-18T07:03:00
ORD_BULK_07039,DISH_BULK_0048,CUST_02286,2026-09-15T17:09:00
ORD_BULK_07040,DISH_BULK_0588,CUST_01631,2026-09-17T14:49:00
ORD_BULK_07041,DISH_BULK_0436,CUST_01873,2026-09-15T02:03:00
ORD_BULK_07042,DISH_BULK_0079,CUST_02630,2026-09-15T08:41:00
ORD_BULK_07043,DISH_BULK_0666,CUST_03070,2026-09-12T18:57:00
ORD_BULK_07044,DISH_BULK_1221,CUST_02301,2026-09-18T13:48:00
ORD_BULK_07045,DISH_BULK_0888,CUST_02130,2026-09-17T05:40:00
ORD_BULK_07046,DISH_BULK_0856,CUST_01335,2026-09-17T22:59:00
ORD_BULK_07047,DISH_BULK_2667,CUST_02468,2026-09-14T10:47:00
ORD_BULK_07048,DISH_BULK_2617,CUST_01000,2026-09-16T06:03:00
ORD_BULK_07049,DISH_BULK_0521,CUST_02693,2026-09-16T17:13:00
ORD_BULK_07050,DISH_BULK_0025,CUST_03425,2026-09-13T13:44:00
ORD_BULK_07051,DISH_PNR_013,CUST_03676,2026-09-14T06:07:00
ORD_BULK_07052,DISH_BULK_1623,CUST_03635,2026-09-17T21:12:00
ORD_BULK_07053,DISH_BULK_0436,CUST_00584,2026-09-18T05:49:00
ORD_BULK_07054,DISH_BULK_2273,CUST_02499,2026-09-15T06:33:00
ORD_BULK_07055,DISH_BULK_1352,CUST_00123,2026-09-16T13:58:00
ORD_BULK_07056,DISH_BULK_0557,CUST_01664,2026-09-17T01:14:00
ORD_BULK_07057,DISH_BULK_1423,CUST_02231,2026-09-18T00:44:00
ORD_BULK_07058,DISH_BULK_0554,CUST_01779,2026-09-17T20:28:00
ORD_BULK_07059,DISH_BULK_1043,CUST_00383,2026-09-16T14:21:00
ORD_BULK_07060,DISH_BULK_1520,CUST_02347,2026-09-14T15:18:00
ORD_BULK_07061,DISH_BULK_1365,CUST_01667,2026-09-17T12:07:00
ORD_BULK_07062,DISH_BULK_0252,CUST_03783,2026-09-12T19:09:00
ORD_BULK_07063,DISH_BULK_0015,CUST_02302,2026-09-15T19:35:00
ORD_BULK_07064,DISH_BULK_1698,CUST_00403,2026-09-17T23:30:00
ORD_BULK_07065,DISH_BULK_2762,CUST_03614,2026-09-11T23:47:00
ORD_BULK_07066,DISH_BULK_0733,CUST_03307,2026-09-16T08:19:00
ORD_BULK_07067,DISH_BULK_1238,CUST_02341,2026-09-14T03:58:00
ORD_BULK_07068,DISH_BULK_0446,CUST_01032,2026-09-12T12:26:00
ORD_BULK_07069,DISH_BULK_1047,CUST_01633,2026-09-16T11:51:00
ORD_BULK_07070,DISH_BULK_0564,CUST_00986,2026-09-17T00:27:00
ORD_BULK_07071,DISH_BULK_1226,CUST_03481,2026-09-16T02:59:00
ORD_BULK_07072,DISH_BULK_1067,CUST_02565,2026-09-10T19:04:00
ORD_BULK_07073,DISH_BULK_0074,CUST_03411,2026-09-12T04:50:00
ORD_BULK_07074,DISH_BULK_1913,CUST_03082,2026-09-12T21:05:00
ORD_BULK_07075,DISH_PNR_005,CUST_00027,2026-09-17T22:19:00
ORD_BULK_07076,DISH_BULK_2058,CUST_01779,2026-09-17T03:56:00
ORD_BULK_07077,DISH_BULK_1554,CUST_03717,2026-09-14T18:18:00
ORD_BULK_07078,DISH_BULK_0210,CUST_00226,2026-09-11T15:53:00
ORD_BULK_07079,DISH_BULK_1539,CUST_02064,2026-09-12T15:10:00
ORD_BULK_07080,DISH_BULK_0261,CUST_00333,2026-09-17T22:29:00
ORD_BULK_07081,DISH_BULK_0745,CUST_03336,2026-09-17T07:05:00
ORD_BULK_07082,DISH_BULK_1325,CUST_03374,2026-09-10T14:57:00
ORD_BULK_07083,DISH_BULK_0150,CUST_03873,2026-09-11T02:04:00
ORD_BULK_07084,DISH_BULK_1490,CUST_02162,2026-09-10T23:17:00
ORD_BULK_07085,DISH_BULK_2461,CUST_02656,2026-09-13T12:15:00
ORD_BULK_07086,DISH_BULK_0282,CUST_01201,2026-09-17T11:59:00
ORD_BULK_07087,DISH_BULK_2438,CUST_00300,2026-09-13T23:45:00
ORD_BULK_07088,DISH_BULK_0176,CUST_01857,2026-09-14T23:21:00
ORD_BULK_07089,DISH_BULK_0679,CUST_03535,2026-09-17T11:54:00
ORD_BULK_07090,DISH_BULK_2091,CUST_00803,2026-09-16T23:03:00
ORD_BULK_07091,DISH_BULK_1769,CUST_02630,2026-09-15T00:16:00
ORD_BULK_07092,DISH_BULK_2522,CUST_00589,2026-09-10T21:44:00
ORD_BULK_07093,DISH_BULK_2943,CUST_01509,2026-09-12T20:12:00
ORD_BULK_07094,DISH_BULK_2565,CUST_01147,2026-09-13T09:45:00
ORD_BULK_07095,DISH_BULK_0022,CUST_03669,2026-09-15T23:14:00
ORD_BULK_07096,DISH_BULK_1758,CUST_01814,2026-09-17T03:31:00
ORD_BULK_07097,DISH_BULK_1107,CUST_01601,2026-09-12T04:19:00
ORD_BULK_07098,DISH_BULK_0192,CUST_02926,2026-09-15T10:36:00
ORD_BULK_07099,DISH_BULK_0526,CUST_02974,2026-09-14T22:06:00
ORD_BULK_07100,DISH_BULK_1640,CUST_02751,2026-09-11T19:30:00
ORD_BULK_07101,DISH_BULK_2396,CUST_00562,2026-09-14T06:05:00
ORD_BULK_07102,DISH_BULK_0033,CUST_02276,2026-09-11T09:08:00
ORD_BULK_07103,DISH_BULK_1969,CUST_02970,2026-09-17T10:46:00
ORD_BULK_07104,DISH_BULK_1896,CUST_03780,2026-09-14T16:59:00
ORD_BULK_07105,DISH_BULK_0149,CUST_00660,2026-09-16T18:23:00
ORD_BULK_07106,DISH_BULK_2818,CUST_03820,2026-09-17T04:19:00
ORD_BULK_07107,DISH_BULK_0227,CUST_03151,2026-09-13T07:57:00
ORD_BULK_07108,DISH_BULK_0047,CUST_01628,2026-09-16T07:04:00
ORD_BULK_07109,DISH_BULK_2717,CUST_02186,2026-09-13T07:45:00
ORD_BULK_07110,DISH_BULK_0229,CUST_03975,2026-09-12T13:19:00
ORD_BULK_07111,DISH_BULK_0766,CUST_00831,2026-09-15T11:56:00
ORD_BULK_07112,DISH_BULK_0904,CUST_00366,2026-09-11T20:13:00
ORD_BULK_07113,DISH_BULK_1240,CUST_01466,2026-09-18T11:13:00
ORD_BULK_07114,DISH_BULK_0655,CUST_00830,2026-09-14T06:08:00
ORD_BULK_07115,DISH_BULK_1597,CUST_00446,2026-09-15T15:34:00
ORD_BULK_07116,DISH_BULK_2185,CUST_03798,2026-09-11T05:36:00
ORD_BULK_07117,DISH_BULK_1855,CUST_00044,2026-09-12T15:57:00
ORD_BULK_07118,DISH_BULK_0626,CUST_02778,2026-09-11T11:45:00
ORD_BULK_07119,DISH_BULK_0275,CUST_02470,2026-09-12T04:36:00
ORD_BULK_07120,DISH_PNR_002,CUST_01556,2026-09-11T14:45:00
ORD_BULK_07121,DISH_BULK_0850,CUST_03074,2026-09-15T03:12:00
ORD_BULK_07122,DISH_BULK_0928,CUST_03380,2026-09-16T04:09:00
ORD_BULK_07123,DISH_BULK_2696,CUST_01302,2026-09-11T20:08:00
ORD_BULK_07124,DISH_BULK_1869,CUST_02031,2026-09-16T13:07:00
ORD_BULK_07125,DISH_BULK_2302,CUST_04000,2026-09-14T06:11:00
ORD_BULK_07126,DISH_BULK_1494,CUST_00497,2026-09-12T11:59:00
ORD_BULK_07127,DISH_BULK_0847,CUST_01833,2026-09-11T04:17:00
ORD_BULK_07128,DISH_BULK_2689,CUST_02234,2026-09-13T17:01:00
ORD_BULK_07129,DISH_BULK_1211,CUST_01084,2026-09-17T01:48:00
ORD_BULK_07130,DISH_BULK_0155,CUST_02974,2026-09-12T06:03:00
ORD_BULK_07131,DISH_BULK_2324,CUST_01324,2026-09-10T21:02:00
ORD_BULK_07132,DISH_BULK_0530,CUST_03540,2026-09-14T20:01:00
ORD_BULK_07133,DISH_BULK_1158,CUST_02091,2026-09-10T19:44:00
ORD_BULK_07134,DISH_BULK_0341,CUST_01767,2026-09-13T11:12:00
ORD_BULK_07135,DISH_BULK_1120,CUST_00217,2026-09-13T00:34:00
ORD_BULK_07136,DISH_BULK_1804,CUST_00840,2026-09-18T02:14:00
ORD_BULK_07137,DISH_BULK_0978,CUST_03408,2026-09-11T11:44:00
ORD_BULK_07138,DISH_BULK_1585,CUST_01927,2026-09-16T09:52:00
ORD_BULK_07139,DISH_BULK_0397,CUST_03800,2026-09-11T22:42:00
ORD_BULK_07140,DISH_BULK_1851,CUST_03035,2026-09-16T00:26:00
ORD_BULK_07141,DISH_BULK_2687,CUST_02103,2026-09-12T06:30:00
ORD_BULK_07142,DISH_BULK_0718,CUST_00308,2026-09-10T11:49:00
ORD_BULK_07143,DISH_BULK_0615,CUST_02618,2026-09-11T09:11:00
ORD_BULK_07144,DISH_BULK_1967,CUST_03663,2026-09-17T00:50:00
ORD_BULK_07145,DISH_BULK_2150,CUST_03389,2026-09-12T09:48:00
ORD_BULK_07146,DISH_BULK_0373,CUST_02574,2026-09-12T12:48:00
ORD_BULK_07147,DISH_BULK_1023,CUST_02128,2026-09-15T02:39:00
ORD_BULK_07148,DISH_BULK_0656,CUST_02346,2026-09-16T13:07:00
ORD_BULK_07149,DISH_BULK_1347,CUST_03009,2026-09-15T22:09:00
ORD_BULK_07150,DISH_BULK_2949,CUST_02814,2026-09-17T05:36:00
ORD_BULK_07151,DISH_BULK_1747,CUST_00958,2026-09-15T04:19:00
ORD_BULK_07152,DISH_BULK_0902,CUST_03583,2026-09-16T11:16:00
ORD_BULK_07153,DISH_BULK_0949,CUST_03591,2026-09-11T15:23:00
ORD_BULK_07154,DISH_BULK_2064,CUST_00726,2026-09-16T12:24:00
ORD_BULK_07155,DISH_BULK_2745,CUST_01305,2026-09-14T23:31:00
ORD_BULK_07156,DISH_BULK_0073,CUST_01387,2026-09-12T22:30:00
ORD_BULK_07157,DISH_BULK_2298,CUST_03074,2026-09-15T10:46:00
ORD_BULK_07158,DISH_BULK_0047,CUST_02019,2026-09-18T07:54:00
ORD_BULK_07159,DISH_BULK_2364,CUST_02231,2026-09-18T12:23:00
ORD_BULK_07160,DISH_BULK_2561,CUST_01756,2026-09-14T21:59:00
ORD_BULK_07161,DISH_BULK_2742,CUST_03798,2026-09-11T16:29:00
ORD_BULK_07162,DISH_BULK_1811,CUST_01960,2026-09-18T07:10:00
ORD_BULK_07163,DISH_BULK_0204,CUST_01650,2026-09-15T23:34:00
ORD_BULK_07164,DISH_BULK_0920,CUST_03688,2026-09-14T22:36:00
ORD_BULK_07165,DISH_BULK_2076,CUST_03195,2026-09-12T00:00:00
ORD_BULK_07166,DISH_BULK_0017,CUST_01496,2026-09-10T08:36:00
ORD_BULK_07167,DISH_BULK_1494,CUST_02215,2026-09-11T23:13:00
ORD_BULK_07168,DISH_BULK_0299,CUST_02699,2026-09-12T06:40:00
ORD_BULK_07169,DISH_BULK_0693,CUST_00918,2026-09-17T11:48:00
ORD_BULK_07170,DISH_BULK_1384,CUST_01344,2026-09-18T00:00:00
ORD_BULK_07171,DISH_BULK_0606,CUST_00354,2026-09-14T19:24:00
ORD_BULK_07172,DISH_BULK_2734,CUST_03578,2026-09-17T20:06:00
ORD_BULK_07173,DISH_BULK_1453,CUST_00061,2026-09-14T03:29:00
ORD_BULK_07174,DISH_BULK_2162,CUST_01833,2026-09-11T12:38:00
ORD_BULK_07175,DISH_BULK_2766,CUST_01086,2026-09-14T22:34:00
ORD_BULK_07176,DISH_BULK_2286,CUST_00616,2026-09-11T03:53:00
ORD_BULK_07177,DISH_BULK_2095,CUST_02668,2026-09-12T07:34:00
ORD_BULK_07178,DISH_BULK_0251,CUST_02338,2026-09-11T21:53:00
ORD_BULK_07179,DISH_BULK_1294,CUST_02326,2026-09-14T20:39:00
ORD_BULK_07180,DISH_BULK_1824,CUST_03093,2026-09-17T02:14:00
ORD_BULK_07181,DISH_BULK_0115,CUST_02284,2026-09-17T01:16:00
ORD_BULK_07182,DISH_BULK_2142,CUST_03165,2026-09-18T02:11:00
ORD_BULK_07183,DISH_BULK_1053,CUST_00964,2026-09-15T05:24:00
ORD_BULK_07184,DISH_BULK_2507,CUST_02495,2026-09-16T11:57:00
ORD_BULK_07185,DISH_BULK_1136,CUST_03209,2026-09-16T13:17:00
ORD_BULK_07186,DISH_BULK_0020,CUST_03904,2026-09-12T03:14:00
ORD_BULK_07187,DISH_BULK_0473,CUST_03655,2026-09-10T18:19:00
ORD_BULK_07188,DISH_BULK_1309,CUST_03271,2026-09-10T17:15:00
ORD_BULK_07189,DISH_BULK_2432,CUST_02834,2026-09-18T15:14:00
ORD_BULK_07190,DISH_BULK_0895,CUST_02713,2026-09-16T12:04:00
ORD_BULK_07191,DISH_BULK_1728,CUST_03994,2026-09-18T12:23:00
ORD_BULK_07192,DISH_BULK_2404,CUST_02936,2026-09-18T04:48:00
ORD_BULK_07193,DISH_BULK_0981,CUST_02079,2026-09-13T15:41:00
ORD_BULK_07194,DISH_BULK_2609,CUST_00533,2026-09-13T17:24:00
ORD_BULK_07195,DISH_BULK_2434,CUST_01384,2026-09-17T06:29:00
ORD_BULK_07196,DISH_BULK_2051,CUST_02268,2026-09-17T11:53:00
ORD_BULK_07197,DISH_BULK_0224,CUST_02652,2026-09-11T06:56:00
ORD_BULK_07198,DISH_BULK_1115,CUST_01421,2026-09-15T11:23:00
ORD_BULK_07199,DISH_BULK_2518,CUST_02236,2026-09-16T02:35:00
ORD_BULK_07200,DISH_BULK_1829,CUST_03943,2026-09-10T17:46:00
ORD_BULK_07201,DISH_BULK_2801,CUST_02683,2026-09-15T08:31:00
ORD_BULK_07202,DISH_BULK_0329,CUST_01463,2026-09-12T08:53:00
ORD_BULK_07203,DISH_BULK_0917,CUST_03667,2026-09-16T12:32:00
ORD_BULK_07204,DISH_BULK_1599,CUST_01834,2026-09-14T18:37:00
ORD_BULK_07205,DISH_BULK_1910,CUST_00803,2026-09-16T11:15:00
ORD_BULK_07206,DISH_BULK_2643,CUST_00765,2026-09-10T15:09:00
ORD_BULK_07207,DISH_BULK_2475,CUST_01852,2026-09-13T11:03:00
ORD_BULK_07208,DISH_BULK_1512,CUST_03196,2026-09-11T05:17:00
ORD_BULK_07209,DISH_BULK_2469,CUST_00261,2026-09-18T12:26:00
ORD_BULK_07210,DISH_BULK_2525,CUST_02719,2026-09-15T13:59:00
ORD_BULK_07211,DISH_BULK_1981,CUST_02501,2026-09-16T09:19:00
ORD_BULK_07212,DISH_BULK_1971,CUST_01575,2026-09-16T11:59:00
ORD_BULK_07213,DISH_BULK_0568,CUST_03511,2026-09-17T10:17:00
ORD_BULK_07214,DISH_BULK_2307,CUST_03750,2026-09-15T07:11:00
ORD_BULK_07215,DISH_BULK_2025,CUST_02037,2026-09-18T12:12:00
ORD_BULK_07216,DISH_BULK_0584,CUST_03429,2026-09-11T19:21:00
ORD_BULK_07217,DISH_BULK_1265,CUST_02115,2026-09-16T21:30:00
ORD_BULK_07218,DISH_BULK_0757,CUST_02024,2026-09-10T18:25:00
ORD_BULK_07219,DISH_BULK_2588,CUST_02180,2026-09-13T22:54:00
ORD_BULK_07220,DISH_BULK_2745,CUST_02148,2026-09-10T08:10:00
ORD_BULK_07221,DISH_BULK_1586,CUST_02636,2026-09-12T10:51:00
ORD_BULK_07222,DISH_BULK_2748,CUST_02561,2026-09-13T00:50:00
ORD_BULK_07223,DISH_BULK_1464,CUST_00213,2026-09-18T05:55:00
ORD_BULK_07224,DISH_BULK_1057,CUST_03617,2026-09-10T16:09:00
ORD_BULK_07225,DISH_BULK_2671,CUST_03665,2026-09-14T10:24:00
ORD_BULK_07226,DISH_BULK_1552,CUST_01561,2026-09-18T14:42:00
ORD_BULK_07227,DISH_BULK_2491,CUST_01360,2026-09-18T03:13:00
ORD_BULK_07228,DISH_BULK_1824,CUST_02332,2026-09-10T18:27:00
ORD_BULK_07229,DISH_BULK_0079,CUST_02757,2026-09-11T18:05:00
ORD_BULK_07230,DISH_BULK_0641,CUST_01146,2026-09-16T11:56:00
ORD_BULK_07231,DISH_BULK_0674,CUST_03189,2026-09-14T05:33:00
ORD_BULK_07232,DISH_BULK_1488,CUST_01100,2026-09-13T04:35:00
ORD_BULK_07233,DISH_BULK_0701,CUST_03827,2026-09-16T06:58:00
ORD_BULK_07234,DISH_BULK_1564,CUST_01887,2026-09-17T02:05:00
ORD_BULK_07235,DISH_BULK_1568,CUST_00804,2026-09-11T22:19:00
ORD_BULK_07236,DISH_BULK_1399,CUST_03386,2026-09-17T06:56:00
ORD_BULK_07237,DISH_BULK_1158,CUST_00761,2026-09-17T14:17:00
ORD_BULK_07238,DISH_BULK_0964,CUST_02597,2026-09-11T20:20:00
ORD_BULK_07239,DISH_BULK_2753,CUST_02182,2026-09-16T21:18:00
ORD_BULK_07240,DISH_BULK_1056,CUST_03234,2026-09-14T18:52:00
ORD_BULK_07241,DISH_BULK_0864,CUST_03549,2026-09-12T13:07:00
ORD_BULK_07242,DISH_BULK_2191,CUST_03935,2026-09-16T20:21:00
ORD_BULK_07243,DISH_BULK_0376,CUST_01394,2026-09-14T22:33:00
ORD_BULK_07244,DISH_BULK_0627,CUST_01068,2026-09-11T05:44:00
ORD_BULK_07245,DISH_BULK_2757,CUST_02788,2026-09-14T01:31:00
ORD_BULK_07246,DISH_BULK_0718,CUST_02184,2026-09-14T04:15:00
ORD_BULK_07247,DISH_BULK_2913,CUST_03819,2026-09-15T19:58:00
ORD_BULK_07248,DISH_BULK_0682,CUST_03744,2026-09-14T05:45:00
ORD_BULK_07249,DISH_BULK_1547,CUST_00687,2026-09-16T21:08:00
ORD_BULK_07250,DISH_BULK_0657,CUST_01654,2026-09-17T00:52:00
ORD_BULK_07251,DISH_BULK_0861,CUST_03557,2026-09-18T05:40:00
ORD_BULK_07252,DISH_BULK_0864,CUST_01407,2026-09-16T08:39:00
ORD_BULK_07253,DISH_BULK_2444,CUST_03202,2026-09-18T03:26:00
ORD_BULK_07254,DISH_BULK_1469,CUST_00419,2026-09-12T21:02:00
ORD_BULK_07255,DISH_BULK_2020,CUST_00436,2026-09-16T16:53:00
ORD_BULK_07256,DISH_BULK_2864,CUST_01603,2026-09-14T12:49:00
ORD_BULK_07257,DISH_BULK_1452,CUST_00106,2026-09-17T16:21:00
ORD_BULK_07258,DISH_BULK_1959,CUST_02126,2026-09-13T07:46:00
ORD_BULK_07259,DISH_BULK_1536,CUST_03890,2026-09-16T16:33:00
ORD_BULK_07260,DISH_BULK_1282,CUST_00065,2026-09-17T06:32:00
ORD_BULK_07261,DISH_BULK_1266,CUST_03097,2026-09-15T21:11:00
ORD_BULK_07262,DISH_BULK_2739,CUST_01177,2026-09-13T07:27:00
ORD_BULK_07263,DISH_BULK_0872,CUST_00032,2026-09-12T13:01:00
ORD_BULK_07264,DISH_BULK_1209,CUST_02573,2026-09-17T10:10:00
ORD_BULK_07265,DISH_BULK_0445,CUST_03596,2026-09-18T00:26:00
ORD_BULK_07266,DISH_BULK_2052,CUST_03377,2026-09-16T21:32:00
ORD_BULK_07267,DISH_BULK_0259,CUST_03795,2026-09-11T14:54:00
ORD_BULK_07268,DISH_BULK_1925,CUST_02454,2026-09-15T20:13:00
ORD_BULK_07269,DISH_BULK_0629,CUST_00193,2026-09-12T14:22:00
ORD_BULK_07270,DISH_BULK_2090,CUST_03413,2026-09-18T08:25:00
ORD_BULK_07271,DISH_BULK_1320,CUST_02384,2026-09-13T00:26:00
ORD_BULK_07272,DISH_BULK_1056,CUST_03250,2026-09-10T18:17:00
ORD_BULK_07273,DISH_BULK_0306,CUST_03435,2026-09-14T11:27:00
ORD_BULK_07274,DISH_BULK_0814,CUST_01616,2026-09-13T19:59:00
ORD_BULK_07275,DISH_BULK_0315,CUST_01333,2026-09-13T16:11:00
ORD_BULK_07276,DISH_BULK_1812,CUST_00441,2026-09-14T01:13:00
ORD_BULK_07277,DISH_BULK_1296,CUST_00829,2026-09-11T13:16:00
ORD_BULK_07278,DISH_BULK_0841,CUST_02986,2026-09-12T07:22:00
ORD_BULK_07279,DISH_BULK_1453,CUST_02537,2026-09-12T18:33:00
ORD_BULK_07280,DISH_BULK_1672,CUST_01950,2026-09-18T14:44:00
ORD_BULK_07281,DISH_BULK_2102,CUST_00399,2026-09-13T01:01:00
ORD_BULK_07282,DISH_BULK_1699,CUST_01833,2026-09-13T22:38:00
ORD_BULK_07283,DISH_BULK_0141,CUST_00066,2026-09-17T09:30:00
ORD_BULK_07284,DISH_BULK_1042,CUST_03903,2026-09-12T00:52:00
ORD_BULK_07285,DISH_BULK_2809,CUST_03541,2026-09-17T15:40:00
ORD_BULK_07286,DISH_BULK_0400,CUST_01162,2026-09-11T07:47:00
ORD_BULK_07287,DISH_BULK_0098,CUST_03180,2026-09-14T08:37:00
ORD_BULK_07288,DISH_BULK_0680,CUST_01871,2026-09-14T16:33:00
ORD_BULK_07289,DISH_BULK_2475,CUST_02168,2026-09-11T17:19:00
ORD_BULK_07290,DISH_BULK_2805,CUST_02424,2026-09-16T07:00:00
ORD_BULK_07291,DISH_BULK_1890,CUST_02300,2026-09-11T00:25:00
ORD_BULK_07292,DISH_BULK_2432,CUST_03001,2026-09-11T19:56:00
ORD_BULK_07293,DISH_BULK_1911,CUST_00028,2026-09-13T10:11:00
ORD_BULK_07294,DISH_BULK_1432,CUST_00532,2026-09-13T00:10:00
ORD_BULK_07295,DISH_BULK_2060,CUST_02158,2026-09-16T16:19:00
ORD_BULK_07296,DISH_BULK_1380,CUST_01648,2026-09-12T04:27:00
ORD_BULK_07297,DISH_BULK_0514,CUST_03831,2026-09-14T02:21:00
ORD_BULK_07298,DISH_BULK_2237,CUST_03315,2026-09-15T04:54:00
ORD_BULK_07299,DISH_BULK_1658,CUST_00240,2026-09-14T00:35:00
ORD_BULK_07300,DISH_BULK_2344,CUST_02075,2026-09-15T01:27:00
ORD_BULK_07301,DISH_BULK_1796,CUST_02208,2026-09-15T08:45:00
ORD_BULK_07302,DISH_BULK_1098,CUST_01224,2026-09-12T05:45:00
ORD_BULK_07303,DISH_BULK_0520,CUST_02019,2026-09-18T08:48:00
ORD_BULK_07304,DISH_BULK_1337,CUST_02090,2026-09-14T04:06:00
ORD_BULK_07305,DISH_BULK_2695,CUST_01146,2026-09-16T11:49:00
ORD_BULK_07306,DISH_BULK_2543,CUST_01391,2026-09-17T00:39:00
ORD_BULK_07307,DISH_BULK_1682,CUST_03951,2026-09-14T11:19:00
ORD_BULK_07308,DISH_BULK_1253,CUST_03227,2026-09-18T10:36:00
ORD_BULK_07309,DISH_BULK_2467,CUST_01180,2026-09-12T08:32:00
ORD_BULK_07310,DISH_BULK_2010,CUST_00528,2026-09-13T19:09:00
ORD_BULK_07311,DISH_BULK_2470,CUST_03730,2026-09-11T16:24:00
ORD_BULK_07312,DISH_BULK_0293,CUST_03328,2026-09-18T05:17:00
ORD_BULK_07313,DISH_BULK_1707,CUST_01362,2026-09-10T14:56:00
ORD_BULK_07314,DISH_BULK_0511,CUST_03820,2026-09-10T09:42:00
ORD_BULK_07315,DISH_BULK_0115,CUST_00176,2026-09-12T02:34:00
ORD_BULK_07316,DISH_BULK_1210,CUST_01526,2026-09-17T14:32:00
ORD_BULK_07317,DISH_BULK_0894,CUST_02402,2026-09-17T16:46:00
ORD_BULK_07318,DISH_BULK_0904,CUST_00298,2026-09-13T00:33:00
ORD_BULK_07319,DISH_BULK_0491,CUST_02633,2026-09-11T15:36:00
ORD_BULK_07320,DISH_BULK_1289,CUST_03558,2026-09-13T22:39:00
ORD_BULK_07321,DISH_BULK_0237,CUST_00854,2026-09-10T09:31:00
ORD_BULK_07322,DISH_BULK_1281,CUST_01393,2026-09-15T19:12:00
ORD_BULK_07323,DISH_BULK_0092,CUST_02138,2026-09-12T15:43:00
ORD_BULK_07324,DISH_BULK_2548,CUST_02593,2026-09-15T04:14:00
ORD_BULK_07325,DISH_BULK_2229,CUST_03024,2026-09-12T09:44:00
ORD_BULK_07326,DISH_BULK_2747,CUST_00412,2026-09-13T13:31:00
ORD_BULK_07327,DISH_BULK_1196,CUST_01165,2026-09-16T05:56:00
ORD_BULK_07328,DISH_BULK_2103,CUST_02527,2026-09-14T16:36:00
ORD_BULK_07329,DISH_BULK_1534,CUST_02403,2026-09-17T09:17:00
ORD_BULK_07330,DISH_BULK_2889,CUST_02010,2026-09-11T23:20:00
ORD_BULK_07331,DISH_BULK_2000,CUST_03945,2026-09-18T04:30:00
ORD_BULK_07332,DISH_BULK_0863,CUST_01733,2026-09-15T10:36:00
ORD_BULK_07333,DISH_BULK_2564,CUST_03232,2026-09-15T08:26:00
ORD_BULK_07334,DISH_BULK_2900,CUST_03889,2026-09-13T15:55:00
ORD_BULK_07335,DISH_BULK_2588,CUST_01693,2026-09-12T00:52:00
ORD_BULK_07336,DISH_PNR_027,CUST_00532,2026-09-14T12:01:00
ORD_BULK_07337,DISH_BULK_2064,CUST_03026,2026-09-18T08:09:00
ORD_BULK_07338,DISH_BULK_0640,CUST_03766,2026-09-14T12:42:00
ORD_BULK_07339,DISH_BULK_1133,CUST_00857,2026-09-11T03:00:00
ORD_BULK_07340,DISH_BULK_2107,CUST_00895,2026-09-12T07:12:00
ORD_BULK_07341,DISH_BULK_2852,CUST_02226,2026-09-11T12:54:00
ORD_BULK_07342,DISH_BULK_0501,CUST_00780,2026-09-11T01:10:00
ORD_BULK_07343,DISH_BULK_0471,CUST_00820,2026-09-17T05:38:00
ORD_BULK_07344,DISH_BULK_0540,CUST_03600,2026-09-17T16:10:00
ORD_BULK_07345,DISH_PNR_030,CUST_02568,2026-09-13T19:14:00
ORD_BULK_07346,DISH_BULK_2510,CUST_00380,2026-09-11T00:06:00
ORD_BULK_07347,DISH_BULK_1498,CUST_03025,2026-09-10T10:12:00
ORD_BULK_07348,DISH_BULK_0322,CUST_02129,2026-09-13T02:49:00
ORD_BULK_07349,DISH_BULK_1655,CUST_01075,2026-09-15T21:40:00
ORD_BULK_07350,DISH_BULK_0609,CUST_00836,2026-09-18T11:56:00
ORD_BULK_07351,DISH_BULK_2218,CUST_01898,2026-09-14T06:12:00
ORD_BULK_07352,DISH_BULK_0053,CUST_02182,2026-09-12T05:04:00
ORD_BULK_07353,DISH_BULK_1885,CUST_01655,2026-09-16T05:38:00
ORD_BULK_07354,DISH_BULK_2846,CUST_00357,2026-09-17T21:37:00
ORD_BULK_07355,DISH_BULK_1821,CUST_00725,2026-09-12T09:20:00
ORD_BULK_07356,DISH_BULK_1387,CUST_01967,2026-09-15T14:46:00
ORD_BULK_07357,DISH_BULK_1268,CUST_01067,2026-09-14T11:10:00
ORD_BULK_07358,DISH_BULK_2256,CUST_02572,2026-09-13T08:32:00
ORD_BULK_07359,DISH_BULK_1935,CUST_00556,2026-09-14T15:28:00
ORD_BULK_07360,DISH_BULK_0587,CUST_03534,2026-09-16T19:58:00
ORD_BULK_07361,DISH_BULK_0087,CUST_01333,2026-09-11T22:53:00
ORD_BULK_07362,DISH_BULK_2487,CUST_00370,2026-09-16T03:31:00
ORD_BULK_07363,DISH_BULK_2697,CUST_03039,2026-09-15T11:51:00
ORD_BULK_07364,DISH_BULK_1520,CUST_03685,2026-09-17T19:35:00
ORD_BULK_07365,DISH_BULK_2222,CUST_00988,2026-09-18T15:13:00
ORD_BULK_07366,DISH_BULK_0372,CUST_01608,2026-09-10T22:29:00
ORD_BULK_07367,DISH_BULK_2204,CUST_03560,2026-09-12T09:36:00
ORD_BULK_07368,DISH_BULK_2896,CUST_01801,2026-09-11T17:01:00
ORD_BULK_07369,DISH_BULK_2597,CUST_01921,2026-09-12T07:56:00
ORD_BULK_07370,DISH_BULK_0213,CUST_01873,2026-09-18T03:43:00
ORD_BULK_07371,DISH_BULK_0834,CUST_00813,2026-09-15T08:56:00
ORD_BULK_07372,DISH_BULK_2891,CUST_02984,2026-09-12T19:19:00
ORD_BULK_07373,DISH_BULK_2266,CUST_02685,2026-09-16T23:04:00
ORD_BULK_07374,DISH_BULK_0716,CUST_03919,2026-09-10T15:59:00
ORD_BULK_07375,DISH_BULK_1288,CUST_00745,2026-09-12T07:06:00
ORD_BULK_07376,DISH_BULK_0589,CUST_02362,2026-09-16T18:47:00
ORD_BULK_07377,DISH_BULK_2472,CUST_00877,2026-09-15T00:29:00
ORD_BULK_07378,DISH_BULK_0655,CUST_03914,2026-09-11T11:31:00
ORD_BULK_07379,DISH_BULK_1703,CUST_03275,2026-09-14T01:16:00
ORD_BULK_07380,DISH_BULK_2646,CUST_03498,2026-09-16T23:47:00
ORD_BULK_07381,DISH_BULK_0262,CUST_02623,2026-09-13T18:47:00
ORD_BULK_07382,DISH_BULK_0921,CUST_02266,2026-09-16T14:21:00
ORD_BULK_07383,DISH_BULK_0543,CUST_00969,2026-09-12T05:28:00
ORD_BULK_07384,DISH_BULK_1285,CUST_02676,2026-09-14T11:18:00
ORD_BULK_07385,DISH_BULK_2831,CUST_03950,2026-09-13T02:46:00
ORD_BULK_07386,DISH_BULK_2319,CUST_03505,2026-09-16T11:30:00
ORD_BULK_07387,DISH_BULK_0786,CUST_01312,2026-09-16T15:48:00
ORD_BULK_07388,DISH_BULK_1215,CUST_01093,2026-09-15T02:06:00
ORD_BULK_07389,DISH_BULK_0454,CUST_02004,2026-09-18T13:54:00
ORD_BULK_07390,DISH_BULK_2594,CUST_01897,2026-09-15T22:38:00
ORD_BULK_07391,DISH_BULK_0850,CUST_00662,2026-09-14T19:20:00
ORD_BULK_07392,DISH_BULK_1141,CUST_01013,2026-09-10T13:20:00
ORD_BULK_07393,DISH_BULK_2292,CUST_01363,2026-09-13T07:16:00
ORD_BULK_07394,DISH_BULK_0993,CUST_02366,2026-09-16T00:01:00
ORD_BULK_07395,DISH_BULK_2457,CUST_02931,2026-09-18T13:58:00
ORD_BULK_07396,DISH_BULK_0431,CUST_00740,2026-09-15T10:00:00
ORD_BULK_07397,DISH_BULK_2426,CUST_03379,2026-09-16T22:59:00
ORD_BULK_07398,DISH_BULK_1751,CUST_00012,2026-09-12T11:00:00
ORD_BULK_07399,DISH_BULK_2292,CUST_00715,2026-09-15T08:11:00
ORD_BULK_07400,DISH_BULK_0240,CUST_00664,2026-09-10T23:08:00
ORD_BULK_07401,DISH_BULK_1310,CUST_01010,2026-09-17T22:03:00
ORD_BULK_07402,DISH_BULK_2394,CUST_01920,2026-09-16T07:54:00
ORD_BULK_07403,DISH_BULK_1992,CUST_02945,2026-09-11T14:43:00
ORD_BULK_07404,DISH_BULK_0831,CUST_02009,2026-09-18T09:18:00
ORD_BULK_07405,DISH_BULK_1292,CUST_00567,2026-09-16T22:15:00
ORD_BULK_07406,DISH_BULK_2240,CUST_03875,2026-09-16T05:42:00
ORD_BULK_07407,DISH_BULK_0949,CUST_00536,2026-09-12T00:45:00
ORD_BULK_07408,DISH_BULK_0069,CUST_03328,2026-09-18T00:22:00
ORD_BULK_07409,DISH_BULK_0357,CUST_00552,2026-09-14T11:28:00
ORD_BULK_07410,DISH_BULK_1580,CUST_02987,2026-09-18T14:16:00
ORD_BULK_07411,DISH_BULK_0176,CUST_02245,2026-09-12T11:27:00
ORD_BULK_07412,DISH_BULK_0663,CUST_00155,2026-09-10T20:08:00
ORD_BULK_07413,DISH_BULK_1040,CUST_03118,2026-09-16T15:20:00
ORD_BULK_07414,DISH_BULK_1956,CUST_02485,2026-09-18T03:19:00
ORD_BULK_07415,DISH_BULK_1861,CUST_02125,2026-09-16T01:28:00
ORD_BULK_07416,DISH_BULK_2026,CUST_03538,2026-09-16T19:21:00
ORD_BULK_07417,DISH_BULK_1749,CUST_01431,2026-09-18T02:40:00
ORD_BULK_07418,DISH_BULK_0816,CUST_02840,2026-09-18T13:09:00
ORD_BULK_07419,DISH_BULK_2841,CUST_03599,2026-09-14T13:38:00
ORD_BULK_07420,DISH_BULK_2687,CUST_02107,2026-09-14T09:35:00
ORD_BULK_07421,DISH_BULK_0710,CUST_00970,2026-09-17T14:03:00
ORD_BULK_07422,DISH_BULK_2145,CUST_01616,2026-09-11T00:37:00
ORD_BULK_07423,DISH_BULK_0119,CUST_00828,2026-09-10T12:44:00
ORD_BULK_07424,DISH_BULK_1093,CUST_01238,2026-09-13T00:31:00
ORD_BULK_07425,DISH_BULK_1542,CUST_02644,2026-09-11T06:23:00
ORD_BULK_07426,DISH_BULK_2299,CUST_03503,2026-09-16T20:41:00
ORD_BULK_07427,DISH_BULK_1267,CUST_00449,2026-09-15T13:40:00
ORD_BULK_07428,DISH_BULK_0226,CUST_01421,2026-09-12T04:30:00
ORD_BULK_07429,DISH_BULK_0814,CUST_03572,2026-09-18T14:46:00
ORD_BULK_07430,DISH_BULK_2290,CUST_03681,2026-09-11T09:33:00
ORD_BULK_07431,DISH_BULK_0047,CUST_03191,2026-09-12T00:44:00
ORD_BULK_07432,DISH_BULK_2587,CUST_02365,2026-09-12T05:43:00
ORD_BULK_07433,DISH_BULK_2943,CUST_03858,2026-09-17T00:15:00
ORD_BULK_07434,DISH_BULK_1380,CUST_02720,2026-09-10T14:33:00
ORD_BULK_07435,DISH_BULK_0332,CUST_01241,2026-09-12T14:17:00
ORD_BULK_07436,DISH_BULK_1911,CUST_01136,2026-09-17T18:31:00
ORD_BULK_07437,DISH_BULK_2048,CUST_00790,2026-09-10T23:28:00
ORD_BULK_07438,DISH_BULK_2461,CUST_03373,2026-09-12T13:36:00
ORD_BULK_07439,DISH_PNR_021,CUST_02362,2026-09-15T01:28:00
ORD_BULK_07440,DISH_BULK_1879,CUST_00339,2026-09-12T17:27:00
ORD_BULK_07441,DISH_BULK_2767,CUST_02431,2026-09-16T00:29:00
ORD_BULK_07442,DISH_BULK_0334,CUST_02494,2026-09-11T15:26:00
ORD_BULK_07443,DISH_BULK_0548,CUST_01630,2026-09-10T21:13:00
ORD_BULK_07444,DISH_BULK_2547,CUST_00619,2026-09-18T15:49:00
ORD_BULK_07445,DISH_BULK_0575,CUST_00474,2026-09-12T16:35:00
ORD_BULK_07446,DISH_BULK_0598,CUST_00484,2026-09-18T03:32:00
ORD_BULK_07447,DISH_BULK_2822,CUST_03933,2026-09-15T13:42:00
ORD_BULK_07448,DISH_BULK_1633,CUST_01912,2026-09-17T20:16:00
ORD_BULK_07449,DISH_BULK_0525,CUST_00220,2026-09-11T15:26:00
ORD_BULK_07450,DISH_BULK_2435,CUST_03160,2026-09-17T23:53:00
ORD_BULK_07451,DISH_BULK_0319,CUST_00475,2026-09-11T14:46:00
ORD_BULK_07452,DISH_BULK_1521,CUST_01650,2026-09-11T12:32:00
ORD_BULK_07453,DISH_BULK_0484,CUST_03741,2026-09-12T09:20:00
ORD_BULK_07454,DISH_BULK_0125,CUST_00496,2026-09-17T08:37:00
ORD_BULK_07455,DISH_BULK_2909,CUST_00131,2026-09-15T09:55:00
ORD_BULK_07456,DISH_BULK_0511,CUST_02962,2026-09-14T05:38:00
ORD_BULK_07457,DISH_BULK_2664,CUST_03042,2026-09-16T08:29:00
ORD_BULK_07458,DISH_BULK_1746,CUST_03820,2026-09-13T03:54:00
ORD_BULK_07459,DISH_BULK_0764,CUST_03791,2026-09-17T10:06:00
ORD_BULK_07460,DISH_BULK_2942,CUST_00877,2026-09-10T18:06:00
ORD_BULK_07461,DISH_BULK_1156,CUST_02343,2026-09-12T12:33:00
ORD_BULK_07462,DISH_BULK_1721,CUST_01558,2026-09-14T04:06:00
ORD_BULK_07463,DISH_BULK_0807,CUST_02197,2026-09-10T11:39:00
ORD_BULK_07464,DISH_BULK_2658,CUST_00733,2026-09-15T12:20:00
ORD_BULK_07465,DISH_BULK_2618,CUST_03592,2026-09-17T21:37:00
ORD_BULK_07466,DISH_BULK_1188,CUST_03182,2026-09-16T06:15:00
ORD_BULK_07467,DISH_BULK_0378,CUST_00613,2026-09-13T13:01:00
ORD_BULK_07468,DISH_BULK_0675,CUST_00412,2026-09-11T08:36:00
ORD_BULK_07469,DISH_BULK_1119,CUST_00094,2026-09-16T16:28:00
ORD_BULK_07470,DISH_BULK_2751,CUST_01618,2026-09-17T10:45:00
ORD_BULK_07471,DISH_BULK_2103,CUST_00576,2026-09-14T04:03:00
ORD_BULK_07472,DISH_PNR_036,CUST_02362,2026-09-17T21:34:00
ORD_BULK_07473,DISH_BULK_1291,CUST_00552,2026-09-12T00:59:00
ORD_BULK_07474,DISH_BULK_2396,CUST_01175,2026-09-14T14:33:00
ORD_BULK_07475,DISH_BULK_0481,CUST_00071,2026-09-17T01:29:00
ORD_BULK_07476,DISH_BULK_0747,CUST_02870,2026-09-14T12:08:00
ORD_BULK_07477,DISH_BULK_1387,CUST_02956,2026-09-14T15:54:00
ORD_BULK_07478,DISH_BULK_0224,CUST_03320,2026-09-17T18:54:00
ORD_BULK_07479,DISH_PNR_006,CUST_03299,2026-09-12T18:36:00
ORD_BULK_07480,DISH_BULK_2885,CUST_02732,2026-09-16T19:20:00
ORD_BULK_07481,DISH_BULK_2396,CUST_01415,2026-09-11T19:00:00
ORD_BULK_07482,DISH_BULK_2798,CUST_02390,2026-09-15T23:35:00
ORD_BULK_07483,DISH_BULK_0023,CUST_03180,2026-09-11T10:32:00
ORD_BULK_07484,DISH_BULK_0891,CUST_03969,2026-09-15T11:53:00
ORD_BULK_07485,DISH_BULK_0439,CUST_00582,2026-09-13T11:13:00
ORD_BULK_07486,DISH_BULK_0735,CUST_01737,2026-09-14T10:02:00
ORD_BULK_07487,DISH_BULK_2205,CUST_01338,2026-09-16T11:21:00
ORD_BULK_07488,DISH_BULK_1455,CUST_01587,2026-09-13T19:48:00
ORD_BULK_07489,DISH_BULK_0487,CUST_00869,2026-09-10T15:23:00
ORD_BULK_07490,DISH_BULK_1016,CUST_03857,2026-09-11T04:27:00
ORD_BULK_07491,DISH_BULK_0593,CUST_00106,2026-09-11T22:27:00
ORD_BULK_07492,DISH_BULK_1927,CUST_03811,2026-09-10T22:41:00
ORD_BULK_07493,DISH_BULK_1684,CUST_00505,2026-09-14T10:48:00
ORD_BULK_07494,DISH_BULK_2469,CUST_00664,2026-09-15T18:53:00
ORD_BULK_07495,DISH_BULK_0899,CUST_02284,2026-09-15T23:07:00
ORD_BULK_07496,DISH_BULK_1092,CUST_00248,2026-09-12T05:25:00
ORD_BULK_07497,DISH_BULK_2407,CUST_02538,2026-09-11T00:47:00
ORD_BULK_07498,DISH_BULK_1768,CUST_02945,2026-09-18T13:01:00
ORD_BULK_07499,DISH_BULK_0303,CUST_01767,2026-09-15T04:22:00
ORD_BULK_07500,DISH_BULK_2373,CUST_00092,2026-09-15T00:35:00
ORD_BULK_07501,DISH_BULK_0888,CUST_00533,2026-09-11T18:32:00
ORD_BULK_07502,DISH_BULK_1106,CUST_02176,2026-09-17T17:31:00
ORD_BULK_07503,DISH_BULK_0392,CUST_01403,2026-09-13T23:13:00
ORD_BULK_07504,DISH_BULK_1023,CUST_03904,2026-09-12T03:18:00
ORD_BULK_07505,DISH_BULK_2757,CUST_02588,2026-09-17T15:19:00
ORD_BULK_07506,DISH_PNR_032,CUST_00909,2026-09-18T07:28:00
ORD_BULK_07507,DISH_BULK_2863,CUST_03549,2026-09-13T13:56:00
ORD_BULK_07508,DISH_BULK_0086,CUST_01023,2026-09-11T00:00:00
ORD_BULK_07509,DISH_BULK_0464,CUST_00070,2026-09-17T08:14:00
ORD_BULK_07510,DISH_BULK_1441,CUST_03720,2026-09-14T22:44:00
ORD_BULK_07511,DISH_BULK_1987,CUST_02312,2026-09-17T14:43:00
ORD_BULK_07512,DISH_BULK_1803,CUST_01510,2026-09-15T03:33:00
ORD_BULK_07513,DISH_BULK_1216,CUST_02552,2026-09-11T01:43:00
ORD_BULK_07514,DISH_BULK_1473,CUST_01814,2026-09-17T01:08:00
ORD_BULK_07515,DISH_BULK_2727,CUST_03189,2026-09-14T07:02:00
ORD_BULK_07516,DISH_BULK_1477,CUST_01168,2026-09-15T04:05:00
ORD_BULK_07517,DISH_BULK_0660,CUST_03874,2026-09-13T03:12:00
ORD_BULK_07518,DISH_BULK_0983,CUST_01965,2026-09-11T13:03:00
ORD_BULK_07519,DISH_BULK_0514,CUST_03428,2026-09-13T04:34:00
ORD_BULK_07520,DISH_BULK_1845,CUST_01779,2026-09-10T08:44:00
ORD_BULK_07521,DISH_BULK_0406,CUST_00181,2026-09-16T15:32:00
ORD_BULK_07522,DISH_BULK_0197,CUST_03151,2026-09-11T16:21:00
ORD_BULK_07523,DISH_BULK_2060,CUST_00503,2026-09-10T18:34:00
ORD_BULK_07524,DISH_BULK_0802,CUST_00110,2026-09-15T00:39:00
ORD_BULK_07525,DISH_BULK_2222,CUST_00942,2026-09-11T11:24:00
ORD_BULK_07526,DISH_BULK_1794,CUST_01633,2026-09-13T11:24:00
ORD_BULK_07527,DISH_BULK_0322,CUST_02003,2026-09-12T04:12:00
ORD_BULK_07528,DISH_BULK_1689,CUST_02115,2026-09-10T19:38:00
ORD_BULK_07529,DISH_BULK_2183,CUST_00054,2026-09-16T05:08:00
ORD_BULK_07530,DISH_BULK_0353,CUST_03328,2026-09-18T14:27:00
ORD_BULK_07531,DISH_BULK_2699,CUST_01501,2026-09-15T10:16:00
ORD_BULK_07532,DISH_BULK_0393,CUST_00607,2026-09-17T01:51:00
ORD_BULK_07533,DISH_BULK_0078,CUST_03558,2026-09-18T12:33:00
ORD_BULK_07534,DISH_BULK_0397,CUST_03991,2026-09-14T05:35:00
ORD_BULK_07535,DISH_BULK_2838,CUST_00250,2026-09-15T14:33:00
ORD_BULK_07536,DISH_BULK_0299,CUST_00801,2026-09-16T02:49:00
ORD_BULK_07537,DISH_BULK_0127,CUST_01674,2026-09-15T11:41:00
ORD_BULK_07538,DISH_BULK_0370,CUST_01010,2026-09-10T22:42:00
ORD_BULK_07539,DISH_BULK_1846,CUST_02919,2026-09-12T22:35:00
ORD_BULK_07540,DISH_BULK_1314,CUST_00327,2026-09-10T21:03:00
ORD_BULK_07541,DISH_BULK_1132,CUST_01480,2026-09-16T08:54:00
ORD_BULK_07542,DISH_BULK_1082,CUST_02016,2026-09-13T17:59:00
ORD_BULK_07543,DISH_BULK_0771,CUST_03282,2026-09-14T21:23:00
ORD_BULK_07544,DISH_BULK_0670,CUST_00468,2026-09-18T08:15:00
ORD_BULK_07545,DISH_BULK_0759,CUST_00102,2026-09-10T12:45:00
ORD_BULK_07546,DISH_BULK_2268,CUST_01783,2026-09-12T09:37:00
ORD_BULK_07547,DISH_BULK_1383,CUST_02178,2026-09-16T08:12:00
ORD_BULK_07548,DISH_BULK_2724,CUST_01456,2026-09-15T10:00:00
ORD_BULK_07549,DISH_BULK_1698,CUST_02882,2026-09-15T05:16:00
ORD_BULK_07550,DISH_BULK_2395,CUST_01040,2026-09-15T23:29:00
ORD_BULK_07551,DISH_BULK_0075,CUST_00838,2026-09-11T16:54:00
ORD_BULK_07552,DISH_BULK_2252,CUST_00023,2026-09-14T03:08:00
ORD_BULK_07553,DISH_BULK_0768,CUST_02749,2026-09-12T14:42:00
ORD_BULK_07554,DISH_BULK_2440,CUST_01649,2026-09-12T02:45:00
ORD_BULK_07555,DISH_BULK_1754,CUST_03777,2026-09-13T05:25:00
ORD_BULK_07556,DISH_BULK_1745,CUST_03644,2026-09-14T19:29:00
ORD_BULK_07557,DISH_BULK_1743,CUST_03372,2026-09-12T00:39:00
ORD_BULK_07558,DISH_BULK_0277,CUST_01447,2026-09-16T23:47:00
ORD_BULK_07559,DISH_BULK_0216,CUST_02149,2026-09-13T01:41:00
ORD_BULK_07560,DISH_BULK_0520,CUST_02866,2026-09-15T17:42:00
ORD_BULK_07561,DISH_BULK_0031,CUST_00132,2026-09-10T23:43:00
ORD_BULK_07562,DISH_BULK_1043,CUST_01651,2026-09-15T01:16:00
ORD_BULK_07563,DISH_BULK_1697,CUST_00411,2026-09-13T20:48:00
ORD_BULK_07564,DISH_BULK_1307,CUST_02568,2026-09-17T00:55:00
ORD_BULK_07565,DISH_BULK_0056,CUST_03093,2026-09-11T02:31:00
ORD_BULK_07566,DISH_BULK_0431,CUST_00208,2026-09-15T10:02:00
ORD_BULK_07567,DISH_BULK_2364,CUST_01990,2026-09-17T22:00:00
ORD_BULK_07568,DISH_BULK_1868,CUST_00510,2026-09-13T04:53:00
ORD_BULK_07569,DISH_BULK_0106,CUST_00081,2026-09-17T18:53:00
ORD_BULK_07570,DISH_BULK_1029,CUST_02399,2026-09-13T00:25:00
ORD_BULK_07571,DISH_BULK_2181,CUST_03147,2026-09-16T14:44:00
ORD_BULK_07572,DISH_BULK_0232,CUST_03361,2026-09-18T11:12:00
ORD_BULK_07573,DISH_BULK_2259,CUST_03102,2026-09-18T07:07:00
ORD_BULK_07574,DISH_BULK_2851,CUST_02585,2026-09-18T06:10:00
ORD_BULK_07575,DISH_BULK_1058,CUST_02352,2026-09-10T08:49:00
ORD_BULK_07576,DISH_BULK_1244,CUST_01022,2026-09-17T22:19:00
ORD_BULK_07577,DISH_BULK_2852,CUST_00270,2026-09-13T22:28:00
ORD_BULK_07578,DISH_BULK_0659,CUST_00174,2026-09-13T05:46:00
ORD_BULK_07579,DISH_BULK_2454,CUST_02494,2026-09-16T01:02:00
ORD_BULK_07580,DISH_BULK_0109,CUST_03309,2026-09-17T01:00:00
ORD_BULK_07581,DISH_BULK_1173,CUST_02649,2026-09-17T03:16:00
ORD_BULK_07582,DISH_BULK_1989,CUST_03807,2026-09-14T19:51:00
ORD_BULK_07583,DISH_BULK_2436,CUST_02168,2026-09-15T22:34:00
ORD_BULK_07584,DISH_BULK_2570,CUST_00917,2026-09-17T16:57:00
ORD_BULK_07585,DISH_BULK_0220,CUST_00814,2026-09-15T14:29:00
ORD_BULK_07586,DISH_BULK_2371,CUST_01799,2026-09-18T03:05:00
ORD_BULK_07587,DISH_BULK_0446,CUST_03333,2026-09-15T01:12:00
ORD_BULK_07588,DISH_BULK_1519,CUST_02470,2026-09-16T15:58:00
ORD_BULK_07589,DISH_BULK_1152,CUST_00419,2026-09-15T00:11:00
ORD_BULK_07590,DISH_BULK_1518,CUST_03914,2026-09-11T11:11:00
ORD_BULK_07591,DISH_BULK_0562,CUST_00886,2026-09-15T20:25:00
ORD_BULK_07592,DISH_BULK_1128,CUST_03902,2026-09-10T21:24:00
ORD_BULK_07593,DISH_BULK_1940,CUST_01966,2026-09-16T19:55:00
ORD_BULK_07594,DISH_BULK_1044,CUST_01017,2026-09-12T23:42:00
ORD_BULK_07595,DISH_BULK_0667,CUST_03122,2026-09-14T00:00:00
ORD_BULK_07596,DISH_BULK_1743,CUST_00750,2026-09-12T17:35:00
ORD_BULK_07597,DISH_BULK_2775,CUST_03961,2026-09-16T04:44:00
ORD_BULK_07598,DISH_BULK_2697,CUST_02421,2026-09-17T02:30:00
ORD_BULK_07599,DISH_BULK_1138,CUST_02388,2026-09-16T19:13:00
ORD_BULK_07600,DISH_BULK_0420,CUST_02501,2026-09-15T09:48:00
ORD_BULK_07601,DISH_BULK_0014,CUST_00275,2026-09-18T10:17:00
ORD_BULK_07602,DISH_BULK_1035,CUST_00677,2026-09-15T05:38:00
ORD_BULK_07603,DISH_BULK_2658,CUST_00572,2026-09-10T15:11:00
ORD_BULK_07604,DISH_BULK_0831,CUST_01914,2026-09-10T21:55:00
ORD_BULK_07605,DISH_BULK_2065,CUST_01888,2026-09-16T11:36:00
ORD_BULK_07606,DISH_BULK_0656,CUST_00433,2026-09-11T08:18:00
ORD_BULK_07607,DISH_BULK_1636,CUST_00225,2026-09-12T03:14:00
ORD_BULK_07608,DISH_BULK_2660,CUST_02726,2026-09-17T20:01:00
ORD_BULK_07609,DISH_BULK_0066,CUST_02584,2026-09-17T20:20:00
ORD_BULK_07610,DISH_BULK_2525,CUST_01063,2026-09-11T09:57:00
ORD_BULK_07611,DISH_BULK_2189,CUST_03866,2026-09-11T06:51:00
ORD_BULK_07612,DISH_BULK_0917,CUST_01513,2026-09-18T02:52:00
ORD_BULK_07613,DISH_BULK_2828,CUST_03076,2026-09-17T07:59:00
ORD_BULK_07614,DISH_BULK_2295,CUST_02102,2026-09-17T02:36:00
ORD_BULK_07615,DISH_BULK_2020,CUST_03625,2026-09-16T23:39:00
ORD_BULK_07616,DISH_BULK_1791,CUST_03690,2026-09-12T00:01:00
ORD_BULK_07617,DISH_BULK_0412,CUST_00343,2026-09-15T09:21:00
ORD_BULK_07618,DISH_BULK_0045,CUST_02994,2026-09-16T10:46:00
ORD_BULK_07619,DISH_BULK_2016,CUST_02564,2026-09-17T00:28:00
ORD_BULK_07620,DISH_BULK_1140,CUST_03801,2026-09-17T20:37:00
ORD_BULK_07621,DISH_BULK_2035,CUST_00126,2026-09-11T03:16:00
ORD_BULK_07622,DISH_BULK_2192,CUST_03802,2026-09-14T20:57:00
ORD_BULK_07623,DISH_BULK_1019,CUST_01246,2026-09-16T10:07:00
ORD_BULK_07624,DISH_BULK_0520,CUST_00659,2026-09-11T16:50:00
ORD_BULK_07625,DISH_BULK_1802,CUST_03879,2026-09-14T09:13:00
ORD_BULK_07626,DISH_BULK_2091,CUST_02102,2026-09-12T23:39:00
ORD_BULK_07627,DISH_BULK_2293,CUST_01804,2026-09-16T02:24:00
ORD_BULK_07628,DISH_BULK_1485,CUST_01793,2026-09-10T11:08:00
ORD_BULK_07629,DISH_BULK_2162,CUST_00707,2026-09-11T00:51:00
ORD_BULK_07630,DISH_BULK_0059,CUST_01063,2026-09-16T11:28:00
ORD_BULK_07631,DISH_BULK_0145,CUST_01716,2026-09-15T17:31:00
ORD_BULK_07632,DISH_BULK_1265,CUST_01939,2026-09-17T22:01:00
ORD_BULK_07633,DISH_BULK_0337,CUST_03395,2026-09-12T09:06:00
ORD_BULK_07634,DISH_BULK_0727,CUST_01558,2026-09-16T17:51:00
ORD_BULK_07635,DISH_BULK_0302,CUST_01227,2026-09-17T02:39:00
ORD_BULK_07636,DISH_BULK_1605,CUST_00375,2026-09-17T16:56:00
ORD_BULK_07637,DISH_BULK_2690,CUST_00345,2026-09-12T03:05:00
ORD_BULK_07638,DISH_BULK_2046,CUST_03650,2026-09-16T00:26:00
ORD_BULK_07639,DISH_BULK_2716,CUST_03348,2026-09-17T01:13:00
ORD_BULK_07640,DISH_BULK_1061,CUST_03242,2026-09-12T05:09:00
ORD_BULK_07641,DISH_BULK_2411,CUST_02747,2026-09-15T03:38:00
ORD_BULK_07642,DISH_BULK_2246,CUST_03703,2026-09-16T01:48:00
ORD_BULK_07643,DISH_BULK_0570,CUST_01898,2026-09-18T14:18:00
ORD_BULK_07644,DISH_BULK_1560,CUST_02370,2026-09-17T23:01:00
ORD_BULK_07645,DISH_BULK_1908,CUST_02723,2026-09-17T13:30:00
ORD_BULK_07646,DISH_BULK_0158,CUST_01095,2026-09-10T19:46:00
ORD_BULK_07647,DISH_BULK_2365,CUST_01453,2026-09-12T22:37:00
ORD_BULK_07648,DISH_BULK_2876,CUST_00483,2026-09-13T06:37:00
ORD_BULK_07649,DISH_BULK_0316,CUST_03237,2026-09-16T22:38:00
ORD_BULK_07650,DISH_BULK_1688,CUST_00461,2026-09-14T08:49:00
ORD_BULK_07651,DISH_BULK_1703,CUST_00181,2026-09-15T22:59:00
ORD_BULK_07652,DISH_BULK_2214,CUST_02631,2026-09-13T03:45:00
ORD_BULK_07653,DISH_BULK_0679,CUST_01997,2026-09-13T13:34:00
ORD_BULK_07654,DISH_BULK_2715,CUST_03661,2026-09-18T04:40:00
ORD_BULK_07655,DISH_BULK_2219,CUST_02287,2026-09-12T21:12:00
ORD_BULK_07656,DISH_BULK_1319,CUST_02961,2026-09-14T15:03:00
ORD_BULK_07657,DISH_BULK_1404,CUST_00439,2026-09-15T13:40:00
ORD_BULK_07658,DISH_BULK_2333,CUST_03269,2026-09-17T19:51:00
ORD_BULK_07659,DISH_BULK_2698,CUST_02627,2026-09-14T20:43:00
ORD_BULK_07660,DISH_BULK_0698,CUST_01200,2026-09-17T14:45:00
ORD_BULK_07661,DISH_BULK_0139,CUST_03625,2026-09-17T05:08:00
ORD_BULK_07662,DISH_BULK_1681,CUST_02876,2026-09-17T14:40:00
ORD_BULK_07663,DISH_BULK_1113,CUST_03421,2026-09-17T06:31:00
ORD_BULK_07664,DISH_BULK_1495,CUST_01572,2026-09-16T13:18:00
ORD_BULK_07665,DISH_BULK_0972,CUST_02951,2026-09-13T08:18:00
ORD_BULK_07666,DISH_BULK_2459,CUST_01759,2026-09-10T14:59:00
ORD_BULK_07667,DISH_BULK_1042,CUST_01856,2026-09-16T03:43:00
ORD_BULK_07668,DISH_BULK_1233,CUST_00622,2026-09-11T01:41:00
ORD_BULK_07669,DISH_BULK_1772,CUST_00048,2026-09-12T01:45:00
ORD_BULK_07670,DISH_BULK_2251,CUST_01385,2026-09-11T11:54:00
ORD_BULK_07671,DISH_BULK_1534,CUST_00584,2026-09-12T03:38:00
ORD_BULK_07672,DISH_BULK_1410,CUST_02376,2026-09-13T02:23:00
ORD_BULK_07673,DISH_BULK_2535,CUST_01666,2026-09-13T11:09:00
ORD_BULK_07674,DISH_BULK_2176,CUST_02240,2026-09-11T18:08:00
ORD_BULK_07675,DISH_PNR_002,CUST_02059,2026-09-16T20:42:00
ORD_BULK_07676,DISH_BULK_0863,CUST_01090,2026-09-16T09:59:00
ORD_BULK_07677,DISH_BULK_1592,CUST_02182,2026-09-18T06:14:00
ORD_BULK_07678,DISH_BULK_2009,CUST_00934,2026-09-17T07:41:00
ORD_BULK_07679,DISH_BULK_0122,CUST_03606,2026-09-15T07:01:00
ORD_BULK_07680,DISH_BULK_0517,CUST_01059,2026-09-14T19:54:00
ORD_BULK_07681,DISH_BULK_1918,CUST_00620,2026-09-16T07:57:00
ORD_BULK_07682,DISH_BULK_1777,CUST_02466,2026-09-16T21:13:00
ORD_BULK_07683,DISH_BULK_0233,CUST_01741,2026-09-10T14:01:00
ORD_BULK_07684,DISH_BULK_2506,CUST_03413,2026-09-11T01:18:00
ORD_BULK_07685,DISH_BULK_0319,CUST_01229,2026-09-11T04:10:00
ORD_BULK_07686,DISH_BULK_0832,CUST_03399,2026-09-11T14:50:00
ORD_BULK_07687,DISH_BULK_2356,CUST_03671,2026-09-18T13:54:00
ORD_BULK_07688,DISH_BULK_0970,CUST_01466,2026-09-17T20:32:00
ORD_BULK_07689,DISH_BULK_2410,CUST_02622,2026-09-12T04:34:00
ORD_BULK_07690,DISH_BULK_0791,CUST_02928,2026-09-14T23:14:00
ORD_BULK_07691,DISH_BULK_0396,CUST_00953,2026-09-12T18:15:00
ORD_BULK_07692,DISH_BULK_1900,CUST_02948,2026-09-14T23:18:00
ORD_BULK_07693,DISH_PNR_002,CUST_01400,2026-09-12T10:56:00
ORD_BULK_07694,DISH_BULK_0972,CUST_00180,2026-09-13T05:29:00
ORD_BULK_07695,DISH_BULK_1269,CUST_02279,2026-09-16T03:32:00
ORD_BULK_07696,DISH_BULK_0340,CUST_01641,2026-09-14T02:46:00
ORD_BULK_07697,DISH_BULK_2822,CUST_00090,2026-09-12T05:12:00
ORD_BULK_07698,DISH_BULK_1429,CUST_03713,2026-09-13T12:01:00
ORD_BULK_07699,DISH_BULK_1191,CUST_02030,2026-09-11T23:29:00
ORD_BULK_07700,DISH_BULK_1027,CUST_00511,2026-09-17T08:17:00
ORD_BULK_07701,DISH_BULK_0352,CUST_01757,2026-09-13T22:48:00
ORD_BULK_07702,DISH_BULK_2617,CUST_00130,2026-09-12T12:46:00
ORD_BULK_07703,DISH_BULK_2808,CUST_01185,2026-09-13T10:42:00
ORD_BULK_07704,DISH_BULK_0069,CUST_03227,2026-09-16T18:53:00
ORD_BULK_07705,DISH_BULK_1659,CUST_01647,2026-09-11T01:15:00
ORD_BULK_07706,DISH_BULK_1879,CUST_03095,2026-09-15T20:13:00
ORD_BULK_07707,DISH_BULK_0221,CUST_03164,2026-09-16T04:50:00
ORD_BULK_07708,DISH_BULK_0473,CUST_02868,2026-09-13T06:38:00
ORD_BULK_07709,DISH_BULK_2389,CUST_02205,2026-09-16T20:31:00
ORD_BULK_07710,DISH_BULK_2192,CUST_02583,2026-09-10T19:25:00
ORD_BULK_07711,DISH_BULK_2193,CUST_02217,2026-09-18T15:11:00
ORD_BULK_07712,DISH_PNR_012,CUST_03549,2026-09-14T21:25:00
ORD_BULK_07713,DISH_BULK_1845,CUST_03414,2026-09-16T14:30:00
ORD_BULK_07714,DISH_BULK_0549,CUST_00397,2026-09-13T10:08:00
ORD_BULK_07715,DISH_BULK_0280,CUST_01814,2026-09-13T09:57:00
ORD_BULK_07716,DISH_BULK_1648,CUST_02118,2026-09-11T12:33:00
ORD_BULK_07717,DISH_BULK_0881,CUST_03440,2026-09-14T01:08:00
ORD_BULK_07718,DISH_BULK_2503,CUST_00757,2026-09-14T19:43:00
ORD_BULK_07719,DISH_BULK_2520,CUST_01543,2026-09-13T08:22:00
ORD_BULK_07720,DISH_BULK_2190,CUST_01730,2026-09-17T08:20:00
ORD_BULK_07721,DISH_BULK_2670,CUST_02206,2026-09-17T08:35:00
ORD_BULK_07722,DISH_BULK_0973,CUST_02863,2026-09-16T22:51:00
ORD_BULK_07723,DISH_BULK_1575,CUST_02853,2026-09-17T08:54:00
ORD_BULK_07724,DISH_BULK_2204,CUST_01804,2026-09-13T21:05:00
ORD_BULK_07725,DISH_BULK_2029,CUST_01562,2026-09-16T18:53:00
ORD_BULK_07726,DISH_BULK_1233,CUST_02821,2026-09-11T08:39:00
ORD_BULK_07727,DISH_BULK_1294,CUST_01394,2026-09-17T00:39:00
ORD_BULK_07728,DISH_BULK_1023,CUST_01285,2026-09-17T20:11:00
ORD_BULK_07729,DISH_BULK_0155,CUST_00454,2026-09-11T17:53:00
ORD_BULK_07730,DISH_BULK_2467,CUST_00553,2026-09-18T13:15:00
ORD_BULK_07731,DISH_BULK_2407,CUST_02784,2026-09-12T09:18:00
ORD_BULK_07732,DISH_BULK_0193,CUST_03461,2026-09-18T03:43:00
ORD_BULK_07733,DISH_BULK_1910,CUST_01480,2026-09-13T03:16:00
ORD_BULK_07734,DISH_BULK_2808,CUST_03805,2026-09-14T16:10:00
ORD_BULK_07735,DISH_BULK_2799,CUST_00183,2026-09-14T07:55:00
ORD_BULK_07736,DISH_BULK_0418,CUST_00289,2026-09-15T17:33:00
ORD_BULK_07737,DISH_BULK_0275,CUST_01731,2026-09-18T02:26:00
ORD_BULK_07738,DISH_BULK_2936,CUST_00254,2026-09-12T22:00:00
ORD_BULK_07739,DISH_BULK_2395,CUST_02203,2026-09-16T15:37:00
ORD_BULK_07740,DISH_BULK_1571,CUST_00849,2026-09-15T03:01:00
ORD_BULK_07741,DISH_BULK_1241,CUST_01019,2026-09-15T00:10:00
ORD_BULK_07742,DISH_BULK_2859,CUST_02653,2026-09-11T18:20:00
ORD_BULK_07743,DISH_BULK_0363,CUST_02109,2026-09-16T22:10:00
ORD_BULK_07744,DISH_BULK_1018,CUST_01343,2026-09-14T13:41:00
ORD_BULK_07745,DISH_BULK_2409,CUST_00229,2026-09-14T15:29:00
ORD_BULK_07746,DISH_BULK_1942,CUST_00032,2026-09-10T21:25:00
ORD_BULK_07747,DISH_BULK_0055,CUST_02434,2026-09-17T19:08:00
ORD_BULK_07748,DISH_BULK_2621,CUST_02345,2026-09-13T18:13:00
ORD_BULK_07749,DISH_BULK_0510,CUST_01224,2026-09-16T08:49:00
ORD_BULK_07750,DISH_BULK_2331,CUST_01025,2026-09-12T08:51:00
ORD_BULK_07751,DISH_BULK_0146,CUST_01202,2026-09-14T14:45:00
ORD_BULK_07752,DISH_BULK_1490,CUST_02796,2026-09-13T10:48:00
ORD_BULK_07753,DISH_BULK_2234,CUST_02513,2026-09-15T06:45:00
ORD_BULK_07754,DISH_BULK_1720,CUST_02038,2026-09-15T00:04:00
ORD_BULK_07755,DISH_BULK_0158,CUST_01339,2026-09-15T07:00:00
ORD_BULK_07756,DISH_BULK_1027,CUST_00663,2026-09-10T11:55:00
ORD_BULK_07757,DISH_BULK_1226,CUST_01290,2026-09-15T03:40:00
ORD_BULK_07758,DISH_BULK_1445,CUST_02008,2026-09-15T08:59:00
ORD_BULK_07759,DISH_BULK_1346,CUST_02202,2026-09-10T15:58:00
ORD_BULK_07760,DISH_BULK_2293,CUST_01846,2026-09-13T20:14:00
ORD_BULK_07761,DISH_BULK_1260,CUST_03952,2026-09-12T20:16:00
ORD_BULK_07762,DISH_BULK_0741,CUST_03201,2026-09-16T02:17:00
ORD_BULK_07763,DISH_BULK_2446,CUST_00119,2026-09-15T04:05:00
ORD_BULK_07764,DISH_BULK_0489,CUST_00994,2026-09-14T12:54:00
ORD_BULK_07765,DISH_BULK_1011,CUST_03273,2026-09-14T22:26:00
ORD_BULK_07766,DISH_BULK_1515,CUST_03209,2026-09-11T19:43:00
ORD_BULK_07767,DISH_BULK_2548,CUST_00755,2026-09-15T02:20:00
ORD_BULK_07768,DISH_BULK_1332,CUST_02870,2026-09-13T14:58:00
ORD_BULK_07769,DISH_BULK_0175,CUST_00445,2026-09-14T20:16:00
ORD_BULK_07770,DISH_BULK_2545,CUST_01369,2026-09-17T04:50:00
ORD_BULK_07771,DISH_BULK_2445,CUST_01422,2026-09-12T22:30:00
ORD_BULK_07772,DISH_BULK_0173,CUST_00038,2026-09-18T05:43:00
ORD_BULK_07773,DISH_BULK_2719,CUST_01743,2026-09-12T03:45:00
ORD_BULK_07774,DISH_BULK_0718,CUST_00486,2026-09-12T07:45:00
ORD_BULK_07775,DISH_BULK_0577,CUST_01205,2026-09-12T09:26:00
ORD_BULK_07776,DISH_BULK_1805,CUST_01754,2026-09-15T18:37:00
ORD_BULK_07777,DISH_BULK_2796,CUST_02690,2026-09-15T17:25:00
ORD_BULK_07778,DISH_BULK_1226,CUST_01644,2026-09-11T20:40:00
ORD_BULK_07779,DISH_BULK_1248,CUST_02512,2026-09-11T02:23:00
ORD_BULK_07780,DISH_BULK_1552,CUST_00114,2026-09-11T12:18:00
ORD_BULK_07781,DISH_BULK_0277,CUST_00725,2026-09-13T12:42:00
ORD_BULK_07782,DISH_BULK_2858,CUST_00410,2026-09-11T09:12:00
ORD_BULK_07783,DISH_BULK_1479,CUST_03731,2026-09-16T01:27:00
ORD_BULK_07784,DISH_BULK_0982,CUST_02185,2026-09-16T05:11:00
ORD_BULK_07785,DISH_BULK_2573,CUST_01591,2026-09-11T00:22:00
ORD_BULK_07786,DISH_PNR_026,CUST_03115,2026-09-16T10:35:00
ORD_BULK_07787,DISH_BULK_0015,CUST_00444,2026-09-15T17:35:00
ORD_BULK_07788,DISH_BULK_2365,CUST_02115,2026-09-14T20:09:00
ORD_BULK_07789,DISH_BULK_1924,CUST_02913,2026-09-15T23:02:00
ORD_BULK_07790,DISH_BULK_2242,CUST_00524,2026-09-12T13:29:00
ORD_BULK_07791,DISH_BULK_0278,CUST_00709,2026-09-16T21:47:00
ORD_BULK_07792,DISH_BULK_2393,CUST_03615,2026-09-14T09:51:00
ORD_BULK_07793,DISH_BULK_1772,CUST_03813,2026-09-10T11:43:00
ORD_BULK_07794,DISH_BULK_1073,CUST_01828,2026-09-11T20:50:00
ORD_BULK_07795,DISH_BULK_2896,CUST_01674,2026-09-13T07:50:00
ORD_BULK_07796,DISH_BULK_0626,CUST_02616,2026-09-15T04:03:00
ORD_BULK_07797,DISH_BULK_0265,CUST_00604,2026-09-18T15:27:00
ORD_BULK_07798,DISH_BULK_0408,CUST_03767,2026-09-12T04:57:00
ORD_BULK_07799,DISH_BULK_0173,CUST_00836,2026-09-16T08:23:00
ORD_BULK_07800,DISH_BULK_0983,CUST_00938,2026-09-15T18:43:00
ORD_BULK_07801,DISH_BULK_1355,CUST_00934,2026-09-15T05:26:00
ORD_BULK_07802,DISH_BULK_1370,CUST_02853,2026-09-17T00:45:00
ORD_BULK_07803,DISH_BULK_2942,CUST_01581,2026-09-16T09:21:00
ORD_BULK_07804,DISH_BULK_0150,CUST_01890,2026-09-16T15:18:00
ORD_BULK_07805,DISH_BULK_1389,CUST_03989,2026-09-17T13:32:00
ORD_BULK_07806,DISH_BULK_0645,CUST_01510,2026-09-13T08:17:00
ORD_BULK_07807,DISH_BULK_2059,CUST_00717,2026-09-13T20:35:00
ORD_BULK_07808,DISH_BULK_0477,CUST_00506,2026-09-17T23:25:00
ORD_BULK_07809,DISH_BULK_2237,CUST_02846,2026-09-12T23:30:00
ORD_BULK_07810,DISH_BULK_2016,CUST_01329,2026-09-13T05:08:00
ORD_BULK_07811,DISH_BULK_1436,CUST_03265,2026-09-13T09:16:00
ORD_BULK_07812,DISH_BULK_0147,CUST_00129,2026-09-18T00:32:00
ORD_BULK_07813,DISH_BULK_1712,CUST_01043,2026-09-13T19:25:00
ORD_BULK_07814,DISH_BULK_2627,CUST_01505,2026-09-13T13:52:00
ORD_BULK_07815,DISH_BULK_2625,CUST_01914,2026-09-14T04:26:00
ORD_BULK_07816,DISH_BULK_0550,CUST_03563,2026-09-12T13:44:00
ORD_BULK_07817,DISH_BULK_0268,CUST_00457,2026-09-11T22:12:00
ORD_BULK_07818,DISH_BULK_0746,CUST_00632,2026-09-18T10:40:00
ORD_BULK_07819,DISH_BULK_1786,CUST_01170,2026-09-16T10:42:00
ORD_BULK_07820,DISH_BULK_2472,CUST_03135,2026-09-18T15:36:00
ORD_BULK_07821,DISH_BULK_1966,CUST_02795,2026-09-17T09:31:00
ORD_BULK_07822,DISH_BULK_0301,CUST_01847,2026-09-15T07:42:00
ORD_BULK_07823,DISH_BULK_1584,CUST_03130,2026-09-12T16:19:00
ORD_BULK_07824,DISH_BULK_0948,CUST_02722,2026-09-13T16:08:00
ORD_BULK_07825,DISH_BULK_2596,CUST_02628,2026-09-18T01:16:00
ORD_BULK_07826,DISH_BULK_0635,CUST_02005,2026-09-12T06:20:00
ORD_BULK_07827,DISH_BULK_0079,CUST_00785,2026-09-16T15:34:00
ORD_BULK_07828,DISH_BULK_2161,CUST_01555,2026-09-18T03:04:00
ORD_BULK_07829,DISH_BULK_0649,CUST_03358,2026-09-11T03:52:00
ORD_BULK_07830,DISH_BULK_1898,CUST_01449,2026-09-18T11:01:00
ORD_BULK_07831,DISH_BULK_0005,CUST_02684,2026-09-16T12:14:00
ORD_BULK_07832,DISH_BULK_0202,CUST_03282,2026-09-11T02:22:00
ORD_BULK_07833,DISH_BULK_2439,CUST_03212,2026-09-14T17:41:00
ORD_BULK_07834,DISH_BULK_0965,CUST_03387,2026-09-10T19:23:00
ORD_BULK_07835,DISH_BULK_0998,CUST_01348,2026-09-18T11:10:00
ORD_BULK_07836,DISH_BULK_2556,CUST_00797,2026-09-10T17:03:00
ORD_BULK_07837,DISH_BULK_1537,CUST_02494,2026-09-12T22:40:00
ORD_BULK_07838,DISH_BULK_1285,CUST_02946,2026-09-16T12:54:00
ORD_BULK_07839,DISH_BULK_2014,CUST_03399,2026-09-11T23:32:00
ORD_BULK_07840,DISH_BULK_1046,CUST_02557,2026-09-12T22:39:00
ORD_BULK_07841,DISH_BULK_1309,CUST_03473,2026-09-12T22:40:00
ORD_BULK_07842,DISH_BULK_1205,CUST_00049,2026-09-10T17:45:00
ORD_BULK_07843,DISH_BULK_2821,CUST_03227,2026-09-17T13:13:00
ORD_BULK_07844,DISH_BULK_0379,CUST_02109,2026-09-11T02:52:00
ORD_BULK_07845,DISH_BULK_2883,CUST_03575,2026-09-14T20:13:00
ORD_BULK_07846,DISH_BULK_1758,CUST_01943,2026-09-16T01:56:00
ORD_BULK_07847,DISH_BULK_1127,CUST_02107,2026-09-11T02:17:00
ORD_BULK_07848,DISH_BULK_1694,CUST_01415,2026-09-12T07:02:00
ORD_BULK_07849,DISH_BULK_1096,CUST_01041,2026-09-13T05:27:00
ORD_BULK_07850,DISH_BULK_2698,CUST_03914,2026-09-14T10:09:00
ORD_BULK_07851,DISH_BULK_1025,CUST_01073,2026-09-15T04:44:00
ORD_BULK_07852,DISH_BULK_0173,CUST_03383,2026-09-16T09:11:00
ORD_BULK_07853,DISH_BULK_0815,CUST_03357,2026-09-16T10:06:00
ORD_BULK_07854,DISH_BULK_1435,CUST_02820,2026-09-11T02:00:00
ORD_BULK_07855,DISH_BULK_1900,CUST_02469,2026-09-17T09:10:00
ORD_BULK_07856,DISH_BULK_0844,CUST_01845,2026-09-18T08:23:00
ORD_BULK_07857,DISH_BULK_2216,CUST_00439,2026-09-10T12:15:00
ORD_BULK_07858,DISH_BULK_2582,CUST_02811,2026-09-17T17:44:00
ORD_BULK_07859,DISH_BULK_2927,CUST_02743,2026-09-13T23:31:00
ORD_BULK_07860,DISH_BULK_0940,CUST_02637,2026-09-17T02:40:00
ORD_BULK_07861,DISH_BULK_0459,CUST_00603,2026-09-16T10:32:00
ORD_BULK_07862,DISH_BULK_1823,CUST_03934,2026-09-16T01:10:00
ORD_BULK_07863,DISH_BULK_2053,CUST_02708,2026-09-13T05:45:00
ORD_BULK_07864,DISH_BULK_2161,CUST_03012,2026-09-14T17:24:00
ORD_BULK_07865,DISH_BULK_2502,CUST_02327,2026-09-16T22:10:00
ORD_BULK_07866,DISH_BULK_1697,CUST_02402,2026-09-16T08:05:00
ORD_BULK_07867,DISH_BULK_2061,CUST_03181,2026-09-12T02:19:00
ORD_BULK_07868,DISH_BULK_2782,CUST_02453,2026-09-11T00:38:00
ORD_BULK_07869,DISH_BULK_1207,CUST_01289,2026-09-15T19:24:00
ORD_BULK_07870,DISH_BULK_2324,CUST_02880,2026-09-11T20:16:00
ORD_BULK_07871,DISH_BULK_1917,CUST_00429,2026-09-13T10:53:00
ORD_BULK_07872,DISH_BULK_1794,CUST_02790,2026-09-11T21:33:00
ORD_BULK_07873,DISH_BULK_0993,CUST_01544,2026-09-12T23:30:00
ORD_BULK_07874,DISH_BULK_0103,CUST_03319,2026-09-11T08:27:00
ORD_BULK_07875,DISH_BULK_2939,CUST_02451,2026-09-16T11:34:00
ORD_BULK_07876,DISH_BULK_1515,CUST_02911,2026-09-13T04:59:00
ORD_BULK_07877,DISH_BULK_0670,CUST_01097,2026-09-11T20:05:00
ORD_BULK_07878,DISH_BULK_0788,CUST_03407,2026-09-16T16:01:00
ORD_BULK_07879,DISH_BULK_2611,CUST_00928,2026-09-17T01:45:00
ORD_BULK_07880,DISH_BULK_1795,CUST_00667,2026-09-16T06:23:00
ORD_BULK_07881,DISH_BULK_0918,CUST_00976,2026-09-16T19:06:00
ORD_BULK_07882,DISH_BULK_0376,CUST_00619,2026-09-11T14:46:00
ORD_BULK_07883,DISH_BULK_2600,CUST_02702,2026-09-16T14:06:00
ORD_BULK_07884,DISH_BULK_2001,CUST_00124,2026-09-14T19:00:00
ORD_BULK_07885,DISH_BULK_0597,CUST_03866,2026-09-16T18:42:00
ORD_BULK_07886,DISH_BULK_0814,CUST_00707,2026-09-16T05:11:00
ORD_BULK_07887,DISH_BULK_2062,CUST_03786,2026-09-10T21:28:00
ORD_BULK_07888,DISH_BULK_2869,CUST_02368,2026-09-16T16:06:00
ORD_BULK_07889,DISH_BULK_0822,CUST_00688,2026-09-11T23:47:00
ORD_BULK_07890,DISH_BULK_0450,CUST_00184,2026-09-11T15:56:00
ORD_BULK_07891,DISH_BULK_0015,CUST_00759,2026-09-12T22:48:00
ORD_BULK_07892,DISH_BULK_0673,CUST_03642,2026-09-10T08:34:00
ORD_BULK_07893,DISH_BULK_0020,CUST_00259,2026-09-18T04:52:00
ORD_BULK_07894,DISH_BULK_2092,CUST_01581,2026-09-15T13:58:00
ORD_BULK_07895,DISH_BULK_1731,CUST_01555,2026-09-11T15:17:00
ORD_BULK_07896,DISH_BULK_0139,CUST_03728,2026-09-10T16:08:00
ORD_BULK_07897,DISH_BULK_2034,CUST_03446,2026-09-17T12:24:00
ORD_BULK_07898,DISH_BULK_2398,CUST_02751,2026-09-16T16:24:00
ORD_BULK_07899,DISH_BULK_2725,CUST_01970,2026-09-18T11:12:00
ORD_BULK_07900,DISH_BULK_1536,CUST_00499,2026-09-10T11:03:00
ORD_BULK_07901,DISH_BULK_2197,CUST_00343,2026-09-13T16:41:00
ORD_BULK_07902,DISH_BULK_0729,CUST_01527,2026-09-14T16:46:00
ORD_BULK_07903,DISH_BULK_0334,CUST_01183,2026-09-11T00:51:00
ORD_BULK_07904,DISH_BULK_2921,CUST_00964,2026-09-16T15:00:00
ORD_BULK_07905,DISH_BULK_1139,CUST_03804,2026-09-13T23:11:00
ORD_BULK_07906,DISH_BULK_2615,CUST_01000,2026-09-17T15:04:00
ORD_BULK_07907,DISH_BULK_0302,CUST_02416,2026-09-16T03:21:00
ORD_BULK_07908,DISH_BULK_0148,CUST_03221,2026-09-15T19:46:00
ORD_BULK_07909,DISH_BULK_1085,CUST_01725,2026-09-16T14:16:00
ORD_BULK_07910,DISH_BULK_2581,CUST_00567,2026-09-12T13:14:00
ORD_BULK_07911,DISH_BULK_1243,CUST_01268,2026-09-14T23:35:00
ORD_BULK_07912,DISH_BULK_2365,CUST_01296,2026-09-18T00:40:00
ORD_BULK_07913,DISH_BULK_0354,CUST_00143,2026-09-10T08:59:00
ORD_BULK_07914,DISH_BULK_0767,CUST_03004,2026-09-10T12:36:00
ORD_BULK_07915,DISH_BULK_1826,CUST_03422,2026-09-14T22:23:00
ORD_BULK_07916,DISH_BULK_0701,CUST_00015,2026-09-14T13:03:00
ORD_BULK_07917,DISH_BULK_1096,CUST_03865,2026-09-14T01:57:00
ORD_BULK_07918,DISH_BULK_2363,CUST_01554,2026-09-15T07:28:00
ORD_BULK_07919,DISH_BULK_0259,CUST_01358,2026-09-10T13:20:00
ORD_BULK_07920,DISH_BULK_2776,CUST_00189,2026-09-15T07:01:00
ORD_BULK_07921,DISH_BULK_1726,CUST_03984,2026-09-17T22:31:00
ORD_BULK_07922,DISH_BULK_1551,CUST_01729,2026-09-13T09:21:00
ORD_BULK_07923,DISH_BULK_0330,CUST_00303,2026-09-10T11:33:00
ORD_BULK_07924,DISH_BULK_2605,CUST_01610,2026-09-14T13:17:00
ORD_BULK_07925,DISH_BULK_1179,CUST_03554,2026-09-11T07:37:00
ORD_BULK_07926,DISH_BULK_2857,CUST_00370,2026-09-18T08:15:00
ORD_BULK_07927,DISH_BULK_0874,CUST_01156,2026-09-10T08:25:00
ORD_BULK_07928,DISH_BULK_1784,CUST_02219,2026-09-14T00:27:00
ORD_BULK_07929,DISH_BULK_0365,CUST_01634,2026-09-17T07:41:00
ORD_BULK_07930,DISH_BULK_2376,CUST_01102,2026-09-17T08:55:00
ORD_BULK_07931,DISH_BULK_1876,CUST_00172,2026-09-16T06:45:00
ORD_BULK_07932,DISH_BULK_2473,CUST_00062,2026-09-14T12:17:00
ORD_BULK_07933,DISH_BULK_2254,CUST_03114,2026-09-12T13:09:00
ORD_BULK_07934,DISH_BULK_1714,CUST_01720,2026-09-16T13:42:00
ORD_BULK_07935,DISH_BULK_0782,CUST_01206,2026-09-16T15:16:00
ORD_BULK_07936,DISH_BULK_0530,CUST_01548,2026-09-16T09:53:00
ORD_BULK_07937,DISH_BULK_2926,CUST_02325,2026-09-16T18:10:00
ORD_BULK_07938,DISH_BULK_2501,CUST_01660,2026-09-12T03:30:00
ORD_BULK_07939,DISH_BULK_1544,CUST_02486,2026-09-15T13:22:00
ORD_BULK_07940,DISH_BULK_0017,CUST_02163,2026-09-12T23:55:00
ORD_BULK_07941,DISH_BULK_2165,CUST_01776,2026-09-16T16:22:00
ORD_BULK_07942,DISH_BULK_2229,CUST_02131,2026-09-17T13:28:00
ORD_BULK_07943,DISH_BULK_2271,CUST_00485,2026-09-15T17:01:00
ORD_BULK_07944,DISH_BULK_2121,CUST_02794,2026-09-17T20:20:00
ORD_BULK_07945,DISH_BULK_2578,CUST_01988,2026-09-17T07:45:00
ORD_BULK_07946,DISH_BULK_0251,CUST_01492,2026-09-10T16:21:00
ORD_BULK_07947,DISH_BULK_1473,CUST_03289,2026-09-17T01:28:00
ORD_BULK_07948,DISH_BULK_1710,CUST_00740,2026-09-14T11:07:00
ORD_BULK_07949,DISH_BULK_1811,CUST_03457,2026-09-11T05:10:00
ORD_BULK_07950,DISH_BULK_2286,CUST_01862,2026-09-14T14:57:00
ORD_BULK_07951,DISH_BULK_0049,CUST_02840,2026-09-17T02:23:00
ORD_BULK_07952,DISH_BULK_0923,CUST_00519,2026-09-10T14:04:00
ORD_BULK_07953,DISH_BULK_0310,CUST_00544,2026-09-15T05:51:00
ORD_BULK_07954,DISH_BULK_2827,CUST_03130,2026-09-14T09:53:00
ORD_BULK_07955,DISH_BULK_1815,CUST_03479,2026-09-17T12:19:00
ORD_BULK_07956,DISH_BULK_2092,CUST_02365,2026-09-16T16:39:00
ORD_BULK_07957,DISH_BULK_0719,CUST_01558,2026-09-10T12:00:00
ORD_BULK_07958,DISH_BULK_1193,CUST_00323,2026-09-16T15:05:00
ORD_BULK_07959,DISH_PNR_024,CUST_03118,2026-09-16T20:05:00
ORD_BULK_07960,DISH_BULK_1463,CUST_03828,2026-09-11T22:00:00
ORD_BULK_07961,DISH_BULK_0252,CUST_03212,2026-09-15T13:52:00
ORD_BULK_07962,DISH_BULK_1433,CUST_01375,2026-09-16T03:23:00
ORD_BULK_07963,DISH_BULK_1241,CUST_03980,2026-09-11T16:09:00
ORD_BULK_07964,DISH_BULK_1840,CUST_01994,2026-09-15T12:46:00
ORD_BULK_07965,DISH_BULK_1145,CUST_02893,2026-09-11T08:38:00
ORD_BULK_07966,DISH_BULK_2702,CUST_03064,2026-09-11T21:40:00
ORD_BULK_07967,DISH_BULK_1953,CUST_01216,2026-09-14T17:09:00
ORD_BULK_07968,DISH_BULK_2420,CUST_00758,2026-09-11T04:22:00
ORD_BULK_07969,DISH_BULK_0349,CUST_02220,2026-09-17T23:46:00
ORD_BULK_07970,DISH_BULK_2595,CUST_02259,2026-09-11T23:30:00
ORD_BULK_07971,DISH_BULK_1102,CUST_00377,2026-09-17T06:10:00
ORD_BULK_07972,DISH_BULK_2873,CUST_02426,2026-09-14T21:59:00
ORD_BULK_07973,DISH_BULK_0518,CUST_01785,2026-09-13T08:42:00
ORD_BULK_07974,DISH_BULK_0679,CUST_00667,2026-09-11T22:28:00
ORD_BULK_07975,DISH_BULK_2424,CUST_03863,2026-09-15T18:23:00
ORD_BULK_07976,DISH_BULK_1323,CUST_02099,2026-09-17T00:27:00
ORD_BULK_07977,DISH_BULK_0258,CUST_01841,2026-09-10T22:34:00
ORD_BULK_07978,DISH_BULK_2850,CUST_03612,2026-09-13T08:10:00
ORD_BULK_07979,DISH_BULK_2907,CUST_02996,2026-09-14T12:03:00
ORD_BULK_07980,DISH_BULK_1045,CUST_03753,2026-09-11T20:00:00
ORD_BULK_07981,DISH_BULK_0385,CUST_03373,2026-09-16T15:09:00
ORD_BULK_07982,DISH_BULK_1373,CUST_02790,2026-09-13T16:11:00
ORD_BULK_07983,DISH_BULK_1481,CUST_01992,2026-09-10T20:23:00
ORD_BULK_07984,DISH_BULK_1260,CUST_01783,2026-09-16T02:06:00
ORD_BULK_07985,DISH_BULK_0471,CUST_00012,2026-09-16T21:49:00
ORD_BULK_07986,DISH_BULK_0533,CUST_00518,2026-09-14T12:15:00
ORD_BULK_07987,DISH_BULK_1989,CUST_03402,2026-09-10T08:00:00
ORD_BULK_07988,DISH_BULK_2863,CUST_02354,2026-09-10T12:55:00
ORD_BULK_07989,DISH_BULK_0157,CUST_00260,2026-09-17T12:36:00
ORD_BULK_07990,DISH_BULK_1589,CUST_00900,2026-09-18T08:16:00
ORD_BULK_07991,DISH_BULK_1355,CUST_01680,2026-09-13T11:07:00
ORD_BULK_07992,DISH_BULK_0170,CUST_01882,2026-09-12T06:52:00
ORD_BULK_07993,DISH_BULK_0819,CUST_03389,2026-09-11T21:08:00
ORD_BULK_07994,DISH_BULK_1094,CUST_03472,2026-09-15T16:20:00
ORD_BULK_07995,DISH_BULK_0681,CUST_02061,2026-09-12T04:29:00
ORD_BULK_07996,DISH_BULK_2247,CUST_02503,2026-09-14T01:35:00
ORD_BULK_07997,DISH_BULK_2907,CUST_03627,2026-09-13T12:27:00
ORD_BULK_07998,DISH_PNR_021,CUST_00240,2026-09-11T08:17:00
ORD_BULK_07999,DISH_BULK_1942,CUST_02131,2026-09-17T18:01:00
ORD_BULK_08000,DISH_BULK_2070,CUST_00749,2026-09-12T03:56:00
ORD_BULK_08001,DISH_BULK_2775,CUST_01073,2026-09-18T11:48:00
ORD_BULK_08002,DISH_BULK_1807,CUST_00985,2026-09-11T08:36:00
ORD_BULK_08003,DISH_BULK_0512,CUST_01720,2026-09-11T03:47:00
ORD_BULK_08004,DISH_BULK_1549,CUST_03857,2026-09-16T12:04:00
ORD_BULK_08005,DISH_BULK_1482,CUST_00026,2026-09-15T19:28:00
ORD_BULK_08006,DISH_BULK_0223,CUST_00242,2026-09-14T07:57:00
ORD_BULK_08007,DISH_BULK_2257,CUST_02628,2026-09-18T06:36:00
ORD_BULK_08008,DISH_BULK_0195,CUST_00375,2026-09-11T15:43:00
ORD_BULK_08009,DISH_BULK_2306,CUST_01523,2026-09-10T08:16:00
ORD_BULK_08010,DISH_BULK_2454,CUST_00730,2026-09-15T14:39:00
ORD_BULK_08011,DISH_BULK_0401,CUST_03344,2026-09-17T19:23:00
ORD_BULK_08012,DISH_BULK_0306,CUST_01291,2026-09-12T10:46:00
ORD_BULK_08013,DISH_BULK_1704,CUST_00332,2026-09-10T19:54:00
ORD_BULK_08014,DISH_BULK_1439,CUST_00932,2026-09-15T08:18:00
ORD_BULK_08015,DISH_BULK_0172,CUST_03363,2026-09-16T19:30:00
ORD_BULK_08016,DISH_BULK_0511,CUST_00818,2026-09-10T19:58:00
ORD_BULK_08017,DISH_BULK_0088,CUST_01894,2026-09-11T03:21:00
ORD_BULK_08018,DISH_BULK_1716,CUST_02432,2026-09-13T21:43:00
ORD_BULK_08019,DISH_BULK_2741,CUST_00061,2026-09-10T09:15:00
ORD_BULK_08020,DISH_BULK_1935,CUST_01051,2026-09-18T07:19:00
ORD_BULK_08021,DISH_BULK_2631,CUST_00355,2026-09-16T01:40:00
ORD_BULK_08022,DISH_BULK_2305,CUST_03217,2026-09-13T21:16:00
ORD_BULK_08023,DISH_BULK_2255,CUST_02914,2026-09-14T01:21:00
ORD_BULK_08024,DISH_BULK_2817,CUST_01201,2026-09-12T21:59:00
ORD_BULK_08025,DISH_BULK_2599,CUST_00577,2026-09-16T18:57:00
ORD_BULK_08026,DISH_BULK_2091,CUST_01919,2026-09-15T00:49:00
ORD_BULK_08027,DISH_BULK_2383,CUST_02275,2026-09-16T20:29:00
ORD_BULK_08028,DISH_BULK_0827,CUST_03544,2026-09-15T00:32:00
ORD_BULK_08029,DISH_BULK_1365,CUST_00539,2026-09-17T02:31:00
ORD_BULK_08030,DISH_BULK_1007,CUST_01143,2026-09-15T16:56:00
ORD_BULK_08031,DISH_BULK_0427,CUST_01694,2026-09-11T08:03:00
ORD_BULK_08032,DISH_BULK_2511,CUST_03249,2026-09-18T12:52:00
ORD_BULK_08033,DISH_BULK_2062,CUST_03792,2026-09-11T22:34:00
ORD_BULK_08034,DISH_BULK_1896,CUST_00829,2026-09-13T20:53:00
ORD_BULK_08035,DISH_BULK_2159,CUST_00339,2026-09-12T18:13:00
ORD_BULK_08036,DISH_BULK_2925,CUST_03169,2026-09-11T03:18:00
ORD_BULK_08037,DISH_BULK_0099,CUST_01057,2026-09-14T02:44:00
ORD_BULK_08038,DISH_BULK_0139,CUST_00630,2026-09-14T08:03:00
ORD_BULK_08039,DISH_BULK_2253,CUST_02720,2026-09-17T06:46:00
ORD_BULK_08040,DISH_BULK_1605,CUST_00909,2026-09-18T02:56:00
ORD_BULK_08041,DISH_BULK_0704,CUST_00282,2026-09-15T15:52:00
ORD_BULK_08042,DISH_BULK_1169,CUST_00874,2026-09-18T14:53:00
ORD_BULK_08043,DISH_BULK_1428,CUST_01794,2026-09-13T05:54:00
ORD_BULK_08044,DISH_BULK_2100,CUST_03130,2026-09-13T02:04:00
ORD_BULK_08045,DISH_BULK_1335,CUST_03570,2026-09-12T01:20:00
ORD_BULK_08046,DISH_BULK_1677,CUST_02171,2026-09-11T00:30:00
ORD_BULK_08047,DISH_BULK_1615,CUST_03531,2026-09-13T10:32:00
ORD_BULK_08048,DISH_BULK_2189,CUST_01784,2026-09-10T18:37:00
ORD_BULK_08049,DISH_BULK_1712,CUST_01835,2026-09-12T12:54:00
ORD_BULK_08050,DISH_BULK_2363,CUST_02245,2026-09-12T19:48:00
ORD_BULK_08051,DISH_BULK_2893,CUST_01030,2026-09-13T17:48:00
ORD_BULK_08052,DISH_BULK_2173,CUST_02062,2026-09-12T13:18:00
ORD_BULK_08053,DISH_BULK_2195,CUST_01244,2026-09-12T08:17:00
ORD_BULK_08054,DISH_BULK_1256,CUST_03278,2026-09-12T22:13:00
ORD_BULK_08055,DISH_BULK_1521,CUST_03773,2026-09-17T12:12:00
ORD_BULK_08056,DISH_BULK_1174,CUST_01663,2026-09-11T21:39:00
ORD_BULK_08057,DISH_BULK_2166,CUST_00195,2026-09-14T02:20:00
ORD_BULK_08058,DISH_BULK_1322,CUST_00218,2026-09-15T09:39:00
ORD_BULK_08059,DISH_BULK_1773,CUST_03798,2026-09-13T11:33:00
ORD_BULK_08060,DISH_BULK_2840,CUST_00206,2026-09-14T19:26:00
ORD_BULK_08061,DISH_BULK_1428,CUST_01840,2026-09-17T09:16:00
ORD_BULK_08062,DISH_BULK_1328,CUST_01444,2026-09-11T05:51:00
ORD_BULK_08063,DISH_BULK_1445,CUST_03936,2026-09-14T20:25:00
ORD_BULK_08064,DISH_BULK_0607,CUST_00844,2026-09-16T18:09:00
ORD_BULK_08065,DISH_BULK_0702,CUST_02987,2026-09-10T10:39:00
ORD_BULK_08066,DISH_BULK_2387,CUST_00140,2026-09-16T11:41:00
ORD_BULK_08067,DISH_BULK_1319,CUST_03696,2026-09-14T00:37:00
ORD_BULK_08068,DISH_BULK_0392,CUST_00175,2026-09-15T22:43:00
ORD_BULK_08069,DISH_BULK_2530,CUST_02867,2026-09-13T20:30:00
ORD_BULK_08070,DISH_BULK_2946,CUST_00113,2026-09-17T21:53:00
ORD_BULK_08071,DISH_BULK_2411,CUST_00417,2026-09-12T23:46:00
ORD_BULK_08072,DISH_BULK_0362,CUST_03896,2026-09-11T06:45:00
ORD_BULK_08073,DISH_BULK_0364,CUST_01896,2026-09-16T02:35:00
ORD_BULK_08074,DISH_BULK_1542,CUST_00389,2026-09-17T04:07:00
ORD_BULK_08075,DISH_BULK_2766,CUST_00079,2026-09-11T22:51:00
ORD_BULK_08076,DISH_BULK_1299,CUST_03300,2026-09-13T16:32:00
ORD_BULK_08077,DISH_BULK_2838,CUST_03861,2026-09-15T09:33:00
ORD_BULK_08078,DISH_BULK_2747,CUST_01594,2026-09-10T22:44:00
ORD_BULK_08079,DISH_BULK_2766,CUST_02879,2026-09-12T08:22:00
ORD_BULK_08080,DISH_BULK_0642,CUST_02597,2026-09-10T14:29:00
ORD_BULK_08081,DISH_BULK_1617,CUST_02938,2026-09-17T09:34:00
ORD_BULK_08082,DISH_BULK_1473,CUST_03766,2026-09-12T23:50:00
ORD_BULK_08083,DISH_BULK_1244,CUST_03349,2026-09-13T09:11:00
ORD_BULK_08084,DISH_BULK_2815,CUST_03853,2026-09-11T06:42:00
ORD_BULK_08085,DISH_BULK_2749,CUST_00726,2026-09-10T08:10:00
ORD_BULK_08086,DISH_BULK_0292,CUST_02732,2026-09-11T20:55:00
ORD_BULK_08087,DISH_BULK_0700,CUST_01793,2026-09-13T21:40:00
ORD_BULK_08088,DISH_BULK_2271,CUST_01464,2026-09-11T00:15:00
ORD_BULK_08089,DISH_PNR_044,CUST_00647,2026-09-15T02:03:00
ORD_BULK_08090,DISH_BULK_2819,CUST_03765,2026-09-10T21:51:00
ORD_BULK_08091,DISH_BULK_0277,CUST_01309,2026-09-11T14:18:00
ORD_BULK_08092,DISH_BULK_1335,CUST_00879,2026-09-18T12:27:00
ORD_BULK_08093,DISH_BULK_0703,CUST_03714,2026-09-14T06:45:00
ORD_BULK_08094,DISH_BULK_2635,CUST_02812,2026-09-18T03:25:00
ORD_BULK_08095,DISH_BULK_2363,CUST_01064,2026-09-15T08:11:00
ORD_BULK_08096,DISH_BULK_2549,CUST_03648,2026-09-17T08:39:00
ORD_BULK_08097,DISH_BULK_1345,CUST_00132,2026-09-15T07:37:00
ORD_BULK_08098,DISH_BULK_1111,CUST_00180,2026-09-15T22:26:00
ORD_BULK_08099,DISH_BULK_0363,CUST_03134,2026-09-15T08:57:00
ORD_BULK_08100,DISH_BULK_2838,CUST_00784,2026-09-11T19:15:00
ORD_BULK_08101,DISH_BULK_1853,CUST_02437,2026-09-16T14:23:00
ORD_BULK_08102,DISH_BULK_0156,CUST_03813,2026-09-14T08:37:00
ORD_BULK_08103,DISH_BULK_2855,CUST_03044,2026-09-17T01:04:00
ORD_BULK_08104,DISH_BULK_2714,CUST_01500,2026-09-17T15:49:00
ORD_BULK_08105,DISH_BULK_0068,CUST_03742,2026-09-12T22:58:00
ORD_BULK_08106,DISH_BULK_2683,CUST_03077,2026-09-11T01:57:00
ORD_BULK_08107,DISH_BULK_0151,CUST_00040,2026-09-14T19:13:00
ORD_BULK_08108,DISH_BULK_1133,CUST_03922,2026-09-18T01:00:00
ORD_BULK_08109,DISH_BULK_2501,CUST_00886,2026-09-13T19:01:00
ORD_BULK_08110,DISH_BULK_2908,CUST_00050,2026-09-12T15:30:00
ORD_BULK_08111,DISH_BULK_2780,CUST_03676,2026-09-16T22:05:00
ORD_BULK_08112,DISH_BULK_0439,CUST_00013,2026-09-13T11:45:00
ORD_BULK_08113,DISH_BULK_1380,CUST_00517,2026-09-10T16:34:00
ORD_BULK_08114,DISH_BULK_0832,CUST_01755,2026-09-10T20:27:00
ORD_BULK_08115,DISH_BULK_2028,CUST_02506,2026-09-18T06:47:00
ORD_BULK_08116,DISH_BULK_1118,CUST_00264,2026-09-11T03:39:00
ORD_BULK_08117,DISH_BULK_2177,CUST_01229,2026-09-17T11:10:00
ORD_BULK_08118,DISH_BULK_2466,CUST_03727,2026-09-11T09:36:00
ORD_BULK_08119,DISH_BULK_0860,CUST_02679,2026-09-14T03:58:00
ORD_BULK_08120,DISH_BULK_2474,CUST_02526,2026-09-12T07:35:00
ORD_BULK_08121,DISH_BULK_2188,CUST_01472,2026-09-14T06:30:00
ORD_BULK_08122,DISH_BULK_0951,CUST_03725,2026-09-14T14:04:00
ORD_BULK_08123,DISH_BULK_2763,CUST_02323,2026-09-14T04:58:00
ORD_BULK_08124,DISH_BULK_0554,CUST_00188,2026-09-14T10:40:00
ORD_BULK_08125,DISH_BULK_1542,CUST_00290,2026-09-10T17:04:00
ORD_BULK_08126,DISH_BULK_0196,CUST_01670,2026-09-15T20:57:00
ORD_BULK_08127,DISH_BULK_2286,CUST_03853,2026-09-16T21:43:00
ORD_BULK_08128,DISH_BULK_0007,CUST_02639,2026-09-10T13:14:00
ORD_BULK_08129,DISH_BULK_1583,CUST_02340,2026-09-15T05:00:00
ORD_BULK_08130,DISH_BULK_2196,CUST_00241,2026-09-11T04:07:00
ORD_BULK_08131,DISH_BULK_2193,CUST_01585,2026-09-18T11:49:00
ORD_BULK_08132,DISH_BULK_1753,CUST_01956,2026-09-13T07:45:00
ORD_BULK_08133,DISH_BULK_0134,CUST_03188,2026-09-18T05:54:00
ORD_BULK_08134,DISH_BULK_0943,CUST_01962,2026-09-16T00:47:00
ORD_BULK_08135,DISH_BULK_1047,CUST_02845,2026-09-18T01:44:00
ORD_BULK_08136,DISH_BULK_0467,CUST_02936,2026-09-12T19:28:00
ORD_BULK_08137,DISH_BULK_2666,CUST_00794,2026-09-16T19:43:00
ORD_BULK_08138,DISH_BULK_1137,CUST_01257,2026-09-16T22:39:00
ORD_BULK_08139,DISH_BULK_2816,CUST_03946,2026-09-14T14:23:00
ORD_BULK_08140,DISH_BULK_0875,CUST_00085,2026-09-10T08:45:00
ORD_BULK_08141,DISH_BULK_1562,CUST_02011,2026-09-15T13:11:00
ORD_BULK_08142,DISH_BULK_1498,CUST_03108,2026-09-12T02:55:00
ORD_BULK_08143,DISH_BULK_1322,CUST_01344,2026-09-10T10:11:00
ORD_BULK_08144,DISH_BULK_0846,CUST_00659,2026-09-17T12:49:00
ORD_BULK_08145,DISH_BULK_1379,CUST_03394,2026-09-10T11:01:00
ORD_BULK_08146,DISH_BULK_0252,CUST_02021,2026-09-12T18:01:00
ORD_BULK_08147,DISH_BULK_1508,CUST_01283,2026-09-13T05:39:00
ORD_BULK_08148,DISH_BULK_0486,CUST_03682,2026-09-14T18:48:00
ORD_BULK_08149,DISH_BULK_0706,CUST_01171,2026-09-11T12:52:00
ORD_BULK_08150,DISH_BULK_1835,CUST_02201,2026-09-13T05:34:00
ORD_BULK_08151,DISH_BULK_0706,CUST_02385,2026-09-11T00:41:00
ORD_BULK_08152,DISH_BULK_2525,CUST_00766,2026-09-17T20:37:00
ORD_BULK_08153,DISH_BULK_2299,CUST_02878,2026-09-12T00:48:00
ORD_BULK_08154,DISH_BULK_0850,CUST_03233,2026-09-12T20:26:00
ORD_BULK_08155,DISH_BULK_1214,CUST_01356,2026-09-11T10:00:00
ORD_BULK_08156,DISH_BULK_0239,CUST_00063,2026-09-10T16:43:00
ORD_BULK_08157,DISH_BULK_2294,CUST_00164,2026-09-17T15:37:00
ORD_BULK_08158,DISH_BULK_1681,CUST_03437,2026-09-18T00:48:00
ORD_BULK_08159,DISH_BULK_0144,CUST_01459,2026-09-13T02:42:00
ORD_BULK_08160,DISH_PNR_024,CUST_02610,2026-09-16T11:43:00
ORD_BULK_08161,DISH_BULK_2230,CUST_03742,2026-09-15T01:03:00
ORD_BULK_08162,DISH_BULK_2044,CUST_01038,2026-09-13T02:20:00
ORD_BULK_08163,DISH_BULK_0011,CUST_00621,2026-09-11T15:51:00
ORD_BULK_08164,DISH_BULK_0316,CUST_01573,2026-09-14T19:12:00
ORD_BULK_08165,DISH_BULK_1772,CUST_00901,2026-09-11T21:09:00
ORD_BULK_08166,DISH_BULK_2478,CUST_03800,2026-09-10T09:46:00
ORD_BULK_08167,DISH_BULK_1107,CUST_03672,2026-09-18T01:13:00
ORD_BULK_08168,DISH_BULK_1324,CUST_03923,2026-09-15T12:39:00
ORD_BULK_08169,DISH_BULK_1322,CUST_03090,2026-09-16T17:37:00
ORD_BULK_08170,DISH_BULK_2233,CUST_03236,2026-09-16T12:17:00
ORD_BULK_08171,DISH_BULK_1801,CUST_01325,2026-09-16T18:26:00
ORD_BULK_08172,DISH_BULK_0716,CUST_00360,2026-09-12T06:41:00
ORD_BULK_08173,DISH_BULK_2384,CUST_03019,2026-09-17T02:05:00
ORD_BULK_08174,DISH_BULK_1688,CUST_01277,2026-09-12T05:44:00
ORD_BULK_08175,DISH_BULK_1572,CUST_00191,2026-09-12T23:03:00
ORD_BULK_08176,DISH_BULK_0938,CUST_01717,2026-09-17T23:14:00
ORD_BULK_08177,DISH_BULK_0687,CUST_03266,2026-09-10T10:18:00
ORD_BULK_08178,DISH_BULK_2797,CUST_00580,2026-09-15T12:56:00
ORD_BULK_08179,DISH_BULK_1469,CUST_01449,2026-09-16T06:10:00
ORD_BULK_08180,DISH_BULK_0718,CUST_00319,2026-09-13T05:51:00
ORD_BULK_08181,DISH_BULK_1846,CUST_01898,2026-09-10T14:44:00
ORD_BULK_08182,DISH_BULK_2800,CUST_02441,2026-09-11T18:25:00
ORD_BULK_08183,DISH_PNR_005,CUST_03717,2026-09-15T09:29:00
ORD_BULK_08184,DISH_BULK_0423,CUST_00373,2026-09-14T06:00:00
ORD_BULK_08185,DISH_BULK_0617,CUST_00925,2026-09-18T10:53:00
ORD_BULK_08186,DISH_BULK_2209,CUST_00026,2026-09-12T09:24:00
ORD_BULK_08187,DISH_BULK_0728,CUST_01768,2026-09-18T07:15:00
ORD_BULK_08188,DISH_BULK_0643,CUST_00406,2026-09-17T16:41:00
ORD_BULK_08189,DISH_BULK_2444,CUST_02972,2026-09-17T20:17:00
ORD_BULK_08190,DISH_BULK_0654,CUST_00277,2026-09-14T08:16:00
ORD_BULK_08191,DISH_BULK_2102,CUST_03219,2026-09-11T17:59:00
ORD_BULK_08192,DISH_BULK_2093,CUST_02347,2026-09-15T21:29:00
ORD_BULK_08193,DISH_BULK_2914,CUST_00018,2026-09-18T03:25:00
ORD_BULK_08194,DISH_BULK_1453,CUST_02317,2026-09-11T09:47:00
ORD_BULK_08195,DISH_BULK_1730,CUST_00436,2026-09-11T14:36:00
ORD_BULK_08196,DISH_BULK_2014,CUST_01789,2026-09-12T17:44:00
ORD_BULK_08197,DISH_BULK_2147,CUST_01522,2026-09-14T02:44:00
ORD_BULK_08198,DISH_BULK_2207,CUST_02256,2026-09-11T06:16:00
ORD_BULK_08199,DISH_BULK_2945,CUST_02411,2026-09-13T21:27:00
ORD_BULK_08200,DISH_BULK_2284,CUST_03071,2026-09-15T14:38:00
ORD_BULK_08201,DISH_BULK_2781,CUST_03985,2026-09-15T16:27:00
ORD_BULK_08202,DISH_BULK_0639,CUST_02884,2026-09-18T04:36:00
ORD_BULK_08203,DISH_BULK_0339,CUST_01564,2026-09-16T15:49:00
ORD_BULK_08204,DISH_BULK_2070,CUST_00183,2026-09-18T09:33:00
ORD_BULK_08205,DISH_BULK_0160,CUST_03074,2026-09-14T04:45:00
ORD_BULK_08206,DISH_BULK_0922,CUST_01961,2026-09-16T10:05:00
ORD_BULK_08207,DISH_BULK_2818,CUST_02474,2026-09-12T18:58:00
ORD_BULK_08208,DISH_BULK_0229,CUST_02243,2026-09-14T14:31:00
ORD_BULK_08209,DISH_BULK_2447,CUST_03861,2026-09-12T02:12:00
ORD_BULK_08210,DISH_BULK_2036,CUST_03722,2026-09-16T22:53:00
ORD_BULK_08211,DISH_BULK_1918,CUST_03684,2026-09-12T07:04:00
ORD_BULK_08212,DISH_BULK_2039,CUST_01131,2026-09-14T02:34:00
ORD_BULK_08213,DISH_BULK_1227,CUST_03549,2026-09-10T22:35:00
ORD_BULK_08214,DISH_BULK_2646,CUST_00394,2026-09-16T04:19:00
ORD_BULK_08215,DISH_BULK_0519,CUST_00689,2026-09-18T13:15:00
ORD_BULK_08216,DISH_BULK_1906,CUST_00666,2026-09-10T08:19:00
ORD_BULK_08217,DISH_BULK_0175,CUST_00728,2026-09-16T14:30:00
ORD_BULK_08218,DISH_BULK_0829,CUST_02520,2026-09-13T16:25:00
ORD_BULK_08219,DISH_BULK_2152,CUST_00523,2026-09-17T10:44:00
ORD_BULK_08220,DISH_BULK_0890,CUST_00555,2026-09-17T20:54:00
ORD_BULK_08221,DISH_BULK_0590,CUST_00243,2026-09-13T04:48:00
ORD_BULK_08222,DISH_BULK_0317,CUST_01137,2026-09-13T12:06:00
ORD_BULK_08223,DISH_BULK_1949,CUST_01142,2026-09-17T18:48:00
ORD_BULK_08224,DISH_BULK_0819,CUST_02995,2026-09-11T19:57:00
ORD_BULK_08225,DISH_BULK_2103,CUST_03063,2026-09-11T13:57:00
ORD_BULK_08226,DISH_BULK_0224,CUST_01727,2026-09-14T10:16:00
ORD_BULK_08227,DISH_BULK_2318,CUST_02468,2026-09-18T10:01:00
ORD_BULK_08228,DISH_BULK_0757,CUST_02872,2026-09-10T10:47:00
ORD_BULK_08229,DISH_BULK_2711,CUST_00519,2026-09-17T11:17:00
ORD_BULK_08230,DISH_BULK_0007,CUST_00523,2026-09-10T17:51:00
ORD_BULK_08231,DISH_BULK_2551,CUST_00852,2026-09-10T21:50:00
ORD_BULK_08232,DISH_BULK_1088,CUST_03839,2026-09-18T11:04:00
ORD_BULK_08233,DISH_BULK_2804,CUST_00612,2026-09-12T19:48:00
ORD_BULK_08234,DISH_BULK_0491,CUST_00535,2026-09-18T11:46:00
ORD_BULK_08235,DISH_BULK_1751,CUST_02040,2026-09-14T10:04:00
ORD_BULK_08236,DISH_BULK_0474,CUST_02849,2026-09-11T12:11:00
ORD_BULK_08237,DISH_BULK_0952,CUST_01528,2026-09-18T12:01:00
ORD_BULK_08238,DISH_BULK_0748,CUST_00170,2026-09-11T19:40:00
ORD_BULK_08239,DISH_BULK_2015,CUST_00384,2026-09-15T02:07:00
ORD_BULK_08240,DISH_BULK_1328,CUST_03631,2026-09-10T20:50:00
ORD_BULK_08241,DISH_BULK_1621,CUST_01039,2026-09-14T20:05:00
ORD_BULK_08242,DISH_BULK_0761,CUST_00012,2026-09-18T02:16:00
ORD_BULK_08243,DISH_BULK_0189,CUST_01411,2026-09-18T11:18:00
ORD_BULK_08244,DISH_BULK_2390,CUST_00946,2026-09-15T08:08:00
ORD_BULK_08245,DISH_BULK_1825,CUST_01883,2026-09-14T09:10:00
ORD_BULK_08246,DISH_BULK_1583,CUST_03700,2026-09-16T23:37:00
ORD_BULK_08247,DISH_BULK_0347,CUST_02504,2026-09-16T10:42:00
ORD_BULK_08248,DISH_BULK_0872,CUST_00541,2026-09-11T03:23:00
ORD_BULK_08249,DISH_BULK_2754,CUST_00094,2026-09-17T17:58:00
ORD_BULK_08250,DISH_BULK_0617,CUST_02451,2026-09-11T08:28:00
ORD_BULK_08251,DISH_BULK_1656,CUST_02797,2026-09-18T03:15:00
ORD_BULK_08252,DISH_BULK_0257,CUST_01924,2026-09-13T17:31:00
ORD_BULK_08253,DISH_BULK_1502,CUST_03544,2026-09-17T06:03:00
ORD_BULK_08254,DISH_BULK_0121,CUST_03526,2026-09-12T03:27:00
ORD_BULK_08255,DISH_BULK_2338,CUST_03069,2026-09-16T08:58:00
ORD_BULK_08256,DISH_BULK_0847,CUST_00489,2026-09-10T15:57:00
ORD_BULK_08257,DISH_BULK_1033,CUST_01016,2026-09-16T11:47:00
ORD_BULK_08258,DISH_BULK_1084,CUST_00274,2026-09-17T09:19:00
ORD_BULK_08259,DISH_BULK_1539,CUST_01606,2026-09-12T04:17:00
ORD_BULK_08260,DISH_BULK_0571,CUST_02325,2026-09-11T06:09:00
ORD_BULK_08261,DISH_BULK_0785,CUST_03846,2026-09-11T16:21:00
ORD_BULK_08262,DISH_BULK_1673,CUST_01995,2026-09-10T11:49:00
ORD_BULK_08263,DISH_BULK_2006,CUST_00229,2026-09-14T12:11:00
ORD_BULK_08264,DISH_BULK_1616,CUST_02283,2026-09-14T12:38:00
ORD_BULK_08265,DISH_BULK_1664,CUST_03447,2026-09-14T19:23:00
ORD_BULK_08266,DISH_BULK_1840,CUST_03908,2026-09-10T19:04:00
ORD_BULK_08267,DISH_BULK_1523,CUST_00958,2026-09-18T07:15:00
ORD_BULK_08268,DISH_BULK_1567,CUST_03809,2026-09-12T01:46:00
ORD_BULK_08269,DISH_BULK_0298,CUST_02337,2026-09-16T03:50:00
ORD_BULK_08270,DISH_BULK_1566,CUST_01483,2026-09-14T10:45:00
ORD_BULK_08271,DISH_BULK_0201,CUST_01242,2026-09-16T22:42:00
ORD_BULK_08272,DISH_BULK_1129,CUST_03190,2026-09-13T05:33:00
ORD_BULK_08273,DISH_BULK_1184,CUST_02688,2026-09-10T17:52:00
ORD_BULK_08274,DISH_BULK_1760,CUST_03954,2026-09-15T05:49:00
ORD_BULK_08275,DISH_BULK_1557,CUST_00805,2026-09-18T03:00:00
ORD_BULK_08276,DISH_BULK_1208,CUST_02477,2026-09-12T11:29:00
ORD_BULK_08277,DISH_BULK_2891,CUST_00921,2026-09-16T18:58:00
ORD_BULK_08278,DISH_BULK_1661,CUST_01409,2026-09-10T10:19:00
ORD_BULK_08279,DISH_BULK_1192,CUST_02652,2026-09-17T05:04:00
ORD_BULK_08280,DISH_BULK_1497,CUST_00686,2026-09-15T11:52:00
ORD_BULK_08281,DISH_BULK_0731,CUST_00531,2026-09-12T06:07:00
ORD_BULK_08282,DISH_BULK_1532,CUST_00552,2026-09-15T06:28:00
ORD_BULK_08283,DISH_BULK_0435,CUST_00363,2026-09-13T16:41:00
ORD_BULK_08284,DISH_BULK_0555,CUST_01048,2026-09-12T19:06:00
ORD_BULK_08285,DISH_BULK_1637,CUST_02726,2026-09-11T21:31:00
ORD_BULK_08286,DISH_BULK_1361,CUST_03854,2026-09-17T18:44:00
ORD_BULK_08287,DISH_BULK_2226,CUST_02849,2026-09-13T23:32:00
ORD_BULK_08288,DISH_BULK_1045,CUST_02759,2026-09-12T01:18:00
ORD_BULK_08289,DISH_BULK_0369,CUST_02782,2026-09-16T04:32:00
ORD_BULK_08290,DISH_BULK_2056,CUST_02607,2026-09-10T18:43:00
ORD_BULK_08291,DISH_BULK_2140,CUST_03011,2026-09-15T22:37:00
ORD_BULK_08292,DISH_BULK_2387,CUST_03893,2026-09-18T03:39:00
ORD_BULK_08293,DISH_BULK_2484,CUST_00402,2026-09-17T10:03:00
ORD_BULK_08294,DISH_BULK_1623,CUST_00605,2026-09-17T14:37:00
ORD_BULK_08295,DISH_BULK_0937,CUST_02967,2026-09-13T20:57:00
ORD_BULK_08296,DISH_BULK_2867,CUST_00347,2026-09-17T19:40:00
ORD_BULK_08297,DISH_BULK_2414,CUST_02339,2026-09-18T02:25:00
ORD_BULK_08298,DISH_BULK_1511,CUST_01080,2026-09-12T20:14:00
ORD_BULK_08299,DISH_BULK_0777,CUST_02293,2026-09-14T04:31:00
ORD_BULK_08300,DISH_BULK_0934,CUST_03635,2026-09-11T20:35:00
ORD_BULK_08301,DISH_BULK_2903,CUST_03956,2026-09-13T12:55:00
ORD_BULK_08302,DISH_BULK_1841,CUST_03990,2026-09-12T10:58:00
ORD_BULK_08303,DISH_BULK_1451,CUST_02731,2026-09-10T23:43:00
ORD_BULK_08304,DISH_BULK_1447,CUST_02178,2026-09-13T00:24:00
ORD_BULK_08305,DISH_BULK_0875,CUST_01006,2026-09-13T07:11:00
ORD_BULK_08306,DISH_BULK_0782,CUST_03889,2026-09-10T17:29:00
ORD_BULK_08307,DISH_BULK_2778,CUST_00987,2026-09-11T05:10:00
ORD_BULK_08308,DISH_BULK_0276,CUST_02894,2026-09-14T11:53:00
ORD_BULK_08309,DISH_BULK_2692,CUST_02167,2026-09-16T00:23:00
ORD_BULK_08310,DISH_BULK_1615,CUST_00115,2026-09-14T14:05:00
ORD_BULK_08311,DISH_BULK_2898,CUST_01094,2026-09-14T12:58:00
ORD_BULK_08312,DISH_BULK_1866,CUST_03189,2026-09-18T14:43:00
ORD_BULK_08313,DISH_BULK_1553,CUST_03753,2026-09-18T04:22:00
ORD_BULK_08314,DISH_BULK_2262,CUST_02766,2026-09-13T09:20:00
ORD_BULK_08315,DISH_BULK_1999,CUST_01356,2026-09-15T11:50:00
ORD_BULK_08316,DISH_BULK_1598,CUST_02404,2026-09-18T10:27:00
ORD_BULK_08317,DISH_BULK_2905,CUST_03267,2026-09-13T09:15:00
ORD_BULK_08318,DISH_BULK_2910,CUST_03163,2026-09-17T13:35:00
ORD_BULK_08319,DISH_BULK_1328,CUST_03879,2026-09-12T14:26:00
ORD_BULK_08320,DISH_BULK_1430,CUST_03962,2026-09-13T01:30:00
ORD_BULK_08321,DISH_BULK_1742,CUST_01519,2026-09-16T18:05:00
ORD_BULK_08322,DISH_BULK_1888,CUST_03512,2026-09-13T09:57:00
ORD_BULK_08323,DISH_BULK_1563,CUST_01584,2026-09-18T14:49:00
ORD_BULK_08324,DISH_BULK_2389,CUST_03183,2026-09-16T01:17:00
ORD_BULK_08325,DISH_BULK_1519,CUST_03942,2026-09-11T01:21:00
ORD_BULK_08326,DISH_BULK_1718,CUST_00855,2026-09-13T12:33:00
ORD_BULK_08327,DISH_BULK_0472,CUST_00324,2026-09-12T08:21:00
ORD_BULK_08328,DISH_BULK_1359,CUST_01170,2026-09-14T13:01:00
ORD_BULK_08329,DISH_BULK_0044,CUST_02194,2026-09-18T06:31:00
ORD_BULK_08330,DISH_PNR_033,CUST_02346,2026-09-14T02:40:00
ORD_BULK_08331,DISH_BULK_2486,CUST_03757,2026-09-13T19:39:00
ORD_BULK_08332,DISH_BULK_2034,CUST_00359,2026-09-14T05:18:00
ORD_BULK_08333,DISH_BULK_0713,CUST_03115,2026-09-14T20:58:00
ORD_BULK_08334,DISH_BULK_2394,CUST_00585,2026-09-14T00:13:00
ORD_BULK_08335,DISH_BULK_1474,CUST_02359,2026-09-14T16:07:00
ORD_BULK_08336,DISH_BULK_1580,CUST_01238,2026-09-15T09:58:00
ORD_BULK_08337,DISH_BULK_0698,CUST_00463,2026-09-13T01:24:00
ORD_BULK_08338,DISH_BULK_0009,CUST_01857,2026-09-13T11:24:00
ORD_BULK_08339,DISH_BULK_0513,CUST_00982,2026-09-14T12:28:00
ORD_BULK_08340,DISH_BULK_2892,CUST_02411,2026-09-11T16:24:00
ORD_BULK_08341,DISH_BULK_1042,CUST_00744,2026-09-14T17:04:00
ORD_BULK_08342,DISH_BULK_0455,CUST_03823,2026-09-13T14:04:00
ORD_BULK_08343,DISH_BULK_0169,CUST_02735,2026-09-13T08:18:00
ORD_BULK_08344,DISH_BULK_2619,CUST_02231,2026-09-16T23:20:00
ORD_BULK_08345,DISH_BULK_0754,CUST_01016,2026-09-12T02:59:00
ORD_BULK_08346,DISH_BULK_1655,CUST_03345,2026-09-11T15:46:00
ORD_BULK_08347,DISH_BULK_1186,CUST_03182,2026-09-13T22:29:00
ORD_BULK_08348,DISH_BULK_1219,CUST_00875,2026-09-18T12:10:00
ORD_BULK_08349,DISH_BULK_0182,CUST_01855,2026-09-16T18:42:00
ORD_BULK_08350,DISH_BULK_1644,CUST_00902,2026-09-17T19:37:00
ORD_BULK_08351,DISH_BULK_1829,CUST_00926,2026-09-11T12:28:00
ORD_BULK_08352,DISH_BULK_2742,CUST_03702,2026-09-10T12:56:00
ORD_BULK_08353,DISH_BULK_0076,CUST_02188,2026-09-17T16:17:00
ORD_BULK_08354,DISH_BULK_2764,CUST_02994,2026-09-11T17:18:00
ORD_BULK_08355,DISH_BULK_1984,CUST_03851,2026-09-16T08:57:00
ORD_BULK_08356,DISH_BULK_1413,CUST_03768,2026-09-12T05:36:00
ORD_BULK_08357,DISH_BULK_0535,CUST_03818,2026-09-11T16:50:00
ORD_BULK_08358,DISH_BULK_0279,CUST_01509,2026-09-18T15:18:00
ORD_BULK_08359,DISH_BULK_2202,CUST_01830,2026-09-11T09:13:00
ORD_BULK_08360,DISH_BULK_2235,CUST_01151,2026-09-13T22:55:00
ORD_BULK_08361,DISH_BULK_0594,CUST_00857,2026-09-14T11:03:00
ORD_BULK_08362,DISH_BULK_2648,CUST_01145,2026-09-12T08:07:00
ORD_BULK_08363,DISH_BULK_1727,CUST_03643,2026-09-16T02:01:00
ORD_BULK_08364,DISH_BULK_1840,CUST_01064,2026-09-13T08:55:00
ORD_BULK_08365,DISH_BULK_2740,CUST_02665,2026-09-18T01:20:00
ORD_BULK_08366,DISH_BULK_1994,CUST_00200,2026-09-11T14:42:00
ORD_BULK_08367,DISH_BULK_1990,CUST_00795,2026-09-17T15:31:00
ORD_BULK_08368,DISH_BULK_0624,CUST_03563,2026-09-17T16:58:00
ORD_BULK_08369,DISH_BULK_2725,CUST_00104,2026-09-18T04:49:00
ORD_BULK_08370,DISH_BULK_2120,CUST_01684,2026-09-14T05:14:00
ORD_BULK_08371,DISH_BULK_0558,CUST_00912,2026-09-15T09:26:00
ORD_BULK_08372,DISH_BULK_1849,CUST_01856,2026-09-11T20:03:00
ORD_BULK_08373,DISH_BULK_2318,CUST_01762,2026-09-14T21:18:00
ORD_BULK_08374,DISH_BULK_2747,CUST_01327,2026-09-14T23:03:00
ORD_BULK_08375,DISH_BULK_0725,CUST_00799,2026-09-15T15:48:00
ORD_BULK_08376,DISH_PNR_014,CUST_00457,2026-09-13T12:05:00
ORD_BULK_08377,DISH_BULK_0207,CUST_02645,2026-09-10T20:44:00
ORD_BULK_08378,DISH_BULK_2531,CUST_02869,2026-09-14T09:30:00
ORD_BULK_08379,DISH_BULK_0578,CUST_03333,2026-09-15T07:57:00
ORD_BULK_08380,DISH_BULK_2153,CUST_00258,2026-09-10T14:42:00
ORD_BULK_08381,DISH_BULK_1459,CUST_01334,2026-09-17T17:14:00
ORD_BULK_08382,DISH_BULK_2080,CUST_02697,2026-09-10T20:27:00
ORD_BULK_08383,DISH_BULK_0102,CUST_00104,2026-09-12T01:30:00
ORD_BULK_08384,DISH_BULK_1935,CUST_03508,2026-09-18T02:20:00
ORD_BULK_08385,DISH_BULK_0683,CUST_02988,2026-09-11T18:57:00
ORD_BULK_08386,DISH_BULK_0223,CUST_01267,2026-09-12T10:52:00
ORD_BULK_08387,DISH_BULK_1263,CUST_01897,2026-09-17T20:55:00
ORD_BULK_08388,DISH_BULK_0752,CUST_00492,2026-09-15T04:10:00
ORD_BULK_08389,DISH_BULK_0062,CUST_02475,2026-09-13T18:13:00
ORD_BULK_08390,DISH_BULK_0882,CUST_03964,2026-09-16T20:38:00
ORD_BULK_08391,DISH_BULK_2789,CUST_03244,2026-09-11T17:42:00
ORD_BULK_08392,DISH_BULK_0845,CUST_03126,2026-09-14T20:40:00
ORD_BULK_08393,DISH_BULK_2121,CUST_03302,2026-09-17T11:21:00
ORD_BULK_08394,DISH_BULK_2797,CUST_00356,2026-09-15T22:59:00
ORD_BULK_08395,DISH_BULK_0627,CUST_03721,2026-09-10T17:34:00
ORD_BULK_08396,DISH_BULK_0766,CUST_00499,2026-09-12T14:05:00
ORD_BULK_08397,DISH_BULK_1502,CUST_02550,2026-09-14T06:26:00
ORD_BULK_08398,DISH_BULK_1391,CUST_02905,2026-09-12T02:05:00
ORD_BULK_08399,DISH_BULK_2076,CUST_03177,2026-09-14T18:42:00
ORD_BULK_08400,DISH_BULK_0674,CUST_03713,2026-09-18T12:50:00
ORD_BULK_08401,DISH_BULK_0063,CUST_02462,2026-09-17T16:05:00
ORD_BULK_08402,DISH_BULK_0717,CUST_02358,2026-09-18T14:18:00
ORD_BULK_08403,DISH_BULK_2539,CUST_03506,2026-09-15T20:20:00
ORD_BULK_08404,DISH_BULK_0962,CUST_01409,2026-09-11T18:54:00
ORD_BULK_08405,DISH_BULK_2899,CUST_01530,2026-09-17T08:02:00
ORD_BULK_08406,DISH_BULK_1396,CUST_03389,2026-09-17T20:01:00
ORD_BULK_08407,DISH_BULK_2751,CUST_00874,2026-09-13T00:04:00
ORD_BULK_08408,DISH_BULK_0561,CUST_00693,2026-09-12T01:10:00
ORD_BULK_08409,DISH_BULK_2575,CUST_02840,2026-09-15T08:53:00
ORD_BULK_08410,DISH_BULK_0883,CUST_02865,2026-09-17T08:11:00
ORD_BULK_08411,DISH_BULK_0732,CUST_03661,2026-09-16T06:35:00
ORD_BULK_08412,DISH_BULK_2425,CUST_02491,2026-09-12T07:35:00
ORD_BULK_08413,DISH_PNR_006,CUST_01177,2026-09-14T11:17:00
ORD_BULK_08414,DISH_BULK_1894,CUST_02832,2026-09-18T05:22:00
ORD_BULK_08415,DISH_BULK_0863,CUST_03203,2026-09-14T08:40:00
ORD_BULK_08416,DISH_BULK_0877,CUST_00530,2026-09-12T21:53:00
ORD_BULK_08417,DISH_BULK_1687,CUST_01749,2026-09-11T07:47:00
ORD_BULK_08418,DISH_BULK_2031,CUST_01434,2026-09-10T17:29:00
ORD_BULK_08419,DISH_BULK_1877,CUST_01627,2026-09-11T09:01:00
ORD_BULK_08420,DISH_BULK_0154,CUST_02258,2026-09-15T13:22:00
ORD_BULK_08421,DISH_BULK_0140,CUST_02095,2026-09-12T11:10:00
ORD_BULK_08422,DISH_BULK_1547,CUST_02487,2026-09-15T23:56:00
ORD_BULK_08423,DISH_BULK_0448,CUST_03132,2026-09-16T02:04:00
ORD_BULK_08424,DISH_BULK_0602,CUST_03399,2026-09-12T14:35:00
ORD_BULK_08425,DISH_BULK_1515,CUST_00159,2026-09-11T10:56:00
ORD_BULK_08426,DISH_BULK_0011,CUST_02013,2026-09-11T18:02:00
ORD_BULK_08427,DISH_BULK_0592,CUST_01624,2026-09-11T11:14:00
ORD_BULK_08428,DISH_BULK_1404,CUST_02642,2026-09-16T15:10:00
ORD_BULK_08429,DISH_BULK_0864,CUST_03658,2026-09-16T16:26:00
ORD_BULK_08430,DISH_BULK_2730,CUST_02295,2026-09-17T12:36:00
ORD_BULK_08431,DISH_BULK_0703,CUST_02893,2026-09-11T08:28:00
ORD_BULK_08432,DISH_BULK_1973,CUST_02729,2026-09-17T12:06:00
ORD_BULK_08433,DISH_BULK_1734,CUST_03781,2026-09-18T09:10:00
ORD_BULK_08434,DISH_BULK_1027,CUST_02188,2026-09-13T06:31:00
ORD_BULK_08435,DISH_BULK_1602,CUST_01960,2026-09-12T14:41:00
ORD_BULK_08436,DISH_BULK_1282,CUST_01813,2026-09-13T07:43:00
ORD_BULK_08437,DISH_BULK_0490,CUST_00595,2026-09-12T17:17:00
ORD_BULK_08438,DISH_BULK_0841,CUST_02830,2026-09-12T01:42:00
ORD_BULK_08439,DISH_BULK_0534,CUST_03901,2026-09-12T04:04:00
ORD_BULK_08440,DISH_BULK_2870,CUST_02083,2026-09-10T12:36:00
ORD_BULK_08441,DISH_BULK_2553,CUST_00435,2026-09-17T05:52:00
ORD_BULK_08442,DISH_BULK_1150,CUST_01040,2026-09-12T02:02:00
ORD_BULK_08443,DISH_BULK_1371,CUST_02295,2026-09-17T23:03:00
ORD_BULK_08444,DISH_BULK_2272,CUST_00632,2026-09-18T11:53:00
ORD_BULK_08445,DISH_BULK_2677,CUST_02808,2026-09-17T12:23:00
ORD_BULK_08446,DISH_BULK_0708,CUST_00732,2026-09-14T08:35:00
ORD_BULK_08447,DISH_BULK_1612,CUST_00235,2026-09-14T14:57:00
ORD_BULK_08448,DISH_BULK_0703,CUST_03364,2026-09-17T08:44:00
ORD_BULK_08449,DISH_BULK_1336,CUST_00865,2026-09-14T13:28:00
ORD_BULK_08450,DISH_BULK_2641,CUST_00202,2026-09-14T18:23:00
ORD_BULK_08451,DISH_BULK_0946,CUST_03413,2026-09-17T13:30:00
ORD_BULK_08452,DISH_BULK_2911,CUST_01962,2026-09-13T02:48:00
ORD_BULK_08453,DISH_BULK_0227,CUST_03503,2026-09-17T16:52:00
ORD_BULK_08454,DISH_BULK_0423,CUST_02178,2026-09-10T23:08:00
ORD_BULK_08455,DISH_BULK_1066,CUST_01626,2026-09-18T02:41:00
ORD_BULK_08456,DISH_BULK_1968,CUST_01130,2026-09-11T12:32:00
ORD_BULK_08457,DISH_BULK_0921,CUST_00026,2026-09-15T20:35:00
ORD_BULK_08458,DISH_BULK_2694,CUST_01292,2026-09-12T22:33:00
ORD_BULK_08459,DISH_BULK_2243,CUST_03891,2026-09-13T19:15:00
ORD_BULK_08460,DISH_BULK_0453,CUST_02676,2026-09-16T17:22:00
ORD_BULK_08461,DISH_BULK_1280,CUST_00609,2026-09-10T11:42:00
ORD_BULK_08462,DISH_BULK_2657,CUST_00294,2026-09-12T20:00:00
ORD_BULK_08463,DISH_BULK_1532,CUST_00715,2026-09-14T21:34:00
ORD_BULK_08464,DISH_BULK_2661,CUST_00235,2026-09-16T02:54:00
ORD_BULK_08465,DISH_BULK_1128,CUST_02720,2026-09-14T21:02:00
ORD_BULK_08466,DISH_BULK_0892,CUST_02339,2026-09-18T12:38:00
ORD_BULK_08467,DISH_BULK_1893,CUST_02691,2026-09-14T11:46:00
ORD_BULK_08468,DISH_BULK_1535,CUST_00260,2026-09-13T21:41:00
ORD_BULK_08469,DISH_BULK_2946,CUST_01134,2026-09-15T18:01:00
ORD_BULK_08470,DISH_BULK_0138,CUST_01481,2026-09-13T22:57:00
ORD_BULK_08471,DISH_BULK_0983,CUST_02330,2026-09-11T03:51:00
ORD_BULK_08472,DISH_BULK_0667,CUST_03838,2026-09-17T10:59:00
ORD_BULK_08473,DISH_BULK_2656,CUST_00276,2026-09-14T12:34:00
ORD_BULK_08474,DISH_BULK_0308,CUST_01754,2026-09-18T12:42:00
ORD_BULK_08475,DISH_BULK_1050,CUST_00295,2026-09-11T05:09:00
ORD_BULK_08476,DISH_BULK_2273,CUST_03140,2026-09-17T23:50:00
ORD_BULK_08477,DISH_BULK_1355,CUST_01352,2026-09-15T04:56:00
ORD_BULK_08478,DISH_BULK_1066,CUST_00070,2026-09-16T19:31:00
ORD_BULK_08479,DISH_BULK_2700,CUST_00375,2026-09-16T21:20:00
ORD_BULK_08480,DISH_BULK_2906,CUST_01540,2026-09-17T01:46:00
ORD_BULK_08481,DISH_BULK_0820,CUST_02421,2026-09-13T23:39:00
ORD_BULK_08482,DISH_BULK_1800,CUST_02242,2026-09-15T23:37:00
ORD_BULK_08483,DISH_BULK_1419,CUST_03297,2026-09-12T10:28:00
ORD_BULK_08484,DISH_BULK_0200,CUST_01955,2026-09-10T08:08:00
ORD_BULK_08485,DISH_BULK_0515,CUST_00075,2026-09-13T05:15:00
ORD_BULK_08486,DISH_BULK_0645,CUST_01781,2026-09-12T03:13:00
ORD_BULK_08487,DISH_BULK_2684,CUST_00062,2026-09-11T03:25:00
ORD_BULK_08488,DISH_BULK_2504,CUST_03551,2026-09-17T18:02:00
ORD_BULK_08489,DISH_BULK_1986,CUST_00394,2026-09-11T21:07:00
ORD_BULK_08490,DISH_BULK_2939,CUST_02711,2026-09-11T08:31:00
ORD_BULK_08491,DISH_BULK_0567,CUST_01260,2026-09-11T04:00:00
ORD_BULK_08492,DISH_BULK_0780,CUST_02342,2026-09-13T02:31:00
ORD_BULK_08493,DISH_BULK_2888,CUST_01762,2026-09-17T09:23:00
ORD_BULK_08494,DISH_BULK_1606,CUST_01896,2026-09-16T09:15:00
ORD_BULK_08495,DISH_BULK_2274,CUST_02652,2026-09-15T11:56:00
ORD_BULK_08496,DISH_BULK_1616,CUST_00149,2026-09-16T18:39:00
ORD_BULK_08497,DISH_BULK_2097,CUST_01944,2026-09-12T18:52:00
ORD_BULK_08498,DISH_BULK_0257,CUST_00676,2026-09-15T04:25:00
ORD_BULK_08499,DISH_BULK_1963,CUST_03659,2026-09-15T20:07:00
ORD_BULK_08500,DISH_BULK_0901,CUST_00328,2026-09-17T04:22:00
ORD_BULK_08501,DISH_BULK_0713,CUST_00541,2026-09-15T07:33:00
ORD_BULK_08502,DISH_BULK_2624,CUST_01595,2026-09-18T00:18:00
ORD_BULK_08503,DISH_BULK_0069,CUST_01886,2026-09-14T04:36:00
ORD_BULK_08504,DISH_BULK_2802,CUST_02363,2026-09-16T08:50:00
ORD_BULK_08505,DISH_BULK_2144,CUST_02547,2026-09-15T17:44:00
ORD_BULK_08506,DISH_BULK_2611,CUST_02232,2026-09-15T02:47:00
ORD_BULK_08507,DISH_BULK_1397,CUST_00972,2026-09-17T14:03:00
ORD_BULK_08508,DISH_BULK_0805,CUST_03854,2026-09-17T12:17:00
ORD_BULK_08509,DISH_BULK_2759,CUST_02342,2026-09-18T06:40:00
ORD_BULK_08510,DISH_BULK_2792,CUST_01265,2026-09-12T15:26:00
ORD_BULK_08511,DISH_BULK_0426,CUST_02469,2026-09-11T09:02:00
ORD_BULK_08512,DISH_BULK_2534,CUST_03154,2026-09-14T16:22:00
ORD_BULK_08513,DISH_BULK_1300,CUST_01265,2026-09-12T11:26:00
ORD_BULK_08514,DISH_BULK_0080,CUST_03907,2026-09-16T03:56:00
ORD_BULK_08515,DISH_BULK_2706,CUST_02970,2026-09-16T21:53:00
ORD_BULK_08516,DISH_BULK_2562,CUST_01372,2026-09-12T09:36:00
ORD_BULK_08517,DISH_BULK_0909,CUST_00511,2026-09-11T23:31:00
ORD_BULK_08518,DISH_BULK_0141,CUST_00650,2026-09-11T17:03:00
ORD_BULK_08519,DISH_BULK_2354,CUST_00284,2026-09-14T08:06:00
ORD_BULK_08520,DISH_BULK_0050,CUST_03173,2026-09-14T07:19:00
ORD_BULK_08521,DISH_BULK_1945,CUST_03308,2026-09-14T15:15:00
ORD_BULK_08522,DISH_BULK_1069,CUST_01159,2026-09-16T17:44:00
ORD_BULK_08523,DISH_BULK_2575,CUST_01869,2026-09-13T13:34:00
ORD_BULK_08524,DISH_BULK_1919,CUST_00029,2026-09-18T10:08:00
ORD_BULK_08525,DISH_BULK_0158,CUST_00005,2026-09-11T22:18:00
ORD_BULK_08526,DISH_BULK_1677,CUST_03966,2026-09-16T17:15:00
ORD_BULK_08527,DISH_BULK_1855,CUST_01621,2026-09-13T19:36:00
ORD_BULK_08528,DISH_BULK_1220,CUST_02232,2026-09-17T21:41:00
ORD_BULK_08529,DISH_BULK_1736,CUST_02034,2026-09-14T21:28:00
ORD_BULK_08530,DISH_BULK_1173,CUST_02345,2026-09-15T10:17:00
ORD_BULK_08531,DISH_BULK_2383,CUST_01844,2026-09-13T20:31:00
ORD_BULK_08532,DISH_BULK_0318,CUST_01720,2026-09-12T14:58:00
ORD_BULK_08533,DISH_BULK_1533,CUST_03648,2026-09-14T06:54:00
ORD_BULK_08534,DISH_BULK_1701,CUST_02829,2026-09-10T17:13:00
ORD_BULK_08535,DISH_BULK_1006,CUST_03514,2026-09-14T02:16:00
ORD_BULK_08536,DISH_BULK_0089,CUST_00095,2026-09-14T23:03:00
ORD_BULK_08537,DISH_BULK_0954,CUST_01446,2026-09-13T21:56:00
ORD_BULK_08538,DISH_BULK_2817,CUST_00904,2026-09-15T16:24:00
ORD_BULK_08539,DISH_BULK_0769,CUST_00155,2026-09-17T00:47:00
ORD_BULK_08540,DISH_BULK_1535,CUST_03994,2026-09-13T10:22:00
ORD_BULK_08541,DISH_BULK_2268,CUST_01748,2026-09-17T08:20:00
ORD_BULK_08542,DISH_BULK_0717,CUST_03944,2026-09-15T14:48:00
ORD_BULK_08543,DISH_BULK_1761,CUST_00324,2026-09-11T14:00:00
ORD_BULK_08544,DISH_BULK_2554,CUST_02317,2026-09-17T17:30:00
ORD_BULK_08545,DISH_BULK_1420,CUST_00563,2026-09-16T19:27:00
ORD_BULK_08546,DISH_BULK_2804,CUST_01558,2026-09-12T20:49:00
ORD_BULK_08547,DISH_BULK_1269,CUST_00844,2026-09-10T21:31:00
ORD_BULK_08548,DISH_BULK_2799,CUST_01520,2026-09-17T02:04:00
ORD_BULK_08549,DISH_BULK_1862,CUST_02946,2026-09-10T10:10:00
ORD_BULK_08550,DISH_BULK_0688,CUST_01508,2026-09-14T07:30:00
ORD_BULK_08551,DISH_BULK_0405,CUST_00662,2026-09-16T08:27:00
ORD_BULK_08552,DISH_BULK_0613,CUST_01896,2026-09-15T00:55:00
ORD_BULK_08553,DISH_BULK_2716,CUST_00846,2026-09-15T04:28:00
ORD_BULK_08554,DISH_BULK_1181,CUST_00962,2026-09-11T05:23:00
ORD_BULK_08555,DISH_BULK_1240,CUST_02516,2026-09-13T15:11:00
ORD_BULK_08556,DISH_BULK_2102,CUST_02543,2026-09-16T16:48:00
ORD_BULK_08557,DISH_BULK_2288,CUST_03128,2026-09-14T03:35:00
ORD_BULK_08558,DISH_BULK_2459,CUST_01612,2026-09-14T07:12:00
ORD_BULK_08559,DISH_BULK_1107,CUST_01696,2026-09-17T19:31:00
ORD_BULK_08560,DISH_BULK_1734,CUST_01016,2026-09-13T17:31:00
ORD_BULK_08561,DISH_BULK_1307,CUST_03088,2026-09-13T07:28:00
ORD_BULK_08562,DISH_BULK_1150,CUST_03053,2026-09-12T20:27:00
ORD_BULK_08563,DISH_BULK_1213,CUST_02905,2026-09-13T06:17:00
ORD_BULK_08564,DISH_BULK_0252,CUST_03243,2026-09-13T19:22:00
ORD_BULK_08565,DISH_BULK_2460,CUST_00497,2026-09-14T20:00:00
ORD_BULK_08566,DISH_BULK_2286,CUST_03802,2026-09-17T04:47:00
ORD_BULK_08567,DISH_BULK_2366,CUST_01002,2026-09-17T05:52:00
ORD_BULK_08568,DISH_BULK_0947,CUST_03416,2026-09-18T08:41:00
ORD_BULK_08569,DISH_BULK_1012,CUST_01130,2026-09-16T21:55:00
ORD_BULK_08570,DISH_BULK_1800,CUST_01168,2026-09-12T21:49:00
ORD_BULK_08571,DISH_BULK_2308,CUST_03609,2026-09-13T09:37:00
ORD_BULK_08572,DISH_BULK_1633,CUST_01081,2026-09-10T12:41:00
ORD_BULK_08573,DISH_BULK_2107,CUST_03110,2026-09-18T00:35:00
ORD_BULK_08574,DISH_BULK_2646,CUST_02866,2026-09-16T17:17:00
ORD_BULK_08575,DISH_BULK_0655,CUST_00599,2026-09-12T21:18:00
ORD_BULK_08576,DISH_BULK_0149,CUST_02431,2026-09-14T01:37:00
ORD_BULK_08577,DISH_BULK_2004,CUST_01721,2026-09-11T19:02:00
ORD_BULK_08578,DISH_BULK_2433,CUST_02962,2026-09-15T18:15:00
ORD_BULK_08579,DISH_BULK_2917,CUST_03831,2026-09-12T19:40:00
ORD_BULK_08580,DISH_BULK_2311,CUST_02741,2026-09-16T09:35:00
ORD_BULK_08581,DISH_BULK_2585,CUST_03157,2026-09-16T06:38:00
ORD_BULK_08582,DISH_BULK_2340,CUST_03515,2026-09-13T09:37:00
ORD_BULK_08583,DISH_BULK_0362,CUST_01021,2026-09-12T03:03:00
ORD_BULK_08584,DISH_BULK_0378,CUST_03963,2026-09-10T10:10:00
ORD_BULK_08585,DISH_BULK_2292,CUST_01825,2026-09-11T19:14:00
ORD_BULK_08586,DISH_BULK_0204,CUST_02832,2026-09-12T07:19:00
ORD_BULK_08587,DISH_BULK_0425,CUST_03525,2026-09-15T18:43:00
ORD_BULK_08588,DISH_BULK_0131,CUST_01962,2026-09-14T01:14:00
ORD_BULK_08589,DISH_BULK_1188,CUST_03684,2026-09-16T05:36:00
ORD_BULK_08590,DISH_BULK_1378,CUST_00790,2026-09-13T14:23:00
ORD_BULK_08591,DISH_BULK_2535,CUST_02908,2026-09-15T00:43:00
ORD_BULK_08592,DISH_BULK_1471,CUST_01380,2026-09-15T17:03:00
ORD_BULK_08593,DISH_BULK_2352,CUST_00541,2026-09-11T18:18:00
ORD_BULK_08594,DISH_BULK_0106,CUST_01002,2026-09-10T10:46:00
ORD_BULK_08595,DISH_BULK_0129,CUST_01237,2026-09-13T11:57:00
ORD_BULK_08596,DISH_BULK_2275,CUST_01773,2026-09-13T19:07:00
ORD_BULK_08597,DISH_BULK_1516,CUST_03805,2026-09-11T01:30:00
ORD_BULK_08598,DISH_BULK_0561,CUST_02964,2026-09-17T06:49:00
ORD_BULK_08599,DISH_BULK_0869,CUST_02321,2026-09-10T22:54:00
ORD_BULK_08600,DISH_BULK_0066,CUST_00580,2026-09-14T09:08:00
ORD_BULK_08601,DISH_BULK_0390,CUST_00559,2026-09-11T15:20:00
ORD_BULK_08602,DISH_BULK_0789,CUST_03006,2026-09-15T14:00:00
ORD_BULK_08603,DISH_BULK_1319,CUST_03517,2026-09-14T19:26:00
ORD_BULK_08604,DISH_BULK_1413,CUST_02166,2026-09-18T09:03:00
ORD_BULK_08605,DISH_BULK_2390,CUST_01605,2026-09-12T11:58:00
ORD_BULK_08606,DISH_BULK_1308,CUST_02386,2026-09-14T04:07:00
ORD_BULK_08607,DISH_BULK_2526,CUST_02776,2026-09-15T16:42:00
ORD_BULK_08608,DISH_PNR_010,CUST_02275,2026-09-15T05:29:00
ORD_BULK_08609,DISH_BULK_0277,CUST_03780,2026-09-16T20:38:00
ORD_BULK_08610,DISH_BULK_2450,CUST_00895,2026-09-11T02:46:00
ORD_BULK_08611,DISH_BULK_1023,CUST_02892,2026-09-14T10:26:00
ORD_BULK_08612,DISH_BULK_2217,CUST_01223,2026-09-12T11:39:00
ORD_BULK_08613,DISH_BULK_1016,CUST_02850,2026-09-14T01:21:00
ORD_BULK_08614,DISH_BULK_1578,CUST_01589,2026-09-12T20:25:00
ORD_BULK_08615,DISH_BULK_0300,CUST_00297,2026-09-12T20:50:00
ORD_BULK_08616,DISH_BULK_2174,CUST_02256,2026-09-14T13:18:00
ORD_BULK_08617,DISH_BULK_0150,CUST_03626,2026-09-12T15:53:00
ORD_BULK_08618,DISH_BULK_1168,CUST_03647,2026-09-12T10:07:00
ORD_BULK_08619,DISH_BULK_0734,CUST_03395,2026-09-14T23:14:00
ORD_BULK_08620,DISH_BULK_0599,CUST_03821,2026-09-17T23:09:00
ORD_BULK_08621,DISH_BULK_0509,CUST_00138,2026-09-13T03:54:00
ORD_BULK_08622,DISH_BULK_0752,CUST_01270,2026-09-15T12:55:00
ORD_BULK_08623,DISH_BULK_1153,CUST_00751,2026-09-13T08:23:00
ORD_BULK_08624,DISH_BULK_1619,CUST_00852,2026-09-17T19:08:00
ORD_BULK_08625,DISH_BULK_0395,CUST_00077,2026-09-13T18:15:00
ORD_BULK_08626,DISH_BULK_0904,CUST_02717,2026-09-15T11:05:00
ORD_BULK_08627,DISH_BULK_2879,CUST_02374,2026-09-15T01:30:00
ORD_BULK_08628,DISH_BULK_2020,CUST_03037,2026-09-18T05:16:00
ORD_BULK_08629,DISH_BULK_2717,CUST_03281,2026-09-17T19:41:00
ORD_BULK_08630,DISH_BULK_1577,CUST_03201,2026-09-16T11:31:00
ORD_BULK_08631,DISH_BULK_0068,CUST_00134,2026-09-16T14:46:00
ORD_BULK_08632,DISH_BULK_2621,CUST_01286,2026-09-18T10:05:00
ORD_BULK_08633,DISH_BULK_2853,CUST_03675,2026-09-11T22:27:00
ORD_BULK_08634,DISH_BULK_2284,CUST_03525,2026-09-13T12:37:00
ORD_BULK_08635,DISH_BULK_1516,CUST_03086,2026-09-16T23:04:00
ORD_BULK_08636,DISH_BULK_0159,CUST_00627,2026-09-17T18:32:00
ORD_BULK_08637,DISH_BULK_0321,CUST_02649,2026-09-17T20:57:00
ORD_BULK_08638,DISH_BULK_1949,CUST_01795,2026-09-13T14:06:00
ORD_BULK_08639,DISH_BULK_0217,CUST_01908,2026-09-13T07:57:00
ORD_BULK_08640,DISH_BULK_0725,CUST_00154,2026-09-13T18:29:00
ORD_BULK_08641,DISH_BULK_0805,CUST_03447,2026-09-13T22:58:00
ORD_BULK_08642,DISH_BULK_0193,CUST_00636,2026-09-12T22:21:00
ORD_BULK_08643,DISH_BULK_2151,CUST_03252,2026-09-14T12:06:00
ORD_BULK_08644,DISH_BULK_0146,CUST_00670,2026-09-12T04:13:00
ORD_BULK_08645,DISH_BULK_2244,CUST_02497,2026-09-13T12:32:00
ORD_BULK_08646,DISH_BULK_1683,CUST_01601,2026-09-14T04:23:00
ORD_BULK_08647,DISH_BULK_0696,CUST_01837,2026-09-14T03:57:00
ORD_BULK_08648,DISH_BULK_2943,CUST_03573,2026-09-12T03:32:00
ORD_BULK_08649,DISH_BULK_0768,CUST_00824,2026-09-11T20:26:00
ORD_BULK_08650,DISH_BULK_2085,CUST_00628,2026-09-17T10:17:00
ORD_BULK_08651,DISH_BULK_0911,CUST_00039,2026-09-11T21:13:00
ORD_BULK_08652,DISH_BULK_0020,CUST_00551,2026-09-14T02:09:00
ORD_BULK_08653,DISH_BULK_1597,CUST_02350,2026-09-11T13:26:00
ORD_BULK_08654,DISH_BULK_0836,CUST_00838,2026-09-10T10:43:00
ORD_BULK_08655,DISH_BULK_0894,CUST_00090,2026-09-12T19:55:00
ORD_BULK_08656,DISH_BULK_0762,CUST_01039,2026-09-14T23:29:00
ORD_BULK_08657,DISH_BULK_1872,CUST_01807,2026-09-11T02:29:00
ORD_BULK_08658,DISH_BULK_2789,CUST_00504,2026-09-17T23:02:00
ORD_BULK_08659,DISH_BULK_1706,CUST_03209,2026-09-15T12:35:00
ORD_BULK_08660,DISH_BULK_1449,CUST_03821,2026-09-10T10:55:00
ORD_BULK_08661,DISH_BULK_1746,CUST_03506,2026-09-15T04:33:00
ORD_BULK_08662,DISH_BULK_0535,CUST_03179,2026-09-15T18:37:00
ORD_BULK_08663,DISH_BULK_2451,CUST_02499,2026-09-14T06:51:00
ORD_BULK_08664,DISH_BULK_1245,CUST_01021,2026-09-10T23:28:00
ORD_BULK_08665,DISH_BULK_0664,CUST_01139,2026-09-17T15:14:00
ORD_BULK_08666,DISH_BULK_1470,CUST_00863,2026-09-10T23:18:00
ORD_BULK_08667,DISH_BULK_0274,CUST_03857,2026-09-12T07:15:00
ORD_BULK_08668,DISH_BULK_0899,CUST_03010,2026-09-16T22:50:00
ORD_BULK_08669,DISH_BULK_2231,CUST_03153,2026-09-13T06:32:00
ORD_BULK_08670,DISH_BULK_1951,CUST_00699,2026-09-13T00:10:00
ORD_BULK_08671,DISH_BULK_0072,CUST_00888,2026-09-13T09:57:00
ORD_BULK_08672,DISH_BULK_2889,CUST_03760,2026-09-11T19:59:00
ORD_BULK_08673,DISH_BULK_0145,CUST_00521,2026-09-16T11:30:00
ORD_BULK_08674,DISH_BULK_1166,CUST_01878,2026-09-11T02:35:00
ORD_BULK_08675,DISH_BULK_2335,CUST_03316,2026-09-10T12:28:00
ORD_BULK_08676,DISH_BULK_0326,CUST_01861,2026-09-18T11:58:00
ORD_BULK_08677,DISH_BULK_0621,CUST_03923,2026-09-12T04:37:00
ORD_BULK_08678,DISH_BULK_2665,CUST_03265,2026-09-11T20:09:00
ORD_BULK_08679,DISH_BULK_1152,CUST_00214,2026-09-14T13:56:00
ORD_BULK_08680,DISH_BULK_0193,CUST_01800,2026-09-18T13:12:00
ORD_BULK_08681,DISH_BULK_1648,CUST_03754,2026-09-13T06:42:00
ORD_BULK_08682,DISH_BULK_2659,CUST_03618,2026-09-16T13:13:00
ORD_BULK_08683,DISH_BULK_1848,CUST_02989,2026-09-11T11:44:00
ORD_BULK_08684,DISH_BULK_1904,CUST_02631,2026-09-17T13:41:00
ORD_BULK_08685,DISH_BULK_2784,CUST_02029,2026-09-13T23:41:00
ORD_BULK_08686,DISH_BULK_1020,CUST_01696,2026-09-11T12:54:00
ORD_BULK_08687,DISH_BULK_2502,CUST_03223,2026-09-17T04:02:00
ORD_BULK_08688,DISH_BULK_0703,CUST_03792,2026-09-13T08:00:00
ORD_BULK_08689,DISH_BULK_0158,CUST_01583,2026-09-14T10:14:00
ORD_BULK_08690,DISH_BULK_2574,CUST_02219,2026-09-12T22:05:00
ORD_BULK_08691,DISH_BULK_2152,CUST_03574,2026-09-15T08:20:00
ORD_BULK_08692,DISH_BULK_0585,CUST_03231,2026-09-18T01:02:00
ORD_BULK_08693,DISH_BULK_1875,CUST_02577,2026-09-12T00:30:00
ORD_BULK_08694,DISH_BULK_1344,CUST_02072,2026-09-11T01:30:00
ORD_BULK_08695,DISH_BULK_0690,CUST_00638,2026-09-13T22:28:00
ORD_BULK_08696,DISH_BULK_2406,CUST_00165,2026-09-16T23:43:00
ORD_BULK_08697,DISH_BULK_2772,CUST_01406,2026-09-14T17:12:00
ORD_BULK_08698,DISH_BULK_1568,CUST_03106,2026-09-16T09:45:00
ORD_BULK_08699,DISH_BULK_1108,CUST_02919,2026-09-13T05:33:00
ORD_BULK_08700,DISH_BULK_2031,CUST_02969,2026-09-12T00:15:00
ORD_BULK_08701,DISH_BULK_0967,CUST_01989,2026-09-13T04:01:00
ORD_BULK_08702,DISH_BULK_2523,CUST_00769,2026-09-15T11:15:00
ORD_BULK_08703,DISH_BULK_2302,CUST_03152,2026-09-11T04:50:00
ORD_BULK_08704,DISH_BULK_0717,CUST_00409,2026-09-11T19:29:00
ORD_BULK_08705,DISH_BULK_0300,CUST_00353,2026-09-10T20:52:00
ORD_BULK_08706,DISH_BULK_0442,CUST_02175,2026-09-15T13:02:00
ORD_BULK_08707,DISH_BULK_2057,CUST_00172,2026-09-13T00:21:00
ORD_BULK_08708,DISH_BULK_2808,CUST_01420,2026-09-18T03:58:00
ORD_BULK_08709,DISH_BULK_2218,CUST_01704,2026-09-17T07:42:00
ORD_BULK_08710,DISH_BULK_0158,CUST_02743,2026-09-11T04:11:00
ORD_BULK_08711,DISH_BULK_1815,CUST_03503,2026-09-10T21:30:00
ORD_BULK_08712,DISH_BULK_1939,CUST_01194,2026-09-18T05:23:00
ORD_BULK_08713,DISH_BULK_0101,CUST_03269,2026-09-17T11:50:00
ORD_BULK_08714,DISH_BULK_0877,CUST_02451,2026-09-12T01:14:00
ORD_BULK_08715,DISH_BULK_1397,CUST_00425,2026-09-17T00:29:00
ORD_BULK_08716,DISH_BULK_2491,CUST_02529,2026-09-13T04:45:00
ORD_BULK_08717,DISH_BULK_2798,CUST_01454,2026-09-12T08:39:00
ORD_BULK_08718,DISH_BULK_2404,CUST_01304,2026-09-11T13:52:00
ORD_BULK_08719,DISH_BULK_1977,CUST_00418,2026-09-12T07:08:00
ORD_BULK_08720,DISH_BULK_0672,CUST_00583,2026-09-15T22:24:00
ORD_BULK_08721,DISH_BULK_1542,CUST_03066,2026-09-13T05:30:00
ORD_BULK_08722,DISH_BULK_0977,CUST_00903,2026-09-16T16:15:00
ORD_BULK_08723,DISH_BULK_1815,CUST_00745,2026-09-12T04:39:00
ORD_BULK_08724,DISH_BULK_0041,CUST_01478,2026-09-13T14:59:00
ORD_BULK_08725,DISH_BULK_0566,CUST_00592,2026-09-11T14:51:00
ORD_BULK_08726,DISH_BULK_1492,CUST_00722,2026-09-14T14:54:00
ORD_BULK_08727,DISH_BULK_2735,CUST_01313,2026-09-18T03:04:00
ORD_BULK_08728,DISH_BULK_1021,CUST_02422,2026-09-17T16:24:00
ORD_BULK_08729,DISH_BULK_1520,CUST_03482,2026-09-12T12:31:00
ORD_BULK_08730,DISH_BULK_0753,CUST_03032,2026-09-10T08:24:00
ORD_BULK_08731,DISH_BULK_2789,CUST_02211,2026-09-12T13:23:00
ORD_BULK_08732,DISH_BULK_0782,CUST_03999,2026-09-13T15:09:00
ORD_BULK_08733,DISH_BULK_1159,CUST_01238,2026-09-15T08:55:00
ORD_BULK_08734,DISH_BULK_0029,CUST_01249,2026-09-16T01:08:00
ORD_BULK_08735,DISH_BULK_2078,CUST_02045,2026-09-16T02:52:00
ORD_BULK_08736,DISH_BULK_2408,CUST_02377,2026-09-14T02:16:00
ORD_BULK_08737,DISH_BULK_0002,CUST_01110,2026-09-15T14:52:00
ORD_BULK_08738,DISH_BULK_0039,CUST_03295,2026-09-12T05:23:00
ORD_BULK_08739,DISH_PNR_043,CUST_03524,2026-09-14T14:10:00
ORD_BULK_08740,DISH_BULK_2468,CUST_02799,2026-09-14T15:05:00
ORD_BULK_08741,DISH_BULK_2032,CUST_02804,2026-09-14T07:23:00
ORD_BULK_08742,DISH_BULK_0246,CUST_02508,2026-09-13T21:31:00
ORD_BULK_08743,DISH_BULK_0730,CUST_03228,2026-09-18T02:11:00
ORD_BULK_08744,DISH_BULK_1789,CUST_02036,2026-09-13T06:16:00
ORD_BULK_08745,DISH_BULK_2509,CUST_02876,2026-09-12T09:36:00
ORD_BULK_08746,DISH_BULK_1581,CUST_01750,2026-09-17T13:18:00
ORD_BULK_08747,DISH_BULK_2648,CUST_00857,2026-09-12T03:40:00
ORD_BULK_08748,DISH_BULK_2402,CUST_03036,2026-09-13T22:26:00
ORD_BULK_08749,DISH_BULK_1650,CUST_00956,2026-09-13T09:11:00
ORD_BULK_08750,DISH_BULK_0711,CUST_01853,2026-09-15T23:59:00
ORD_BULK_08751,DISH_BULK_1896,CUST_01307,2026-09-12T06:33:00
ORD_BULK_08752,DISH_BULK_0609,CUST_03736,2026-09-14T09:56:00
ORD_BULK_08753,DISH_BULK_2277,CUST_00630,2026-09-10T12:47:00
ORD_BULK_08754,DISH_BULK_1667,CUST_00330,2026-09-14T21:03:00
ORD_BULK_08755,DISH_BULK_1384,CUST_02224,2026-09-11T06:51:00
ORD_BULK_08756,DISH_BULK_0534,CUST_03316,2026-09-17T05:05:00
ORD_BULK_08757,DISH_BULK_0502,CUST_00114,2026-09-17T18:37:00
ORD_BULK_08758,DISH_BULK_1464,CUST_02346,2026-09-18T14:00:00
ORD_BULK_08759,DISH_BULK_0599,CUST_00619,2026-09-17T01:47:00
ORD_BULK_08760,DISH_BULK_1124,CUST_00480,2026-09-11T03:28:00
ORD_BULK_08761,DISH_BULK_1275,CUST_03785,2026-09-15T00:05:00
ORD_BULK_08762,DISH_BULK_0848,CUST_00173,2026-09-12T01:24:00
ORD_BULK_08763,DISH_BULK_2376,CUST_01302,2026-09-13T22:14:00
ORD_BULK_08764,DISH_BULK_2677,CUST_02872,2026-09-16T22:48:00
ORD_BULK_08765,DISH_BULK_1601,CUST_00953,2026-09-15T07:01:00
ORD_BULK_08766,DISH_BULK_0954,CUST_01898,2026-09-17T22:30:00
ORD_BULK_08767,DISH_BULK_2903,CUST_03328,2026-09-12T02:05:00
ORD_BULK_08768,DISH_BULK_2599,CUST_01674,2026-09-12T07:03:00
ORD_BULK_08769,DISH_BULK_2503,CUST_02961,2026-09-13T17:00:00
ORD_BULK_08770,DISH_BULK_2674,CUST_03130,2026-09-12T09:07:00
ORD_BULK_08771,DISH_BULK_0129,CUST_01768,2026-09-14T14:56:00
ORD_BULK_08772,DISH_BULK_0265,CUST_01374,2026-09-17T21:06:00
ORD_BULK_08773,DISH_BULK_1015,CUST_02554,2026-09-16T04:27:00
ORD_BULK_08774,DISH_BULK_0064,CUST_02648,2026-09-17T22:37:00
ORD_BULK_08775,DISH_BULK_2211,CUST_01392,2026-09-11T10:30:00
ORD_BULK_08776,DISH_BULK_0750,CUST_00839,2026-09-18T13:39:00
ORD_BULK_08777,DISH_BULK_0392,CUST_00914,2026-09-17T18:46:00
ORD_BULK_08778,DISH_BULK_2158,CUST_03115,2026-09-10T19:02:00
ORD_BULK_08779,DISH_BULK_0132,CUST_01117,2026-09-16T20:42:00
ORD_BULK_08780,DISH_BULK_2143,CUST_03489,2026-09-12T21:17:00
ORD_BULK_08781,DISH_BULK_2839,CUST_03505,2026-09-12T02:52:00
ORD_BULK_08782,DISH_BULK_0217,CUST_03355,2026-09-17T15:24:00
ORD_BULK_08783,DISH_BULK_0296,CUST_00725,2026-09-12T01:27:00
ORD_BULK_08784,DISH_BULK_0340,CUST_03891,2026-09-12T07:12:00
ORD_BULK_08785,DISH_BULK_0266,CUST_01525,2026-09-13T16:50:00
ORD_BULK_08786,DISH_BULK_2048,CUST_02715,2026-09-11T14:45:00
ORD_BULK_08787,DISH_BULK_2867,CUST_01526,2026-09-16T10:59:00
ORD_BULK_08788,DISH_BULK_0583,CUST_03563,2026-09-15T06:54:00
ORD_BULK_08789,DISH_BULK_2179,CUST_01709,2026-09-16T10:18:00
ORD_BULK_08790,DISH_BULK_1999,CUST_01645,2026-09-13T17:21:00
ORD_BULK_08791,DISH_PNR_035,CUST_00426,2026-09-16T23:09:00
ORD_BULK_08792,DISH_BULK_0403,CUST_02175,2026-09-14T01:12:00
ORD_BULK_08793,DISH_BULK_1027,CUST_02279,2026-09-16T10:42:00
ORD_BULK_08794,DISH_BULK_0193,CUST_01596,2026-09-13T20:27:00
ORD_BULK_08795,DISH_BULK_1205,CUST_03073,2026-09-11T20:28:00
ORD_BULK_08796,DISH_BULK_2713,CUST_00004,2026-09-10T19:37:00
ORD_BULK_08797,DISH_BULK_1544,CUST_00728,2026-09-16T19:39:00
ORD_BULK_08798,DISH_BULK_2012,CUST_03751,2026-09-15T23:56:00
ORD_BULK_08799,DISH_BULK_1765,CUST_02615,2026-09-16T07:12:00
ORD_BULK_08800,DISH_BULK_1921,CUST_01002,2026-09-13T21:39:00
ORD_BULK_08801,DISH_BULK_2087,CUST_01341,2026-09-14T17:52:00
ORD_BULK_08802,DISH_BULK_2566,CUST_01646,2026-09-13T12:56:00
ORD_BULK_08803,DISH_BULK_1589,CUST_03068,2026-09-13T20:52:00
ORD_BULK_08804,DISH_BULK_0440,CUST_02441,2026-09-15T06:52:00
ORD_BULK_08805,DISH_BULK_2920,CUST_00530,2026-09-12T19:26:00
ORD_BULK_08806,DISH_BULK_1167,CUST_02698,2026-09-12T09:13:00
ORD_BULK_08807,DISH_BULK_0411,CUST_02501,2026-09-11T22:28:00
ORD_BULK_08808,DISH_BULK_2882,CUST_03810,2026-09-15T07:05:00
ORD_BULK_08809,DISH_BULK_0547,CUST_00734,2026-09-11T04:30:00
ORD_BULK_08810,DISH_BULK_0745,CUST_00750,2026-09-10T12:40:00
ORD_BULK_08811,DISH_BULK_1205,CUST_02827,2026-09-11T01:27:00
ORD_BULK_08812,DISH_BULK_0140,CUST_01165,2026-09-12T04:32:00
ORD_BULK_08813,DISH_BULK_2459,CUST_01037,2026-09-16T09:14:00
ORD_BULK_08814,DISH_BULK_0842,CUST_03260,2026-09-11T14:47:00
ORD_BULK_08815,DISH_BULK_1106,CUST_03002,2026-09-15T20:36:00
ORD_BULK_08816,DISH_BULK_2047,CUST_03757,2026-09-16T19:11:00
ORD_BULK_08817,DISH_BULK_2821,CUST_03547,2026-09-11T14:33:00
ORD_BULK_08818,DISH_BULK_0322,CUST_01930,2026-09-17T07:56:00
ORD_BULK_08819,DISH_BULK_1782,CUST_00629,2026-09-14T22:56:00
ORD_BULK_08820,DISH_BULK_2362,CUST_02497,2026-09-17T02:13:00
ORD_BULK_08821,DISH_BULK_2464,CUST_01138,2026-09-16T21:06:00
ORD_BULK_08822,DISH_BULK_2782,CUST_02158,2026-09-11T10:21:00
ORD_BULK_08823,DISH_BULK_2623,CUST_00659,2026-09-16T04:16:00
ORD_BULK_08824,DISH_BULK_2814,CUST_00816,2026-09-11T14:16:00
ORD_BULK_08825,DISH_BULK_2204,CUST_00082,2026-09-10T23:34:00
ORD_BULK_08826,DISH_BULK_0852,CUST_03585,2026-09-15T05:57:00
ORD_BULK_08827,DISH_BULK_1683,CUST_01679,2026-09-10T13:43:00
ORD_BULK_08828,DISH_BULK_2772,CUST_03053,2026-09-12T05:54:00
ORD_BULK_08829,DISH_BULK_2846,CUST_00009,2026-09-11T01:02:00
ORD_BULK_08830,DISH_PNR_023,CUST_01425,2026-09-12T13:42:00
ORD_BULK_08831,DISH_BULK_0614,CUST_02209,2026-09-14T03:55:00
ORD_BULK_08832,DISH_BULK_0746,CUST_02229,2026-09-14T20:08:00
ORD_BULK_08833,DISH_BULK_0726,CUST_03576,2026-09-11T10:18:00
ORD_BULK_08834,DISH_PNR_016,CUST_01318,2026-09-17T12:31:00
ORD_BULK_08835,DISH_BULK_0144,CUST_01338,2026-09-12T09:00:00
ORD_BULK_08836,DISH_BULK_1060,CUST_01001,2026-09-16T08:34:00
ORD_BULK_08837,DISH_BULK_0916,CUST_02253,2026-09-18T09:49:00
ORD_BULK_08838,DISH_PNR_008,CUST_03832,2026-09-14T09:00:00
ORD_BULK_08839,DISH_BULK_2219,CUST_02823,2026-09-12T04:11:00
ORD_BULK_08840,DISH_BULK_1665,CUST_03451,2026-09-17T08:11:00
ORD_BULK_08841,DISH_BULK_0654,CUST_02704,2026-09-16T18:09:00
ORD_BULK_08842,DISH_BULK_2458,CUST_00256,2026-09-11T00:17:00
ORD_BULK_08843,DISH_BULK_1801,CUST_01631,2026-09-16T09:48:00
ORD_BULK_08844,DISH_BULK_2810,CUST_01771,2026-09-12T04:47:00
ORD_BULK_08845,DISH_BULK_1827,CUST_03098,2026-09-15T07:05:00
ORD_BULK_08846,DISH_BULK_0953,CUST_03514,2026-09-12T22:01:00
ORD_BULK_08847,DISH_BULK_0680,CUST_03457,2026-09-16T15:46:00
ORD_BULK_08848,DISH_BULK_0801,CUST_03613,2026-09-16T00:58:00
ORD_BULK_08849,DISH_BULK_2450,CUST_03658,2026-09-14T17:13:00
ORD_BULK_08850,DISH_BULK_2711,CUST_03235,2026-09-12T15:39:00
ORD_BULK_08851,DISH_BULK_0832,CUST_03337,2026-09-15T20:04:00
ORD_BULK_08852,DISH_BULK_1623,CUST_03687,2026-09-11T06:44:00
ORD_BULK_08853,DISH_BULK_2025,CUST_01378,2026-09-17T13:23:00
ORD_BULK_08854,DISH_BULK_0421,CUST_03618,2026-09-17T12:20:00
ORD_BULK_08855,DISH_BULK_2175,CUST_03740,2026-09-14T21:54:00
ORD_BULK_08856,DISH_BULK_0679,CUST_01629,2026-09-15T12:12:00
ORD_BULK_08857,DISH_BULK_0383,CUST_01016,2026-09-15T06:31:00
ORD_BULK_08858,DISH_BULK_2215,CUST_01249,2026-09-11T13:40:00
ORD_BULK_08859,DISH_PNR_004,CUST_03987,2026-09-11T04:18:00
ORD_BULK_08860,DISH_BULK_0731,CUST_00636,2026-09-17T21:16:00
ORD_BULK_08861,DISH_BULK_2025,CUST_03241,2026-09-12T02:49:00
ORD_BULK_08862,DISH_BULK_0777,CUST_03687,2026-09-12T21:36:00
ORD_BULK_08863,DISH_BULK_2890,CUST_02494,2026-09-12T01:36:00
ORD_BULK_08864,DISH_BULK_0360,CUST_02757,2026-09-16T11:36:00
ORD_BULK_08865,DISH_BULK_2035,CUST_02995,2026-09-12T21:06:00
ORD_BULK_08866,DISH_BULK_1384,CUST_03678,2026-09-12T11:01:00
ORD_BULK_08867,DISH_BULK_1842,CUST_03020,2026-09-17T03:51:00
ORD_BULK_08868,DISH_BULK_2937,CUST_03507,2026-09-11T01:17:00
ORD_BULK_08869,DISH_BULK_2118,CUST_01954,2026-09-14T00:50:00
ORD_BULK_08870,DISH_BULK_2854,CUST_03842,2026-09-18T07:13:00
ORD_BULK_08871,DISH_BULK_0035,CUST_01664,2026-09-15T19:41:00
ORD_BULK_08872,DISH_BULK_1973,CUST_01580,2026-09-11T09:56:00
ORD_BULK_08873,DISH_BULK_2619,CUST_00178,2026-09-15T03:22:00
ORD_BULK_08874,DISH_BULK_2530,CUST_02963,2026-09-14T13:05:00
ORD_BULK_08875,DISH_BULK_2337,CUST_00685,2026-09-10T09:42:00
ORD_BULK_08876,DISH_BULK_2554,CUST_03682,2026-09-16T10:58:00
ORD_BULK_08877,DISH_BULK_2094,CUST_00412,2026-09-17T18:38:00
ORD_BULK_08878,DISH_BULK_1045,CUST_01014,2026-09-11T04:29:00
ORD_BULK_08879,DISH_BULK_2498,CUST_00522,2026-09-15T15:32:00
ORD_BULK_08880,DISH_BULK_2439,CUST_01822,2026-09-14T23:53:00
ORD_BULK_08881,DISH_BULK_0432,CUST_01887,2026-09-16T01:23:00
ORD_BULK_08882,DISH_BULK_2799,CUST_00454,2026-09-14T08:12:00
ORD_BULK_08883,DISH_BULK_2384,CUST_01717,2026-09-16T22:15:00
ORD_BULK_08884,DISH_BULK_2138,CUST_02635,2026-09-13T03:26:00
ORD_BULK_08885,DISH_BULK_2170,CUST_02838,2026-09-13T17:37:00
ORD_BULK_08886,DISH_BULK_1387,CUST_02707,2026-09-15T23:50:00
ORD_BULK_08887,DISH_BULK_0683,CUST_03009,2026-09-18T00:28:00
ORD_BULK_08888,DISH_BULK_0022,CUST_02934,2026-09-18T15:51:00
ORD_BULK_08889,DISH_BULK_0571,CUST_02874,2026-09-14T18:42:00
ORD_BULK_08890,DISH_BULK_1497,CUST_01510,2026-09-18T06:02:00
ORD_BULK_08891,DISH_BULK_1589,CUST_02187,2026-09-14T16:59:00
ORD_BULK_08892,DISH_BULK_0653,CUST_02506,2026-09-14T08:38:00
ORD_BULK_08893,DISH_BULK_2308,CUST_03398,2026-09-11T09:43:00
ORD_BULK_08894,DISH_BULK_0520,CUST_01326,2026-09-15T10:23:00
ORD_BULK_08895,DISH_BULK_0790,CUST_01262,2026-09-17T08:24:00
ORD_BULK_08896,DISH_BULK_2031,CUST_02430,2026-09-16T18:25:00
ORD_BULK_08897,DISH_BULK_0619,CUST_01407,2026-09-14T01:03:00
ORD_BULK_08898,DISH_BULK_0869,CUST_02468,2026-09-13T10:30:00
ORD_BULK_08899,DISH_BULK_2703,CUST_01783,2026-09-17T11:33:00
ORD_BULK_08900,DISH_BULK_2560,CUST_00037,2026-09-15T09:20:00
ORD_BULK_08901,DISH_BULK_1174,CUST_03632,2026-09-11T21:16:00
ORD_BULK_08902,DISH_BULK_2326,CUST_03530,2026-09-17T05:58:00
ORD_BULK_08903,DISH_BULK_0046,CUST_01823,2026-09-13T09:12:00
ORD_BULK_08904,DISH_BULK_2523,CUST_01947,2026-09-11T22:58:00
ORD_BULK_08905,DISH_BULK_2482,CUST_01688,2026-09-15T03:31:00
ORD_BULK_08906,DISH_BULK_2371,CUST_01248,2026-09-11T01:11:00
ORD_BULK_08907,DISH_BULK_1747,CUST_02352,2026-09-17T08:57:00
ORD_BULK_08908,DISH_BULK_1577,CUST_01985,2026-09-10T13:53:00
ORD_BULK_08909,DISH_BULK_2257,CUST_00016,2026-09-16T15:04:00
ORD_BULK_08910,DISH_BULK_2392,CUST_01874,2026-09-13T19:49:00
ORD_BULK_08911,DISH_BULK_2763,CUST_02785,2026-09-15T23:59:00
ORD_BULK_08912,DISH_BULK_0998,CUST_02291,2026-09-14T08:06:00
ORD_BULK_08913,DISH_BULK_2762,CUST_02531,2026-09-16T19:54:00
ORD_BULK_08914,DISH_BULK_1118,CUST_01662,2026-09-13T11:18:00
ORD_BULK_08915,DISH_BULK_0262,CUST_03906,2026-09-16T03:00:00
ORD_BULK_08916,DISH_BULK_0746,CUST_03288,2026-09-17T06:05:00
ORD_BULK_08917,DISH_BULK_2018,CUST_03470,2026-09-13T18:32:00
ORD_BULK_08918,DISH_BULK_0414,CUST_01684,2026-09-15T14:10:00
ORD_BULK_08919,DISH_BULK_0947,CUST_01184,2026-09-15T13:09:00
ORD_BULK_08920,DISH_BULK_2079,CUST_03866,2026-09-17T12:00:00
ORD_BULK_08921,DISH_BULK_1360,CUST_00845,2026-09-14T20:51:00
ORD_BULK_08922,DISH_BULK_2335,CUST_02198,2026-09-16T09:36:00
ORD_BULK_08923,DISH_BULK_0391,CUST_01560,2026-09-13T15:59:00
ORD_BULK_08924,DISH_BULK_2347,CUST_02187,2026-09-10T15:38:00
ORD_BULK_08925,DISH_BULK_1040,CUST_01188,2026-09-13T22:17:00
ORD_BULK_08926,DISH_PNR_041,CUST_03246,2026-09-17T05:11:00
ORD_BULK_08927,DISH_BULK_0636,CUST_02716,2026-09-17T14:45:00
ORD_BULK_08928,DISH_BULK_2062,CUST_03303,2026-09-14T19:43:00
ORD_BULK_08929,DISH_PNR_041,CUST_01339,2026-09-12T06:40:00
ORD_BULK_08930,DISH_BULK_0438,CUST_03424,2026-09-10T16:34:00
ORD_BULK_08931,DISH_BULK_0625,CUST_01633,2026-09-11T22:06:00
ORD_BULK_08932,DISH_BULK_1832,CUST_00161,2026-09-14T20:19:00
ORD_BULK_08933,DISH_BULK_1593,CUST_01188,2026-09-16T14:58:00
ORD_BULK_08934,DISH_BULK_2419,CUST_03694,2026-09-11T00:42:00
ORD_BULK_08935,DISH_BULK_0028,CUST_03441,2026-09-16T12:38:00
ORD_BULK_08936,DISH_BULK_0687,CUST_01109,2026-09-16T09:59:00
ORD_BULK_08937,DISH_BULK_0988,CUST_01469,2026-09-16T06:01:00
ORD_BULK_08938,DISH_BULK_0381,CUST_03155,2026-09-12T20:28:00
ORD_BULK_08939,DISH_PNR_003,CUST_02279,2026-09-16T11:21:00
ORD_BULK_08940,DISH_BULK_2301,CUST_02276,2026-09-12T11:52:00
ORD_BULK_08941,DISH_BULK_2680,CUST_03296,2026-09-10T19:14:00
ORD_BULK_08942,DISH_BULK_1305,CUST_01977,2026-09-13T19:19:00
ORD_BULK_08943,DISH_BULK_2685,CUST_03338,2026-09-16T11:41:00
ORD_BULK_08944,DISH_BULK_2211,CUST_00971,2026-09-17T08:59:00
ORD_BULK_08945,DISH_BULK_2391,CUST_03019,2026-09-15T17:21:00
ORD_BULK_08946,DISH_BULK_1026,CUST_03414,2026-09-11T12:56:00
ORD_BULK_08947,DISH_BULK_2220,CUST_01424,2026-09-15T01:35:00
ORD_BULK_08948,DISH_BULK_0922,CUST_00060,2026-09-12T00:47:00
ORD_BULK_08949,DISH_BULK_1785,CUST_03229,2026-09-14T13:11:00
ORD_BULK_08950,DISH_BULK_0006,CUST_00194,2026-09-10T08:10:00
ORD_BULK_08951,DISH_BULK_0825,CUST_00189,2026-09-18T01:35:00
ORD_BULK_08952,DISH_BULK_1366,CUST_02950,2026-09-14T18:35:00
ORD_BULK_08953,DISH_BULK_2734,CUST_01652,2026-09-11T11:48:00
ORD_BULK_08954,DISH_BULK_2379,CUST_03640,2026-09-17T02:52:00
ORD_BULK_08955,DISH_BULK_1411,CUST_02643,2026-09-12T15:30:00
ORD_BULK_08956,DISH_BULK_0024,CUST_03733,2026-09-14T09:36:00
ORD_BULK_08957,DISH_BULK_1540,CUST_01200,2026-09-11T10:30:00
ORD_BULK_08958,DISH_BULK_2239,CUST_01070,2026-09-16T18:22:00
ORD_BULK_08959,DISH_BULK_0738,CUST_03382,2026-09-15T07:40:00
ORD_BULK_08960,DISH_BULK_2171,CUST_02724,2026-09-13T16:20:00
ORD_BULK_08961,DISH_BULK_1723,CUST_01839,2026-09-16T19:30:00
ORD_BULK_08962,DISH_BULK_0166,CUST_02059,2026-09-15T19:01:00
ORD_BULK_08963,DISH_BULK_2907,CUST_03737,2026-09-10T13:19:00
ORD_BULK_08964,DISH_BULK_2631,CUST_00485,2026-09-16T08:56:00
ORD_BULK_08965,DISH_BULK_1887,CUST_00664,2026-09-15T01:10:00
ORD_BULK_08966,DISH_BULK_2586,CUST_03292,2026-09-10T17:32:00
ORD_BULK_08967,DISH_BULK_0081,CUST_00463,2026-09-17T12:18:00
ORD_BULK_08968,DISH_BULK_0789,CUST_01752,2026-09-14T13:40:00
ORD_BULK_08969,DISH_BULK_2771,CUST_00504,2026-09-10T20:59:00
ORD_BULK_08970,DISH_BULK_0899,CUST_01112,2026-09-13T16:43:00
ORD_BULK_08971,DISH_BULK_1195,CUST_03890,2026-09-13T04:49:00
ORD_BULK_08972,DISH_BULK_0492,CUST_02464,2026-09-17T02:33:00
ORD_BULK_08973,DISH_BULK_0131,CUST_01612,2026-09-15T20:09:00
ORD_BULK_08974,DISH_BULK_1077,CUST_02725,2026-09-14T05:38:00
ORD_BULK_08975,DISH_BULK_1682,CUST_02289,2026-09-14T21:27:00
ORD_BULK_08976,DISH_BULK_1486,CUST_00676,2026-09-13T18:09:00
ORD_BULK_08977,DISH_BULK_0112,CUST_01548,2026-09-11T22:42:00
ORD_BULK_08978,DISH_BULK_0470,CUST_00479,2026-09-14T00:21:00
ORD_BULK_08979,DISH_BULK_1363,CUST_02504,2026-09-17T03:07:00
ORD_BULK_08980,DISH_BULK_1740,CUST_03573,2026-09-15T18:26:00
ORD_BULK_08981,DISH_BULK_0514,CUST_01292,2026-09-15T04:10:00
ORD_BULK_08982,DISH_BULK_0684,CUST_00755,2026-09-12T09:22:00
ORD_BULK_08983,DISH_BULK_0465,CUST_02495,2026-09-10T10:09:00
ORD_BULK_08984,DISH_BULK_1312,CUST_00967,2026-09-12T18:50:00
ORD_BULK_08985,DISH_BULK_2555,CUST_02653,2026-09-17T20:11:00
ORD_BULK_08986,DISH_BULK_1161,CUST_01801,2026-09-10T16:01:00
ORD_BULK_08987,DISH_BULK_1013,CUST_02044,2026-09-13T19:54:00
ORD_BULK_08988,DISH_BULK_1921,CUST_03690,2026-09-14T18:10:00
ORD_BULK_08989,DISH_BULK_1197,CUST_02217,2026-09-13T14:47:00
ORD_BULK_08990,DISH_BULK_2758,CUST_03218,2026-09-14T00:55:00
ORD_BULK_08991,DISH_BULK_1479,CUST_02447,2026-09-12T20:50:00
ORD_BULK_08992,DISH_BULK_2414,CUST_01791,2026-09-14T01:05:00
ORD_BULK_08993,DISH_BULK_0653,CUST_00395,2026-09-12T23:17:00
ORD_BULK_08994,DISH_BULK_2142,CUST_00923,2026-09-13T21:20:00
ORD_BULK_08995,DISH_PNR_026,CUST_02004,2026-09-11T06:20:00
ORD_BULK_08996,DISH_BULK_0515,CUST_01178,2026-09-14T02:56:00
ORD_BULK_08997,DISH_BULK_2938,CUST_01425,2026-09-12T19:34:00
ORD_BULK_08998,DISH_BULK_0370,CUST_00681,2026-09-18T07:33:00
ORD_BULK_08999,DISH_BULK_2394,CUST_00231,2026-09-10T08:54:00
ORD_BULK_09000,DISH_BULK_0974,CUST_01616,2026-09-11T18:52:00
ORD_BULK_09001,DISH_BULK_2650,CUST_00758,2026-09-11T08:57:00
ORD_BULK_09002,DISH_BULK_0232,CUST_03807,2026-09-18T11:49:00
ORD_BULK_09003,DISH_BULK_1888,CUST_00971,2026-09-17T14:47:00
ORD_BULK_09004,DISH_BULK_0540,CUST_02595,2026-09-15T14:30:00
ORD_BULK_09005,DISH_BULK_1980,CUST_00644,2026-09-15T04:13:00
ORD_BULK_09006,DISH_BULK_1062,CUST_02196,2026-09-17T15:27:00
ORD_BULK_09007,DISH_BULK_2188,CUST_02997,2026-09-13T03:16:00
ORD_BULK_09008,DISH_BULK_2483,CUST_01420,2026-09-16T15:44:00
ORD_BULK_09009,DISH_BULK_1268,CUST_02918,2026-09-18T00:20:00
ORD_BULK_09010,DISH_BULK_1269,CUST_02270,2026-09-14T00:40:00
ORD_BULK_09011,DISH_BULK_0654,CUST_00742,2026-09-16T23:35:00
ORD_BULK_09012,DISH_BULK_2692,CUST_01251,2026-09-12T06:30:00
ORD_BULK_09013,DISH_BULK_2744,CUST_03448,2026-09-14T06:33:00
ORD_BULK_09014,DISH_BULK_0527,CUST_02920,2026-09-13T21:22:00
ORD_BULK_09015,DISH_BULK_0369,CUST_01664,2026-09-11T15:34:00
ORD_BULK_09016,DISH_BULK_2011,CUST_01343,2026-09-15T21:35:00
ORD_BULK_09017,DISH_BULK_1462,CUST_02519,2026-09-11T06:56:00
ORD_BULK_09018,DISH_BULK_1791,CUST_00273,2026-09-10T22:56:00
ORD_BULK_09019,DISH_BULK_1330,CUST_03753,2026-09-10T22:15:00
ORD_BULK_09020,DISH_BULK_2121,CUST_03489,2026-09-17T13:52:00
ORD_BULK_09021,DISH_BULK_0147,CUST_01488,2026-09-13T20:14:00
ORD_BULK_09022,DISH_BULK_2408,CUST_00380,2026-09-13T06:32:00
ORD_BULK_09023,DISH_BULK_1789,CUST_01861,2026-09-13T19:54:00
ORD_BULK_09024,DISH_BULK_1056,CUST_01932,2026-09-12T22:53:00
ORD_BULK_09025,DISH_BULK_1453,CUST_02616,2026-09-12T18:39:00
ORD_BULK_09026,DISH_BULK_1414,CUST_03164,2026-09-11T22:32:00
ORD_BULK_09027,DISH_BULK_1172,CUST_01796,2026-09-16T08:25:00
ORD_BULK_09028,DISH_BULK_2951,CUST_03045,2026-09-18T15:57:00
ORD_BULK_09029,DISH_BULK_1165,CUST_00460,2026-09-15T13:57:00
ORD_BULK_09030,DISH_BULK_0441,CUST_01460,2026-09-16T22:32:00
ORD_BULK_09031,DISH_BULK_1183,CUST_02877,2026-09-16T19:56:00
ORD_BULK_09032,DISH_BULK_1835,CUST_00817,2026-09-13T06:59:00
ORD_BULK_09033,DISH_BULK_1139,CUST_03471,2026-09-17T04:40:00
ORD_BULK_09034,DISH_BULK_0786,CUST_00151,2026-09-14T03:01:00
ORD_BULK_09035,DISH_BULK_0901,CUST_02001,2026-09-16T03:24:00
ORD_BULK_09036,DISH_BULK_2142,CUST_00125,2026-09-12T20:41:00
ORD_BULK_09037,DISH_BULK_0753,CUST_00512,2026-09-16T08:41:00
ORD_BULK_09038,DISH_BULK_0845,CUST_01726,2026-09-11T06:42:00
ORD_BULK_09039,DISH_BULK_0235,CUST_02820,2026-09-12T14:53:00
ORD_BULK_09040,DISH_BULK_0935,CUST_03382,2026-09-17T15:56:00
ORD_BULK_09041,DISH_BULK_2088,CUST_03762,2026-09-17T04:04:00
ORD_BULK_09042,DISH_BULK_0700,CUST_01750,2026-09-10T18:13:00
ORD_BULK_09043,DISH_BULK_2055,CUST_01944,2026-09-16T02:10:00
ORD_BULK_09044,DISH_BULK_2145,CUST_03644,2026-09-12T07:48:00
ORD_BULK_09045,DISH_BULK_2234,CUST_00280,2026-09-14T08:17:00
ORD_BULK_09046,DISH_BULK_0667,CUST_01966,2026-09-16T12:21:00
ORD_BULK_09047,DISH_BULK_1900,CUST_00805,2026-09-10T10:37:00
ORD_BULK_09048,DISH_BULK_1122,CUST_03389,2026-09-16T15:30:00
ORD_BULK_09049,DISH_BULK_1734,CUST_00754,2026-09-13T22:16:00
ORD_BULK_09050,DISH_BULK_2756,CUST_00257,2026-09-13T21:35:00
ORD_BULK_09051,DISH_BULK_0697,CUST_00501,2026-09-15T09:33:00
ORD_BULK_09052,DISH_BULK_2786,CUST_01253,2026-09-14T23:34:00
ORD_BULK_09053,DISH_BULK_1292,CUST_03407,2026-09-17T20:28:00
ORD_BULK_09054,DISH_BULK_0825,CUST_03796,2026-09-14T01:24:00
ORD_BULK_09055,DISH_BULK_2939,CUST_00928,2026-09-15T19:47:00
ORD_BULK_09056,DISH_BULK_2050,CUST_00205,2026-09-11T11:43:00
ORD_BULK_09057,DISH_BULK_2050,CUST_02313,2026-09-11T13:19:00
ORD_BULK_09058,DISH_BULK_1413,CUST_01741,2026-09-18T03:12:00
ORD_BULK_09059,DISH_BULK_1913,CUST_00771,2026-09-13T15:52:00
ORD_BULK_09060,DISH_BULK_1097,CUST_03561,2026-09-14T16:10:00
ORD_BULK_09061,DISH_BULK_1987,CUST_00359,2026-09-15T18:51:00
ORD_BULK_09062,DISH_BULK_1767,CUST_03041,2026-09-14T15:27:00
ORD_BULK_09063,DISH_BULK_0619,CUST_02427,2026-09-14T20:32:00
ORD_BULK_09064,DISH_BULK_2365,CUST_03819,2026-09-11T01:49:00
ORD_BULK_09065,DISH_BULK_1225,CUST_00920,2026-09-12T17:19:00
ORD_BULK_09066,DISH_BULK_1576,CUST_00560,2026-09-17T00:28:00
ORD_BULK_09067,DISH_BULK_2430,CUST_02358,2026-09-13T06:09:00
ORD_BULK_09068,DISH_BULK_1494,CUST_02577,2026-09-15T05:25:00
ORD_BULK_09069,DISH_BULK_1027,CUST_03980,2026-09-14T05:14:00
ORD_BULK_09070,DISH_BULK_0169,CUST_02497,2026-09-17T00:26:00
ORD_BULK_09071,DISH_BULK_2309,CUST_02400,2026-09-10T15:55:00
ORD_BULK_09072,DISH_BULK_2778,CUST_00152,2026-09-11T14:37:00
ORD_BULK_09073,DISH_BULK_0151,CUST_02181,2026-09-17T02:37:00
ORD_BULK_09074,DISH_BULK_2223,CUST_01394,2026-09-15T18:59:00
ORD_BULK_09075,DISH_BULK_0887,CUST_02366,2026-09-10T12:37:00
ORD_BULK_09076,DISH_BULK_2130,CUST_03711,2026-09-12T23:53:00
ORD_BULK_09077,DISH_BULK_2754,CUST_02904,2026-09-14T04:56:00
ORD_BULK_09078,DISH_BULK_0624,CUST_00390,2026-09-18T08:18:00
ORD_BULK_09079,DISH_BULK_0302,CUST_02214,2026-09-17T02:19:00
ORD_BULK_09080,DISH_BULK_1631,CUST_02718,2026-09-16T06:33:00
ORD_BULK_09081,DISH_BULK_1143,CUST_03706,2026-09-13T14:30:00
ORD_BULK_09082,DISH_BULK_0651,CUST_02665,2026-09-13T16:30:00
ORD_BULK_09083,DISH_BULK_1550,CUST_01135,2026-09-16T04:31:00
ORD_BULK_09084,DISH_BULK_2070,CUST_01219,2026-09-17T09:05:00
ORD_BULK_09085,DISH_BULK_2698,CUST_02520,2026-09-18T13:45:00
ORD_BULK_09086,DISH_BULK_1829,CUST_02388,2026-09-14T13:13:00
ORD_BULK_09087,DISH_BULK_1748,CUST_00700,2026-09-16T17:12:00
ORD_BULK_09088,DISH_BULK_1473,CUST_03375,2026-09-15T21:52:00
ORD_BULK_09089,DISH_BULK_1299,CUST_02602,2026-09-18T09:52:00
ORD_BULK_09090,DISH_BULK_2292,CUST_01428,2026-09-16T05:58:00
ORD_BULK_09091,DISH_BULK_0471,CUST_03873,2026-09-16T05:32:00
ORD_BULK_09092,DISH_BULK_0409,CUST_03452,2026-09-17T01:44:00
ORD_BULK_09093,DISH_BULK_0164,CUST_00734,2026-09-11T23:10:00
ORD_BULK_09094,DISH_BULK_0246,CUST_01807,2026-09-16T23:25:00
ORD_BULK_09095,DISH_BULK_1849,CUST_02995,2026-09-16T11:07:00
ORD_BULK_09096,DISH_BULK_2449,CUST_02705,2026-09-17T20:55:00
ORD_BULK_09097,DISH_BULK_2539,CUST_03435,2026-09-11T04:12:00
ORD_BULK_09098,DISH_BULK_0517,CUST_01226,2026-09-16T08:24:00
ORD_BULK_09099,DISH_BULK_2167,CUST_00769,2026-09-17T14:34:00
ORD_BULK_09100,DISH_BULK_2446,CUST_03717,2026-09-15T11:23:00
ORD_BULK_09101,DISH_BULK_0289,CUST_01893,2026-09-10T11:55:00
ORD_BULK_09102,DISH_BULK_1298,CUST_03075,2026-09-16T22:32:00
ORD_BULK_09103,DISH_BULK_2121,CUST_01226,2026-09-13T07:43:00
ORD_BULK_09104,DISH_BULK_1300,CUST_03322,2026-09-11T11:00:00
ORD_BULK_09105,DISH_BULK_1043,CUST_03256,2026-09-12T16:16:00
ORD_BULK_09106,DISH_BULK_1696,CUST_02034,2026-09-12T03:39:00
ORD_BULK_09107,DISH_BULK_2096,CUST_01603,2026-09-16T06:54:00
ORD_BULK_09108,DISH_BULK_0383,CUST_00340,2026-09-12T09:45:00
ORD_BULK_09109,DISH_BULK_2928,CUST_00892,2026-09-17T14:16:00
ORD_BULK_09110,DISH_BULK_0075,CUST_00860,2026-09-16T08:13:00
ORD_BULK_09111,DISH_BULK_2013,CUST_01400,2026-09-15T06:37:00
ORD_BULK_09112,DISH_BULK_2150,CUST_00468,2026-09-11T06:22:00
ORD_BULK_09113,DISH_BULK_2321,CUST_01007,2026-09-17T06:30:00
ORD_BULK_09114,DISH_BULK_1967,CUST_03418,2026-09-16T11:07:00
ORD_BULK_09115,DISH_BULK_0280,CUST_01127,2026-09-14T03:54:00
ORD_BULK_09116,DISH_BULK_2315,CUST_00047,2026-09-10T14:11:00
ORD_BULK_09117,DISH_BULK_2482,CUST_02690,2026-09-18T12:38:00
ORD_BULK_09118,DISH_BULK_2300,CUST_02582,2026-09-12T05:34:00
ORD_BULK_09119,DISH_BULK_0385,CUST_01824,2026-09-15T15:47:00
ORD_BULK_09120,DISH_BULK_2317,CUST_00193,2026-09-14T13:08:00
ORD_BULK_09121,DISH_BULK_1246,CUST_00606,2026-09-16T16:59:00
ORD_BULK_09122,DISH_BULK_1695,CUST_03788,2026-09-15T03:29:00
ORD_BULK_09123,DISH_BULK_2350,CUST_00851,2026-09-12T20:21:00
ORD_BULK_09124,DISH_BULK_1484,CUST_00367,2026-09-17T11:29:00
ORD_BULK_09125,DISH_BULK_2645,CUST_01283,2026-09-16T01:47:00
ORD_BULK_09126,DISH_BULK_2159,CUST_03076,2026-09-10T13:38:00
ORD_BULK_09127,DISH_BULK_2910,CUST_01904,2026-09-10T11:14:00
ORD_BULK_09128,DISH_BULK_2693,CUST_01305,2026-09-12T13:17:00
ORD_BULK_09129,DISH_BULK_0472,CUST_02758,2026-09-14T19:44:00
ORD_BULK_09130,DISH_BULK_0035,CUST_03057,2026-09-11T17:11:00
ORD_BULK_09131,DISH_BULK_0453,CUST_02358,2026-09-13T01:50:00
ORD_BULK_09132,DISH_BULK_2348,CUST_00327,2026-09-10T10:50:00
ORD_BULK_09133,DISH_BULK_0972,CUST_03927,2026-09-16T09:26:00
ORD_BULK_09134,DISH_BULK_0468,CUST_03494,2026-09-16T20:36:00
ORD_BULK_09135,DISH_BULK_1896,CUST_01260,2026-09-11T20:42:00
ORD_BULK_09136,DISH_BULK_2601,CUST_03548,2026-09-13T22:03:00
ORD_BULK_09137,DISH_BULK_1385,CUST_00497,2026-09-13T02:27:00
ORD_BULK_09138,DISH_BULK_2917,CUST_01748,2026-09-10T19:32:00
ORD_BULK_09139,DISH_BULK_2304,CUST_00242,2026-09-18T04:26:00
ORD_BULK_09140,DISH_BULK_2129,CUST_01344,2026-09-16T10:05:00
ORD_BULK_09141,DISH_BULK_0367,CUST_03505,2026-09-16T01:09:00
ORD_BULK_09142,DISH_BULK_2891,CUST_00504,2026-09-10T19:39:00
ORD_BULK_09143,DISH_BULK_1114,CUST_01343,2026-09-11T00:39:00
ORD_BULK_09144,DISH_BULK_0509,CUST_01227,2026-09-12T17:56:00
ORD_BULK_09145,DISH_BULK_2881,CUST_01889,2026-09-12T16:24:00
ORD_BULK_09146,DISH_BULK_1594,CUST_00286,2026-09-14T05:43:00
ORD_BULK_09147,DISH_BULK_2809,CUST_03257,2026-09-16T08:58:00
ORD_BULK_09148,DISH_BULK_1986,CUST_00843,2026-09-14T15:31:00
ORD_BULK_09149,DISH_BULK_1600,CUST_00573,2026-09-15T08:06:00
ORD_BULK_09150,DISH_BULK_0277,CUST_00889,2026-09-18T04:28:00
ORD_BULK_09151,DISH_BULK_1382,CUST_02088,2026-09-18T12:46:00
ORD_BULK_09152,DISH_BULK_2409,CUST_01643,2026-09-16T19:11:00
ORD_BULK_09153,DISH_BULK_0958,CUST_00857,2026-09-14T08:27:00
ORD_BULK_09154,DISH_BULK_0945,CUST_03271,2026-09-17T08:56:00
ORD_BULK_09155,DISH_BULK_0201,CUST_02885,2026-09-10T09:56:00
ORD_BULK_09156,DISH_BULK_2520,CUST_01368,2026-09-16T12:41:00
ORD_BULK_09157,DISH_BULK_1271,CUST_03996,2026-09-15T05:28:00
ORD_BULK_09158,DISH_BULK_0324,CUST_01503,2026-09-17T12:48:00
ORD_BULK_09159,DISH_BULK_1149,CUST_01845,2026-09-17T21:46:00
ORD_BULK_09160,DISH_BULK_0962,CUST_00353,2026-09-17T17:40:00
ORD_BULK_09161,DISH_BULK_1323,CUST_03526,2026-09-14T17:21:00
ORD_BULK_09162,DISH_BULK_1492,CUST_00981,2026-09-16T23:41:00
ORD_BULK_09163,DISH_BULK_1950,CUST_02327,2026-09-12T10:46:00
ORD_BULK_09164,DISH_BULK_1416,CUST_01421,2026-09-11T15:35:00
ORD_BULK_09165,DISH_BULK_0368,CUST_01556,2026-09-13T15:14:00
ORD_BULK_09166,DISH_BULK_0962,CUST_01610,2026-09-18T01:22:00
ORD_BULK_09167,DISH_BULK_2466,CUST_00175,2026-09-17T20:13:00
ORD_BULK_09168,DISH_BULK_0502,CUST_03434,2026-09-16T02:44:00
ORD_BULK_09169,DISH_BULK_0936,CUST_01932,2026-09-15T20:45:00
ORD_BULK_09170,DISH_BULK_0698,CUST_01872,2026-09-10T15:41:00
ORD_BULK_09171,DISH_BULK_0602,CUST_02232,2026-09-17T02:20:00
ORD_BULK_09172,DISH_BULK_1681,CUST_03137,2026-09-17T17:32:00
ORD_BULK_09173,DISH_BULK_1503,CUST_01679,2026-09-10T09:16:00
ORD_BULK_09174,DISH_BULK_1359,CUST_03745,2026-09-13T04:05:00
ORD_BULK_09175,DISH_BULK_1162,CUST_00726,2026-09-16T06:19:00
ORD_BULK_09176,DISH_BULK_0290,CUST_01548,2026-09-13T05:36:00
ORD_BULK_09177,DISH_BULK_1004,CUST_00282,2026-09-18T08:27:00
ORD_BULK_09178,DISH_BULK_2751,CUST_01689,2026-09-11T04:54:00
ORD_BULK_09179,DISH_BULK_0097,CUST_03659,2026-09-11T12:37:00
ORD_BULK_09180,DISH_BULK_2507,CUST_02854,2026-09-15T14:06:00
ORD_BULK_09181,DISH_BULK_1278,CUST_02600,2026-09-12T15:54:00
ORD_BULK_09182,DISH_BULK_1325,CUST_02194,2026-09-17T13:20:00
ORD_BULK_09183,DISH_BULK_1181,CUST_01678,2026-09-13T08:31:00
ORD_BULK_09184,DISH_BULK_0129,CUST_03995,2026-09-14T13:56:00
ORD_BULK_09185,DISH_BULK_0463,CUST_00154,2026-09-12T11:35:00
ORD_BULK_09186,DISH_BULK_2695,CUST_02295,2026-09-16T13:19:00
ORD_BULK_09187,DISH_PNR_006,CUST_00555,2026-09-15T21:54:00
ORD_BULK_09188,DISH_BULK_0830,CUST_00034,2026-09-13T08:06:00
ORD_BULK_09189,DISH_BULK_0538,CUST_01994,2026-09-15T02:36:00
ORD_BULK_09190,DISH_BULK_0808,CUST_01730,2026-09-11T20:40:00
ORD_BULK_09191,DISH_BULK_2039,CUST_03574,2026-09-11T11:58:00
ORD_BULK_09192,DISH_BULK_1032,CUST_02596,2026-09-13T06:46:00
ORD_BULK_09193,DISH_BULK_2724,CUST_01109,2026-09-15T11:46:00
ORD_BULK_09194,DISH_BULK_0429,CUST_02167,2026-09-16T22:06:00
ORD_BULK_09195,DISH_BULK_0895,CUST_02425,2026-09-13T22:33:00
ORD_BULK_09196,DISH_BULK_0819,CUST_03796,2026-09-10T13:54:00
ORD_BULK_09197,DISH_BULK_2310,CUST_01687,2026-09-16T21:02:00
ORD_BULK_09198,DISH_BULK_0137,CUST_01714,2026-09-15T23:14:00
ORD_BULK_09199,DISH_BULK_1601,CUST_01066,2026-09-18T05:49:00
ORD_BULK_09200,DISH_BULK_2654,CUST_03524,2026-09-17T05:42:00
ORD_BULK_09201,DISH_BULK_2520,CUST_03954,2026-09-18T04:58:00
ORD_BULK_09202,DISH_PNR_015,CUST_02334,2026-09-12T07:25:00
ORD_BULK_09203,DISH_BULK_0663,CUST_02072,2026-09-16T10:31:00
ORD_BULK_09204,DISH_BULK_1093,CUST_03845,2026-09-17T07:34:00
ORD_BULK_09205,DISH_BULK_2039,CUST_01861,2026-09-13T09:37:00
ORD_BULK_09206,DISH_BULK_1264,CUST_03091,2026-09-14T07:44:00
ORD_BULK_09207,DISH_BULK_0412,CUST_03505,2026-09-18T09:02:00
ORD_BULK_09208,DISH_BULK_0925,CUST_03405,2026-09-14T01:44:00
ORD_BULK_09209,DISH_BULK_2156,CUST_03067,2026-09-15T11:53:00
ORD_BULK_09210,DISH_BULK_0510,CUST_03465,2026-09-15T22:03:00
ORD_BULK_09211,DISH_BULK_0458,CUST_01858,2026-09-13T08:36:00
ORD_BULK_09212,DISH_BULK_0759,CUST_00088,2026-09-17T15:15:00
ORD_BULK_09213,DISH_BULK_1694,CUST_03302,2026-09-16T14:57:00
ORD_BULK_09214,DISH_BULK_2247,CUST_00491,2026-09-11T12:51:00
ORD_BULK_09215,DISH_BULK_1525,CUST_03438,2026-09-13T09:59:00
ORD_BULK_09216,DISH_BULK_2906,CUST_03137,2026-09-10T17:35:00
ORD_BULK_09217,DISH_BULK_0785,CUST_01250,2026-09-12T16:52:00
ORD_BULK_09218,DISH_BULK_2373,CUST_02064,2026-09-16T06:44:00
ORD_BULK_09219,DISH_BULK_0220,CUST_02078,2026-09-15T22:44:00
ORD_BULK_09220,DISH_BULK_0795,CUST_02247,2026-09-15T16:18:00
ORD_BULK_09221,DISH_BULK_1769,CUST_02671,2026-09-14T10:04:00
ORD_BULK_09222,DISH_BULK_2051,CUST_00912,2026-09-18T15:57:00
ORD_BULK_09223,DISH_BULK_0912,CUST_00879,2026-09-14T22:30:00
ORD_BULK_09224,DISH_BULK_1117,CUST_03117,2026-09-15T17:40:00
ORD_BULK_09225,DISH_BULK_1795,CUST_00058,2026-09-13T04:33:00
ORD_BULK_09226,DISH_BULK_0340,CUST_00953,2026-09-18T11:54:00
ORD_BULK_09227,DISH_PNR_035,CUST_02479,2026-09-10T11:24:00
ORD_BULK_09228,DISH_BULK_2504,CUST_03741,2026-09-11T14:46:00
ORD_BULK_09229,DISH_BULK_1383,CUST_00791,2026-09-16T03:59:00
ORD_BULK_09230,DISH_BULK_2562,CUST_03578,2026-09-15T02:27:00
ORD_BULK_09231,DISH_BULK_0048,CUST_00764,2026-09-16T12:48:00
ORD_BULK_09232,DISH_BULK_0477,CUST_01622,2026-09-11T20:23:00
ORD_BULK_09233,DISH_BULK_1382,CUST_01084,2026-09-12T05:33:00
ORD_BULK_09234,DISH_BULK_0115,CUST_03785,2026-09-13T07:32:00
ORD_BULK_09235,DISH_BULK_0231,CUST_02684,2026-09-12T06:31:00
ORD_BULK_09236,DISH_BULK_0906,CUST_03664,2026-09-11T07:12:00
ORD_BULK_09237,DISH_BULK_2457,CUST_00143,2026-09-18T13:44:00
ORD_BULK_09238,DISH_BULK_2626,CUST_01459,2026-09-15T10:56:00
ORD_BULK_09239,DISH_BULK_1845,CUST_00549,2026-09-10T09:59:00
ORD_BULK_09240,DISH_BULK_1053,CUST_03105,2026-09-13T12:19:00
ORD_BULK_09241,DISH_BULK_0225,CUST_00081,2026-09-10T23:27:00
ORD_BULK_09242,DISH_BULK_2851,CUST_02827,2026-09-15T23:05:00
ORD_BULK_09243,DISH_BULK_2778,CUST_02424,2026-09-18T08:16:00
ORD_BULK_09244,DISH_BULK_1068,CUST_00409,2026-09-16T18:17:00
ORD_BULK_09245,DISH_BULK_0835,CUST_00654,2026-09-13T09:55:00
ORD_BULK_09246,DISH_BULK_1474,CUST_03199,2026-09-13T01:35:00
ORD_BULK_09247,DISH_BULK_2210,CUST_02635,2026-09-11T04:33:00
ORD_BULK_09248,DISH_BULK_0197,CUST_02546,2026-09-15T19:48:00
ORD_BULK_09249,DISH_BULK_2880,CUST_02524,2026-09-13T20:31:00
ORD_BULK_09250,DISH_BULK_0358,CUST_03911,2026-09-17T13:12:00
ORD_BULK_09251,DISH_BULK_0545,CUST_00591,2026-09-13T11:39:00
ORD_BULK_09252,DISH_BULK_2182,CUST_03900,2026-09-15T15:08:00
ORD_BULK_09253,DISH_BULK_0069,CUST_02406,2026-09-18T15:23:00
ORD_BULK_09254,DISH_BULK_2239,CUST_01945,2026-09-12T01:14:00
ORD_BULK_09255,DISH_BULK_1550,CUST_01048,2026-09-16T20:49:00
ORD_BULK_09256,DISH_BULK_1620,CUST_00839,2026-09-12T10:03:00
ORD_BULK_09257,DISH_BULK_0680,CUST_01529,2026-09-11T05:20:00
ORD_BULK_09258,DISH_BULK_1985,CUST_03449,2026-09-13T17:31:00
ORD_BULK_09259,DISH_BULK_0544,CUST_00760,2026-09-13T15:05:00
ORD_BULK_09260,DISH_BULK_0011,CUST_01086,2026-09-18T05:28:00
ORD_BULK_09261,DISH_BULK_2598,CUST_02759,2026-09-12T18:25:00
ORD_BULK_09262,DISH_BULK_0660,CUST_01718,2026-09-11T11:13:00
ORD_BULK_09263,DISH_BULK_0395,CUST_02186,2026-09-17T09:48:00
ORD_BULK_09264,DISH_BULK_0165,CUST_00146,2026-09-12T12:32:00
ORD_BULK_09265,DISH_BULK_1205,CUST_01568,2026-09-16T07:35:00
ORD_BULK_09266,DISH_BULK_1721,CUST_00407,2026-09-18T03:44:00
ORD_BULK_09267,DISH_BULK_1516,CUST_00882,2026-09-10T21:43:00
ORD_BULK_09268,DISH_BULK_1899,CUST_00050,2026-09-12T00:46:00
ORD_BULK_09269,DISH_BULK_2191,CUST_01636,2026-09-15T10:30:00
ORD_BULK_09270,DISH_BULK_2798,CUST_02674,2026-09-12T06:22:00
ORD_BULK_09271,DISH_BULK_0183,CUST_03827,2026-09-12T01:21:00
ORD_BULK_09272,DISH_BULK_0097,CUST_00131,2026-09-17T02:21:00
ORD_BULK_09273,DISH_BULK_1327,CUST_03193,2026-09-13T00:33:00
ORD_BULK_09274,DISH_BULK_1555,CUST_03659,2026-09-15T01:04:00
ORD_BULK_09275,DISH_BULK_2909,CUST_00556,2026-09-11T03:08:00
ORD_BULK_09276,DISH_BULK_2293,CUST_01477,2026-09-12T13:40:00
ORD_BULK_09277,DISH_BULK_1630,CUST_03926,2026-09-16T12:28:00
ORD_BULK_09278,DISH_BULK_2343,CUST_00128,2026-09-10T10:43:00
ORD_BULK_09279,DISH_BULK_1342,CUST_01905,2026-09-15T17:55:00
ORD_BULK_09280,DISH_BULK_2431,CUST_01283,2026-09-10T16:11:00
ORD_BULK_09281,DISH_BULK_0199,CUST_00393,2026-09-15T23:08:00
ORD_BULK_09282,DISH_BULK_0950,CUST_00560,2026-09-14T03:04:00
ORD_BULK_09283,DISH_BULK_2260,CUST_03956,2026-09-10T11:21:00
ORD_BULK_09284,DISH_BULK_0060,CUST_03271,2026-09-15T13:59:00
ORD_BULK_09285,DISH_BULK_0839,CUST_02521,2026-09-15T14:00:00
ORD_BULK_09286,DISH_BULK_0320,CUST_00777,2026-09-10T17:27:00
ORD_BULK_09287,DISH_BULK_2634,CUST_01850,2026-09-12T06:52:00
ORD_BULK_09288,DISH_BULK_0610,CUST_00384,2026-09-11T13:48:00
ORD_BULK_09289,DISH_BULK_0790,CUST_02215,2026-09-14T15:56:00
ORD_BULK_09290,DISH_BULK_2273,CUST_00169,2026-09-16T03:04:00
ORD_BULK_09291,DISH_BULK_1889,CUST_03624,2026-09-11T04:38:00
ORD_BULK_09292,DISH_BULK_2637,CUST_01597,2026-09-15T23:20:00
ORD_BULK_09293,DISH_BULK_0537,CUST_00761,2026-09-11T16:45:00
ORD_BULK_09294,DISH_BULK_0056,CUST_03295,2026-09-13T05:19:00
ORD_BULK_09295,DISH_BULK_1249,CUST_03565,2026-09-18T09:51:00
ORD_BULK_09296,DISH_BULK_1098,CUST_03046,2026-09-14T23:16:00
ORD_BULK_09297,DISH_BULK_0412,CUST_02032,2026-09-11T14:17:00
ORD_BULK_09298,DISH_BULK_2286,CUST_00685,2026-09-16T13:24:00
ORD_BULK_09299,DISH_BULK_0234,CUST_01942,2026-09-10T09:43:00
ORD_BULK_09300,DISH_BULK_1816,CUST_01052,2026-09-13T19:39:00
ORD_BULK_09301,DISH_BULK_0957,CUST_01668,2026-09-10T22:41:00
ORD_BULK_09302,DISH_BULK_0546,CUST_03380,2026-09-12T21:35:00
ORD_BULK_09303,DISH_BULK_1189,CUST_01201,2026-09-11T19:58:00
ORD_BULK_09304,DISH_BULK_0706,CUST_01477,2026-09-11T23:22:00
ORD_BULK_09305,DISH_BULK_0334,CUST_02654,2026-09-14T20:29:00
ORD_BULK_09306,DISH_BULK_0017,CUST_00591,2026-09-14T05:28:00
ORD_BULK_09307,DISH_BULK_0695,CUST_00880,2026-09-17T00:29:00
ORD_BULK_09308,DISH_BULK_1059,CUST_03094,2026-09-11T06:28:00
ORD_BULK_09309,DISH_BULK_0535,CUST_03910,2026-09-17T21:24:00
ORD_BULK_09310,DISH_BULK_2945,CUST_00070,2026-09-16T23:17:00
ORD_BULK_09311,DISH_BULK_1066,CUST_01250,2026-09-15T09:48:00
ORD_BULK_09312,DISH_BULK_1897,CUST_03619,2026-09-12T09:13:00
ORD_BULK_09313,DISH_BULK_1493,CUST_02528,2026-09-10T14:10:00
ORD_BULK_09314,DISH_BULK_0806,CUST_02763,2026-09-12T09:52:00
ORD_BULK_09315,DISH_BULK_1677,CUST_02628,2026-09-17T10:48:00
ORD_BULK_09316,DISH_BULK_1400,CUST_01294,2026-09-11T09:46:00
ORD_BULK_09317,DISH_BULK_0874,CUST_03781,2026-09-11T19:38:00
ORD_BULK_09318,DISH_BULK_1880,CUST_01676,2026-09-11T05:32:00
ORD_BULK_09319,DISH_BULK_2622,CUST_01908,2026-09-17T04:34:00
ORD_BULK_09320,DISH_BULK_1183,CUST_02950,2026-09-16T16:09:00
ORD_BULK_09321,DISH_BULK_0052,CUST_03976,2026-09-18T00:54:00
ORD_BULK_09322,DISH_BULK_0502,CUST_01108,2026-09-14T06:11:00
ORD_BULK_09323,DISH_BULK_2788,CUST_01471,2026-09-16T23:33:00
ORD_BULK_09324,DISH_BULK_2166,CUST_01437,2026-09-11T14:34:00
ORD_BULK_09325,DISH_BULK_1519,CUST_00152,2026-09-11T19:53:00
ORD_BULK_09326,DISH_BULK_0387,CUST_00436,2026-09-16T21:00:00
ORD_BULK_09327,DISH_BULK_2687,CUST_00453,2026-09-13T23:17:00
ORD_BULK_09328,DISH_BULK_2153,CUST_02382,2026-09-11T08:49:00
ORD_BULK_09329,DISH_BULK_0653,CUST_03300,2026-09-15T05:22:00
ORD_BULK_09330,DISH_BULK_2167,CUST_03608,2026-09-14T22:29:00
ORD_BULK_09331,DISH_BULK_2833,CUST_01170,2026-09-17T05:39:00
ORD_BULK_09332,DISH_BULK_2148,CUST_03625,2026-09-15T00:56:00
ORD_BULK_09333,DISH_BULK_0999,CUST_01962,2026-09-16T15:49:00
ORD_BULK_09334,DISH_BULK_1706,CUST_03241,2026-09-16T04:16:00
ORD_BULK_09335,DISH_BULK_2716,CUST_01726,2026-09-11T18:39:00
ORD_BULK_09336,DISH_BULK_0830,CUST_01899,2026-09-14T15:35:00
ORD_BULK_09337,DISH_BULK_0194,CUST_03719,2026-09-10T10:38:00
ORD_BULK_09338,DISH_BULK_2002,CUST_02153,2026-09-13T09:31:00
ORD_BULK_09339,DISH_BULK_1231,CUST_01869,2026-09-13T06:40:00
ORD_BULK_09340,DISH_BULK_0050,CUST_02094,2026-09-12T23:00:00
ORD_BULK_09341,DISH_BULK_1749,CUST_03363,2026-09-17T19:30:00
ORD_BULK_09342,DISH_BULK_2237,CUST_04000,2026-09-11T08:11:00
ORD_BULK_09343,DISH_BULK_2266,CUST_00449,2026-09-16T20:09:00
ORD_BULK_09344,DISH_BULK_0087,CUST_02010,2026-09-13T15:37:00
ORD_BULK_09345,DISH_BULK_2492,CUST_03467,2026-09-16T18:53:00
ORD_BULK_09346,DISH_BULK_0489,CUST_00352,2026-09-15T07:22:00
ORD_BULK_09347,DISH_BULK_1185,CUST_00179,2026-09-10T21:44:00
ORD_BULK_09348,DISH_BULK_1607,CUST_02340,2026-09-18T14:16:00
ORD_BULK_09349,DISH_BULK_2121,CUST_03823,2026-09-12T15:03:00
ORD_BULK_09350,DISH_BULK_1563,CUST_02491,2026-09-18T15:26:00
ORD_BULK_09351,DISH_BULK_2515,CUST_00524,2026-09-12T13:53:00
ORD_BULK_09352,DISH_BULK_1289,CUST_00944,2026-09-13T12:04:00
ORD_BULK_09353,DISH_BULK_2167,CUST_01102,2026-09-16T03:13:00
ORD_BULK_09354,DISH_BULK_1744,CUST_01108,2026-09-15T10:37:00
ORD_BULK_09355,DISH_BULK_0114,CUST_02066,2026-09-12T03:04:00
ORD_BULK_09356,DISH_BULK_0434,CUST_00918,2026-09-16T20:45:00
ORD_BULK_09357,DISH_BULK_2115,CUST_01681,2026-09-13T22:59:00
ORD_BULK_09358,DISH_BULK_1077,CUST_01769,2026-09-12T11:11:00
ORD_BULK_09359,DISH_BULK_0560,CUST_02927,2026-09-10T10:39:00
ORD_BULK_09360,DISH_BULK_0642,CUST_00271,2026-09-12T05:27:00
ORD_BULK_09361,DISH_BULK_0770,CUST_03046,2026-09-18T14:28:00
ORD_BULK_09362,DISH_BULK_1967,CUST_02812,2026-09-12T00:31:00
ORD_BULK_09363,DISH_BULK_0013,CUST_01472,2026-09-14T01:47:00
ORD_BULK_09364,DISH_PNR_007,CUST_03599,2026-09-12T16:50:00
ORD_BULK_09365,DISH_BULK_0846,CUST_00009,2026-09-11T00:38:00
ORD_BULK_09366,DISH_BULK_0038,CUST_00075,2026-09-16T13:47:00
ORD_BULK_09367,DISH_BULK_2079,CUST_01544,2026-09-13T03:54:00
ORD_BULK_09368,DISH_BULK_1148,CUST_03047,2026-09-18T11:03:00
ORD_BULK_09369,DISH_BULK_1605,CUST_01858,2026-09-13T01:20:00
ORD_BULK_09370,DISH_BULK_2385,CUST_00456,2026-09-17T07:10:00
ORD_BULK_09371,DISH_PNR_020,CUST_00014,2026-09-16T04:56:00
ORD_BULK_09372,DISH_BULK_2088,CUST_02342,2026-09-16T19:08:00
ORD_BULK_09373,DISH_BULK_0322,CUST_00497,2026-09-13T04:50:00
ORD_BULK_09374,DISH_BULK_0441,CUST_01664,2026-09-10T08:43:00
ORD_BULK_09375,DISH_BULK_0048,CUST_02375,2026-09-11T09:12:00
ORD_BULK_09376,DISH_BULK_1528,CUST_02326,2026-09-17T11:25:00
ORD_BULK_09377,DISH_BULK_0577,CUST_03361,2026-09-13T00:11:00
ORD_BULK_09378,DISH_BULK_0522,CUST_02808,2026-09-15T23:01:00
ORD_BULK_09379,DISH_BULK_0779,CUST_03825,2026-09-15T12:43:00
ORD_BULK_09380,DISH_BULK_2337,CUST_02758,2026-09-16T09:15:00
ORD_BULK_09381,DISH_BULK_2318,CUST_02977,2026-09-15T13:33:00
ORD_BULK_09382,DISH_BULK_2888,CUST_02531,2026-09-10T20:12:00
ORD_BULK_09383,DISH_BULK_1544,CUST_00037,2026-09-16T11:56:00
ORD_BULK_09384,DISH_BULK_1333,CUST_01230,2026-09-16T12:21:00
ORD_BULK_09385,DISH_BULK_0290,CUST_03862,2026-09-16T13:32:00
ORD_BULK_09386,DISH_BULK_1695,CUST_01967,2026-09-13T06:27:00
ORD_BULK_09387,DISH_BULK_1545,CUST_01004,2026-09-10T19:05:00
ORD_BULK_09388,DISH_BULK_0161,CUST_00095,2026-09-17T02:56:00
ORD_BULK_09389,DISH_BULK_2368,CUST_02110,2026-09-13T11:43:00
ORD_BULK_09390,DISH_BULK_2756,CUST_00898,2026-09-13T04:00:00
ORD_BULK_09391,DISH_BULK_1733,CUST_00487,2026-09-11T10:25:00
ORD_BULK_09392,DISH_BULK_2915,CUST_03421,2026-09-13T02:42:00
ORD_BULK_09393,DISH_BULK_1779,CUST_00338,2026-09-11T10:14:00
ORD_BULK_09394,DISH_BULK_2097,CUST_03615,2026-09-11T07:15:00
ORD_BULK_09395,DISH_BULK_1257,CUST_00379,2026-09-17T20:48:00
ORD_BULK_09396,DISH_BULK_2428,CUST_02275,2026-09-17T16:20:00
ORD_BULK_09397,DISH_BULK_1466,CUST_02844,2026-09-13T06:45:00
ORD_BULK_09398,DISH_BULK_1304,CUST_02054,2026-09-11T22:38:00
ORD_BULK_09399,DISH_BULK_2302,CUST_03944,2026-09-13T20:23:00
ORD_BULK_09400,DISH_BULK_0568,CUST_03985,2026-09-10T12:57:00
ORD_BULK_09401,DISH_BULK_0728,CUST_02605,2026-09-13T06:56:00
ORD_BULK_09402,DISH_BULK_2676,CUST_00050,2026-09-11T02:40:00
ORD_BULK_09403,DISH_BULK_1440,CUST_00834,2026-09-14T00:27:00
ORD_BULK_09404,DISH_BULK_0933,CUST_01138,2026-09-15T00:44:00
ORD_BULK_09405,DISH_BULK_1637,CUST_00123,2026-09-15T09:55:00
ORD_BULK_09406,DISH_BULK_1271,CUST_01537,2026-09-16T20:56:00
ORD_BULK_09407,DISH_BULK_2441,CUST_02447,2026-09-13T04:22:00
ORD_BULK_09408,DISH_BULK_1114,CUST_02384,2026-09-18T08:15:00
ORD_BULK_09409,DISH_BULK_1073,CUST_03536,2026-09-14T22:26:00
ORD_BULK_09410,DISH_BULK_1723,CUST_01809,2026-09-12T00:29:00
ORD_BULK_09411,DISH_BULK_2887,CUST_00220,2026-09-11T10:04:00
ORD_BULK_09412,DISH_BULK_0193,CUST_02255,2026-09-11T21:40:00
ORD_BULK_09413,DISH_BULK_1047,CUST_03610,2026-09-17T15:50:00
ORD_BULK_09414,DISH_BULK_2907,CUST_00066,2026-09-11T22:01:00
ORD_BULK_09415,DISH_BULK_2847,CUST_03154,2026-09-16T11:12:00
ORD_BULK_09416,DISH_BULK_0329,CUST_02821,2026-09-16T02:26:00
ORD_BULK_09417,DISH_BULK_0577,CUST_03771,2026-09-11T21:37:00
ORD_BULK_09418,DISH_BULK_2627,CUST_00912,2026-09-16T04:10:00
ORD_BULK_09419,DISH_BULK_1783,CUST_02444,2026-09-13T14:54:00
ORD_BULK_09420,DISH_PNR_005,CUST_00612,2026-09-14T18:47:00
ORD_BULK_09421,DISH_BULK_0530,CUST_00138,2026-09-16T08:57:00
ORD_BULK_09422,DISH_BULK_1373,CUST_02052,2026-09-11T03:07:00
ORD_BULK_09423,DISH_BULK_1989,CUST_01074,2026-09-18T04:05:00
ORD_BULK_09424,DISH_BULK_1284,CUST_03707,2026-09-11T21:07:00
ORD_BULK_09425,DISH_BULK_1869,CUST_00932,2026-09-14T09:53:00
ORD_BULK_09426,DISH_BULK_2563,CUST_03977,2026-09-12T12:36:00
ORD_BULK_09427,DISH_BULK_1639,CUST_01277,2026-09-12T03:37:00
ORD_BULK_09428,DISH_BULK_0864,CUST_01411,2026-09-15T12:05:00
ORD_BULK_09429,DISH_BULK_0025,CUST_00035,2026-09-13T16:27:00
ORD_BULK_09430,DISH_BULK_0311,CUST_00654,2026-09-17T09:14:00
ORD_BULK_09431,DISH_BULK_0341,CUST_03161,2026-09-16T16:55:00
ORD_BULK_09432,DISH_BULK_0525,CUST_02260,2026-09-18T07:28:00
ORD_BULK_09433,DISH_BULK_1313,CUST_00440,2026-09-16T13:54:00
ORD_BULK_09434,DISH_BULK_0429,CUST_02813,2026-09-15T02:19:00
ORD_BULK_09435,DISH_BULK_0238,CUST_02574,2026-09-12T08:14:00
ORD_BULK_09436,DISH_BULK_2540,CUST_03992,2026-09-14T01:23:00
ORD_BULK_09437,DISH_BULK_1371,CUST_02313,2026-09-10T12:53:00
ORD_BULK_09438,DISH_BULK_1128,CUST_02727,2026-09-14T20:33:00
ORD_BULK_09439,DISH_BULK_0422,CUST_03619,2026-09-10T16:39:00
ORD_BULK_09440,DISH_BULK_0203,CUST_01904,2026-09-17T04:16:00
ORD_BULK_09441,DISH_BULK_0662,CUST_00898,2026-09-10T23:07:00
ORD_BULK_09442,DISH_BULK_1037,CUST_01747,2026-09-14T23:31:00
ORD_BULK_09443,DISH_BULK_0050,CUST_00221,2026-09-11T07:16:00
ORD_BULK_09444,DISH_BULK_0477,CUST_02301,2026-09-13T02:09:00
ORD_BULK_09445,DISH_BULK_2093,CUST_00588,2026-09-15T13:08:00
ORD_BULK_09446,DISH_BULK_0308,CUST_00122,2026-09-11T08:30:00
ORD_BULK_09447,DISH_BULK_2917,CUST_03601,2026-09-12T07:59:00
ORD_BULK_09448,DISH_BULK_0775,CUST_03704,2026-09-11T18:43:00
ORD_BULK_09449,DISH_BULK_2279,CUST_03011,2026-09-17T11:15:00
ORD_BULK_09450,DISH_BULK_1703,CUST_00282,2026-09-14T07:48:00
ORD_BULK_09451,DISH_BULK_0320,CUST_00513,2026-09-10T16:01:00
ORD_BULK_09452,DISH_BULK_2636,CUST_03705,2026-09-13T08:13:00
ORD_BULK_09453,DISH_BULK_2134,CUST_02930,2026-09-14T14:11:00
ORD_BULK_09454,DISH_BULK_0001,CUST_02039,2026-09-15T05:15:00
ORD_BULK_09455,DISH_BULK_1736,CUST_03078,2026-09-14T00:46:00
ORD_BULK_09456,DISH_BULK_0873,CUST_03915,2026-09-18T15:28:00
ORD_BULK_09457,DISH_BULK_1013,CUST_01279,2026-09-14T16:15:00
ORD_BULK_09458,DISH_BULK_2925,CUST_00189,2026-09-13T19:24:00
ORD_BULK_09459,DISH_BULK_2637,CUST_00728,2026-09-11T23:24:00
ORD_BULK_09460,DISH_BULK_1755,CUST_01717,2026-09-12T19:44:00
ORD_BULK_09461,DISH_BULK_2550,CUST_01229,2026-09-14T16:32:00
ORD_BULK_09462,DISH_BULK_0057,CUST_00439,2026-09-17T09:51:00
ORD_BULK_09463,DISH_BULK_0314,CUST_01364,2026-09-13T00:36:00
ORD_BULK_09464,DISH_PNR_029,CUST_01499,2026-09-16T00:19:00
ORD_BULK_09465,DISH_BULK_2899,CUST_03046,2026-09-17T10:55:00
ORD_BULK_09466,DISH_BULK_0793,CUST_03949,2026-09-18T15:51:00
ORD_BULK_09467,DISH_BULK_1220,CUST_02015,2026-09-12T00:39:00
ORD_BULK_09468,DISH_BULK_1016,CUST_00963,2026-09-14T07:29:00
ORD_BULK_09469,DISH_BULK_2240,CUST_03937,2026-09-15T03:11:00
ORD_BULK_09470,DISH_BULK_0294,CUST_02012,2026-09-14T23:54:00
ORD_BULK_09471,DISH_BULK_2144,CUST_00693,2026-09-12T04:33:00
ORD_BULK_09472,DISH_BULK_1255,CUST_03101,2026-09-11T11:43:00
ORD_BULK_09473,DISH_BULK_2736,CUST_00517,2026-09-15T13:17:00
ORD_BULK_09474,DISH_BULK_2690,CUST_03903,2026-09-12T10:02:00
ORD_BULK_09475,DISH_BULK_1568,CUST_01856,2026-09-10T09:02:00
ORD_BULK_09476,DISH_BULK_2040,CUST_01606,2026-09-15T02:13:00
ORD_BULK_09477,DISH_BULK_2835,CUST_03315,2026-09-14T17:47:00
ORD_BULK_09478,DISH_BULK_1392,CUST_03817,2026-09-18T06:48:00
ORD_BULK_09479,DISH_BULK_1593,CUST_03903,2026-09-12T01:40:00
ORD_BULK_09480,DISH_BULK_0486,CUST_01131,2026-09-11T04:54:00
ORD_BULK_09481,DISH_BULK_2499,CUST_03602,2026-09-15T08:40:00
ORD_BULK_09482,DISH_BULK_1628,CUST_03492,2026-09-16T13:02:00
ORD_BULK_09483,DISH_BULK_1764,CUST_02092,2026-09-13T09:36:00
ORD_BULK_09484,DISH_BULK_2508,CUST_01202,2026-09-15T17:14:00
ORD_BULK_09485,DISH_BULK_1867,CUST_03400,2026-09-11T05:59:00
ORD_BULK_09486,DISH_BULK_2667,CUST_00654,2026-09-16T21:52:00
ORD_BULK_09487,DISH_BULK_0200,CUST_02618,2026-09-12T16:42:00
ORD_BULK_09488,DISH_BULK_1435,CUST_00062,2026-09-10T17:58:00
ORD_BULK_09489,DISH_BULK_1644,CUST_03994,2026-09-11T13:43:00
ORD_BULK_09490,DISH_BULK_2044,CUST_01243,2026-09-16T00:41:00
ORD_BULK_09491,DISH_BULK_2270,CUST_01980,2026-09-13T18:17:00
ORD_BULK_09492,DISH_BULK_0550,CUST_00515,2026-09-13T00:15:00
ORD_BULK_09493,DISH_BULK_1236,CUST_03540,2026-09-13T10:14:00
ORD_BULK_09494,DISH_BULK_0812,CUST_01260,2026-09-10T22:38:00
ORD_BULK_09495,DISH_BULK_1212,CUST_02974,2026-09-15T02:29:00
ORD_BULK_09496,DISH_BULK_1503,CUST_02244,2026-09-12T01:36:00
ORD_BULK_09497,DISH_BULK_0406,CUST_00618,2026-09-11T07:43:00
ORD_BULK_09498,DISH_BULK_1331,CUST_03239,2026-09-17T13:59:00
ORD_BULK_09499,DISH_BULK_1726,CUST_03455,2026-09-13T05:01:00
ORD_BULK_09500,DISH_BULK_2430,CUST_03024,2026-09-14T09:17:00
ORD_BULK_09501,DISH_BULK_0624,CUST_01462,2026-09-13T06:07:00
ORD_BULK_09502,DISH_BULK_2308,CUST_03219,2026-09-12T06:59:00
ORD_BULK_09503,DISH_BULK_0024,CUST_03973,2026-09-14T21:08:00
ORD_BULK_09504,DISH_BULK_2657,CUST_02831,2026-09-13T11:28:00
ORD_BULK_09505,DISH_BULK_1113,CUST_02633,2026-09-11T08:00:00
ORD_BULK_09506,DISH_BULK_0460,CUST_00415,2026-09-17T23:06:00
ORD_BULK_09507,DISH_BULK_2863,CUST_02509,2026-09-15T22:38:00
ORD_BULK_09508,DISH_BULK_0755,CUST_02240,2026-09-16T14:18:00
ORD_BULK_09509,DISH_BULK_0282,CUST_02176,2026-09-12T00:04:00
ORD_BULK_09510,DISH_BULK_1852,CUST_01021,2026-09-10T08:41:00
ORD_BULK_09511,DISH_BULK_2692,CUST_01758,2026-09-12T23:45:00
ORD_BULK_09512,DISH_BULK_1210,CUST_00924,2026-09-14T04:07:00
ORD_BULK_09513,DISH_BULK_2727,CUST_02404,2026-09-13T14:30:00
ORD_BULK_09514,DISH_BULK_2003,CUST_03582,2026-09-16T01:16:00
ORD_BULK_09515,DISH_BULK_0686,CUST_02966,2026-09-11T01:41:00
ORD_BULK_09516,DISH_BULK_2117,CUST_02117,2026-09-13T11:42:00
ORD_BULK_09517,DISH_BULK_2357,CUST_03283,2026-09-15T02:37:00
ORD_BULK_09518,DISH_BULK_2152,CUST_00096,2026-09-14T22:38:00
ORD_BULK_09519,DISH_BULK_1613,CUST_01064,2026-09-10T12:59:00
ORD_BULK_09520,DISH_BULK_1376,CUST_03469,2026-09-11T10:51:00
ORD_BULK_09521,DISH_BULK_0366,CUST_00180,2026-09-12T09:37:00
ORD_BULK_09522,DISH_BULK_0327,CUST_00660,2026-09-14T13:19:00
ORD_BULK_09523,DISH_BULK_1227,CUST_00804,2026-09-17T19:16:00
ORD_BULK_09524,DISH_BULK_1096,CUST_00337,2026-09-18T14:18:00
ORD_BULK_09525,DISH_BULK_0717,CUST_01013,2026-09-10T16:00:00
ORD_BULK_09526,DISH_BULK_0439,CUST_02901,2026-09-14T21:37:00
ORD_BULK_09527,DISH_BULK_0162,CUST_01274,2026-09-17T06:55:00
ORD_BULK_09528,DISH_BULK_2116,CUST_01737,2026-09-10T09:08:00
ORD_BULK_09529,DISH_BULK_0935,CUST_02035,2026-09-11T22:51:00
ORD_BULK_09530,DISH_BULK_0365,CUST_02923,2026-09-18T15:20:00
ORD_BULK_09531,DISH_BULK_2583,CUST_03573,2026-09-16T01:57:00
ORD_BULK_09532,DISH_BULK_1531,CUST_00217,2026-09-10T23:57:00
ORD_BULK_09533,DISH_BULK_0783,CUST_00669,2026-09-11T01:03:00
ORD_BULK_09534,DISH_BULK_2816,CUST_00826,2026-09-11T12:40:00
ORD_BULK_09535,DISH_BULK_2389,CUST_01830,2026-09-16T14:23:00
ORD_BULK_09536,DISH_BULK_2379,CUST_02552,2026-09-17T05:02:00
ORD_BULK_09537,DISH_BULK_0156,CUST_00329,2026-09-11T08:25:00
ORD_BULK_09538,DISH_BULK_1084,CUST_00133,2026-09-10T11:36:00
ORD_BULK_09539,DISH_BULK_0813,CUST_01220,2026-09-15T17:39:00
ORD_BULK_09540,DISH_BULK_0432,CUST_00986,2026-09-11T13:12:00
ORD_BULK_09541,DISH_BULK_2779,CUST_02034,2026-09-11T11:00:00
ORD_BULK_09542,DISH_BULK_2369,CUST_03370,2026-09-15T15:25:00
ORD_BULK_09543,DISH_BULK_2625,CUST_02273,2026-09-15T01:18:00
ORD_BULK_09544,DISH_BULK_0140,CUST_03198,2026-09-11T12:39:00
ORD_BULK_09545,DISH_BULK_2535,CUST_03104,2026-09-14T17:56:00
ORD_BULK_09546,DISH_BULK_0591,CUST_03116,2026-09-14T08:52:00
ORD_BULK_09547,DISH_BULK_2754,CUST_02930,2026-09-17T08:26:00
ORD_BULK_09548,DISH_BULK_0162,CUST_02957,2026-09-16T02:32:00
ORD_BULK_09549,DISH_BULK_1012,CUST_00404,2026-09-16T22:52:00
ORD_BULK_09550,DISH_BULK_2608,CUST_01167,2026-09-17T13:42:00
ORD_BULK_09551,DISH_BULK_1865,CUST_03365,2026-09-16T07:03:00
ORD_BULK_09552,DISH_BULK_1300,CUST_03553,2026-09-14T11:34:00
ORD_BULK_09553,DISH_PNR_039,CUST_02576,2026-09-11T16:53:00
ORD_BULK_09554,DISH_BULK_0269,CUST_00844,2026-09-15T07:28:00
ORD_BULK_09555,DISH_BULK_1349,CUST_00916,2026-09-14T04:12:00
ORD_BULK_09556,DISH_BULK_2125,CUST_00679,2026-09-18T08:49:00
ORD_BULK_09557,DISH_BULK_0442,CUST_00093,2026-09-15T17:02:00
ORD_BULK_09558,DISH_BULK_0635,CUST_02287,2026-09-16T08:18:00
ORD_BULK_09559,DISH_BULK_2722,CUST_03553,2026-09-15T09:08:00
ORD_BULK_09560,DISH_BULK_2094,CUST_03051,2026-09-10T08:56:00
ORD_BULK_09561,DISH_BULK_1885,CUST_00564,2026-09-15T15:47:00
ORD_BULK_09562,DISH_BULK_2406,CUST_03115,2026-09-10T23:21:00
ORD_BULK_09563,DISH_BULK_2882,CUST_00929,2026-09-15T15:46:00
ORD_BULK_09564,DISH_BULK_0412,CUST_03873,2026-09-15T01:27:00
ORD_BULK_09565,DISH_BULK_0387,CUST_01748,2026-09-10T15:30:00
ORD_BULK_09566,DISH_BULK_2217,CUST_02828,2026-09-16T03:48:00
ORD_BULK_09567,DISH_BULK_0408,CUST_03192,2026-09-17T08:05:00
ORD_BULK_09568,DISH_BULK_1879,CUST_03998,2026-09-12T02:13:00
ORD_BULK_09569,DISH_BULK_0485,CUST_03661,2026-09-12T15:22:00
ORD_BULK_09570,DISH_BULK_2726,CUST_02441,2026-09-17T00:35:00
ORD_BULK_09571,DISH_BULK_2549,CUST_01574,2026-09-13T04:37:00
ORD_BULK_09572,DISH_BULK_1924,CUST_02009,2026-09-11T16:56:00
ORD_BULK_09573,DISH_BULK_2147,CUST_00811,2026-09-15T20:28:00
ORD_BULK_09574,DISH_BULK_1341,CUST_03431,2026-09-12T21:54:00
ORD_BULK_09575,DISH_BULK_0119,CUST_01833,2026-09-15T02:28:00
ORD_BULK_09576,DISH_BULK_2246,CUST_03537,2026-09-11T12:57:00
ORD_BULK_09577,DISH_PNR_029,CUST_00746,2026-09-13T14:18:00
ORD_BULK_09578,DISH_BULK_2194,CUST_00062,2026-09-17T23:58:00
ORD_BULK_09579,DISH_BULK_2914,CUST_02935,2026-09-16T13:55:00
ORD_BULK_09580,DISH_BULK_1454,CUST_03213,2026-09-14T08:05:00
ORD_BULK_09581,DISH_BULK_1860,CUST_03552,2026-09-16T00:40:00
ORD_BULK_09582,DISH_BULK_0082,CUST_00061,2026-09-12T06:20:00
ORD_BULK_09583,DISH_BULK_2621,CUST_01053,2026-09-17T22:43:00
ORD_BULK_09584,DISH_BULK_1154,CUST_00796,2026-09-11T20:51:00
ORD_BULK_09585,DISH_BULK_0827,CUST_03590,2026-09-14T19:55:00
ORD_BULK_09586,DISH_BULK_0716,CUST_00665,2026-09-11T17:11:00
ORD_BULK_09587,DISH_BULK_1554,CUST_02397,2026-09-10T18:23:00
ORD_BULK_09588,DISH_BULK_1528,CUST_02468,2026-09-17T22:39:00
ORD_BULK_09589,DISH_BULK_1520,CUST_02259,2026-09-14T08:13:00
ORD_BULK_09590,DISH_BULK_1821,CUST_01064,2026-09-14T20:47:00
ORD_BULK_09591,DISH_BULK_2683,CUST_01934,2026-09-10T13:26:00
ORD_BULK_09592,DISH_BULK_1547,CUST_03281,2026-09-15T08:49:00
ORD_BULK_09593,DISH_BULK_2748,CUST_02797,2026-09-14T09:21:00
ORD_BULK_09594,DISH_BULK_0225,CUST_01790,2026-09-17T09:13:00
ORD_BULK_09595,DISH_BULK_2780,CUST_00485,2026-09-13T03:08:00
ORD_BULK_09596,DISH_BULK_2321,CUST_03481,2026-09-14T11:34:00
ORD_BULK_09597,DISH_BULK_2808,CUST_03067,2026-09-11T22:47:00
ORD_BULK_09598,DISH_BULK_0320,CUST_01319,2026-09-10T22:59:00
ORD_BULK_09599,DISH_BULK_0426,CUST_03436,2026-09-14T23:01:00
ORD_BULK_09600,DISH_BULK_1175,CUST_03373,2026-09-11T23:38:00
ORD_BULK_09601,DISH_BULK_1544,CUST_00298,2026-09-10T09:12:00
ORD_BULK_09602,DISH_BULK_1921,CUST_03801,2026-09-10T10:38:00
ORD_BULK_09603,DISH_BULK_0845,CUST_00810,2026-09-14T11:23:00
ORD_BULK_09604,DISH_BULK_0144,CUST_03855,2026-09-17T17:09:00
ORD_BULK_09605,DISH_BULK_2094,CUST_03141,2026-09-13T06:27:00
ORD_BULK_09606,DISH_BULK_0595,CUST_01156,2026-09-12T17:51:00
ORD_BULK_09607,DISH_BULK_2832,CUST_03065,2026-09-18T05:44:00
ORD_BULK_09608,DISH_BULK_0414,CUST_02540,2026-09-16T10:57:00
ORD_BULK_09609,DISH_BULK_0863,CUST_02368,2026-09-11T21:23:00
ORD_BULK_09610,DISH_BULK_1135,CUST_02220,2026-09-13T15:57:00
ORD_BULK_09611,DISH_BULK_2015,CUST_00271,2026-09-12T20:10:00
ORD_BULK_09612,DISH_BULK_0050,CUST_00042,2026-09-13T18:18:00
ORD_BULK_09613,DISH_BULK_0392,CUST_03026,2026-09-15T04:04:00
ORD_BULK_09614,DISH_BULK_2414,CUST_03316,2026-09-11T04:22:00
ORD_BULK_09615,DISH_BULK_0017,CUST_01296,2026-09-12T22:25:00
ORD_BULK_09616,DISH_BULK_0145,CUST_00604,2026-09-11T11:33:00
ORD_BULK_09617,DISH_BULK_1462,CUST_03734,2026-09-11T03:27:00
ORD_BULK_09618,DISH_BULK_1498,CUST_01951,2026-09-18T12:31:00
ORD_BULK_09619,DISH_BULK_1447,CUST_03128,2026-09-18T11:03:00
ORD_BULK_09620,DISH_BULK_2207,CUST_01590,2026-09-18T06:40:00
ORD_BULK_09621,DISH_BULK_1145,CUST_01656,2026-09-18T10:40:00
ORD_BULK_09622,DISH_BULK_0957,CUST_00947,2026-09-17T22:20:00
ORD_BULK_09623,DISH_BULK_2470,CUST_03533,2026-09-14T02:06:00
ORD_BULK_09624,DISH_BULK_0907,CUST_01270,2026-09-16T14:10:00
ORD_BULK_09625,DISH_BULK_0325,CUST_00383,2026-09-10T08:51:00
ORD_BULK_09626,DISH_BULK_1288,CUST_00070,2026-09-11T16:21:00
ORD_BULK_09627,DISH_BULK_1085,CUST_03736,2026-09-16T00:10:00
ORD_BULK_09628,DISH_BULK_1676,CUST_01064,2026-09-12T02:27:00
ORD_BULK_09629,DISH_BULK_1963,CUST_02071,2026-09-16T23:48:00
ORD_BULK_09630,DISH_BULK_1692,CUST_03505,2026-09-11T17:23:00
ORD_BULK_09631,DISH_BULK_1264,CUST_01936,2026-09-13T03:23:00
ORD_BULK_09632,DISH_BULK_2214,CUST_01381,2026-09-13T23:38:00
ORD_BULK_09633,DISH_BULK_0409,CUST_00561,2026-09-16T13:05:00
ORD_BULK_09634,DISH_BULK_0266,CUST_03711,2026-09-15T10:37:00
ORD_BULK_09635,DISH_BULK_1972,CUST_01350,2026-09-11T10:53:00
ORD_BULK_09636,DISH_BULK_0502,CUST_00960,2026-09-17T01:43:00
ORD_BULK_09637,DISH_BULK_1478,CUST_03134,2026-09-16T17:40:00
ORD_BULK_09638,DISH_BULK_1992,CUST_02076,2026-09-11T10:53:00
ORD_BULK_09639,DISH_BULK_1352,CUST_01484,2026-09-13T06:53:00
ORD_BULK_09640,DISH_BULK_0587,CUST_01542,2026-09-17T14:37:00
ORD_BULK_09641,DISH_BULK_0140,CUST_03123,2026-09-17T23:20:00
ORD_BULK_09642,DISH_BULK_2405,CUST_01892,2026-09-12T03:54:00
ORD_BULK_09643,DISH_BULK_0884,CUST_03008,2026-09-14T16:40:00
ORD_BULK_09644,DISH_BULK_0031,CUST_00629,2026-09-13T16:43:00
ORD_BULK_09645,DISH_BULK_1152,CUST_01783,2026-09-14T12:58:00
ORD_BULK_09646,DISH_BULK_1101,CUST_01732,2026-09-15T14:18:00
ORD_BULK_09647,DISH_BULK_1873,CUST_00579,2026-09-10T18:00:00
ORD_BULK_09648,DISH_BULK_1420,CUST_00265,2026-09-15T08:34:00
ORD_BULK_09649,DISH_BULK_0370,CUST_00112,2026-09-15T13:47:00
ORD_BULK_09650,DISH_BULK_0787,CUST_00251,2026-09-16T00:32:00
ORD_BULK_09651,DISH_BULK_1853,CUST_00502,2026-09-14T10:45:00
ORD_BULK_09652,DISH_BULK_1527,CUST_03300,2026-09-13T07:58:00
ORD_BULK_09653,DISH_BULK_2625,CUST_01969,2026-09-16T09:09:00
ORD_BULK_09654,DISH_BULK_2580,CUST_03083,2026-09-12T22:46:00
ORD_BULK_09655,DISH_BULK_1924,CUST_02723,2026-09-18T13:20:00
ORD_BULK_09656,DISH_BULK_0204,CUST_00887,2026-09-11T10:40:00
ORD_BULK_09657,DISH_BULK_1947,CUST_01303,2026-09-13T19:48:00
ORD_BULK_09658,DISH_BULK_0888,CUST_02172,2026-09-10T12:21:00
ORD_BULK_09659,DISH_BULK_0714,CUST_03640,2026-09-15T08:46:00
ORD_BULK_09660,DISH_BULK_1168,CUST_03365,2026-09-11T03:54:00
ORD_BULK_09661,DISH_BULK_1189,CUST_02062,2026-09-14T00:33:00
ORD_BULK_09662,DISH_BULK_2844,CUST_01881,2026-09-17T23:25:00
ORD_BULK_09663,DISH_BULK_0695,CUST_01571,2026-09-10T21:36:00
ORD_BULK_09664,DISH_BULK_0617,CUST_02305,2026-09-12T07:10:00
ORD_BULK_09665,DISH_BULK_1315,CUST_01064,2026-09-14T19:42:00
ORD_BULK_09666,DISH_BULK_2760,CUST_02164,2026-09-14T21:59:00
ORD_BULK_09667,DISH_BULK_0558,CUST_03660,2026-09-15T11:07:00
ORD_BULK_09668,DISH_BULK_0715,CUST_02274,2026-09-16T04:57:00
ORD_BULK_09669,DISH_BULK_1183,CUST_00188,2026-09-15T10:31:00
ORD_BULK_09670,DISH_BULK_1660,CUST_01756,2026-09-13T04:27:00
ORD_BULK_09671,DISH_BULK_0511,CUST_00043,2026-09-15T09:36:00
ORD_BULK_09672,DISH_BULK_2627,CUST_03656,2026-09-14T15:00:00
ORD_BULK_09673,DISH_BULK_2752,CUST_00848,2026-09-11T23:16:00
ORD_BULK_09674,DISH_BULK_1912,CUST_03874,2026-09-11T02:27:00
ORD_BULK_09675,DISH_BULK_2847,CUST_00846,2026-09-14T04:22:00
ORD_BULK_09676,DISH_BULK_0806,CUST_02977,2026-09-16T13:46:00
ORD_BULK_09677,DISH_BULK_1596,CUST_01950,2026-09-15T02:01:00
ORD_BULK_09678,DISH_BULK_2786,CUST_00567,2026-09-14T09:47:00
ORD_BULK_09679,DISH_BULK_2426,CUST_00514,2026-09-12T19:29:00
ORD_BULK_09680,DISH_BULK_2120,CUST_01767,2026-09-18T13:09:00
ORD_BULK_09681,DISH_BULK_2018,CUST_03424,2026-09-15T17:45:00
ORD_BULK_09682,DISH_BULK_2441,CUST_00214,2026-09-14T22:59:00
ORD_BULK_09683,DISH_BULK_2705,CUST_02843,2026-09-10T16:14:00
ORD_BULK_09684,DISH_BULK_1032,CUST_02118,2026-09-16T06:54:00
ORD_BULK_09685,DISH_BULK_1565,CUST_02423,2026-09-18T01:31:00
ORD_BULK_09686,DISH_BULK_0911,CUST_00723,2026-09-10T23:42:00
ORD_BULK_09687,DISH_BULK_2796,CUST_01371,2026-09-14T13:10:00
ORD_BULK_09688,DISH_BULK_0917,CUST_01064,2026-09-10T09:38:00
ORD_BULK_09689,DISH_BULK_1374,CUST_03229,2026-09-10T14:56:00
ORD_BULK_09690,DISH_BULK_2769,CUST_02150,2026-09-17T04:55:00
ORD_BULK_09691,DISH_BULK_0547,CUST_01943,2026-09-12T14:37:00
ORD_BULK_09692,DISH_BULK_2320,CUST_01713,2026-09-11T06:53:00
ORD_BULK_09693,DISH_BULK_1294,CUST_02442,2026-09-15T10:42:00
ORD_BULK_09694,DISH_BULK_1711,CUST_03898,2026-09-13T06:16:00
ORD_BULK_09695,DISH_PNR_037,CUST_01288,2026-09-12T12:23:00
ORD_BULK_09696,DISH_BULK_2746,CUST_02688,2026-09-13T23:50:00
ORD_BULK_09697,DISH_BULK_1639,CUST_01845,2026-09-10T23:46:00
ORD_BULK_09698,DISH_BULK_1894,CUST_02049,2026-09-17T02:34:00
ORD_BULK_09699,DISH_BULK_1851,CUST_02048,2026-09-18T10:03:00
ORD_BULK_09700,DISH_BULK_1342,CUST_01411,2026-09-13T05:32:00
ORD_BULK_09701,DISH_BULK_0604,CUST_01788,2026-09-11T05:01:00
ORD_BULK_09702,DISH_BULK_2357,CUST_02886,2026-09-10T15:32:00
ORD_BULK_09703,DISH_BULK_0942,CUST_03405,2026-09-16T07:53:00
ORD_BULK_09704,DISH_BULK_1017,CUST_00603,2026-09-12T09:24:00
ORD_BULK_09705,DISH_BULK_1907,CUST_00861,2026-09-14T21:53:00
ORD_BULK_09706,DISH_BULK_0487,CUST_01866,2026-09-18T14:58:00
ORD_BULK_09707,DISH_BULK_0798,CUST_00739,2026-09-11T00:17:00
ORD_BULK_09708,DISH_BULK_2846,CUST_00722,2026-09-12T07:54:00
ORD_BULK_09709,DISH_BULK_2589,CUST_00604,2026-09-15T19:39:00
ORD_BULK_09710,DISH_BULK_0377,CUST_00436,2026-09-11T04:28:00
ORD_BULK_09711,DISH_BULK_1857,CUST_03401,2026-09-14T13:18:00
ORD_BULK_09712,DISH_BULK_2621,CUST_03634,2026-09-15T21:49:00
ORD_BULK_09713,DISH_BULK_1698,CUST_02486,2026-09-11T16:57:00
ORD_BULK_09714,DISH_BULK_1968,CUST_00437,2026-09-15T03:29:00
ORD_BULK_09715,DISH_BULK_0627,CUST_00235,2026-09-13T16:25:00
ORD_BULK_09716,DISH_BULK_0599,CUST_02527,2026-09-16T12:19:00
ORD_BULK_09717,DISH_BULK_1477,CUST_00468,2026-09-13T14:54:00
ORD_BULK_09718,DISH_BULK_1052,CUST_03429,2026-09-16T14:51:00
ORD_BULK_09719,DISH_BULK_1609,CUST_02364,2026-09-16T15:07:00
ORD_BULK_09720,DISH_BULK_0907,CUST_00133,2026-09-14T14:20:00
ORD_BULK_09721,DISH_BULK_0673,CUST_03851,2026-09-11T12:16:00
ORD_BULK_09722,DISH_BULK_1694,CUST_03914,2026-09-16T21:59:00
ORD_BULK_09723,DISH_PNR_033,CUST_00850,2026-09-16T23:36:00
ORD_BULK_09724,DISH_BULK_0687,CUST_00767,2026-09-10T16:04:00
ORD_BULK_09725,DISH_BULK_0692,CUST_03060,2026-09-15T00:50:00
ORD_BULK_09726,DISH_BULK_2283,CUST_03256,2026-09-16T14:04:00
ORD_BULK_09727,DISH_BULK_0010,CUST_00392,2026-09-13T08:40:00
ORD_BULK_09728,DISH_BULK_0709,CUST_02780,2026-09-14T20:32:00
ORD_BULK_09729,DISH_BULK_1054,CUST_02030,2026-09-11T05:08:00
ORD_BULK_09730,DISH_BULK_0202,CUST_01730,2026-09-16T13:11:00
ORD_BULK_09731,DISH_BULK_0057,CUST_03557,2026-09-11T03:30:00
ORD_BULK_09732,DISH_BULK_1799,CUST_01903,2026-09-10T13:16:00
ORD_BULK_09733,DISH_BULK_0838,CUST_03303,2026-09-11T05:57:00
ORD_BULK_09734,DISH_BULK_1592,CUST_03785,2026-09-12T12:58:00
ORD_BULK_09735,DISH_BULK_1779,CUST_03634,2026-09-10T18:44:00
ORD_BULK_09736,DISH_BULK_1356,CUST_02807,2026-09-10T10:56:00
ORD_BULK_09737,DISH_BULK_0088,CUST_01193,2026-09-16T23:16:00
ORD_BULK_09738,DISH_BULK_0766,CUST_00855,2026-09-12T10:26:00
ORD_BULK_09739,DISH_BULK_1646,CUST_03421,2026-09-15T13:17:00
ORD_BULK_09740,DISH_BULK_0705,CUST_01040,2026-09-13T12:21:00
ORD_BULK_09741,DISH_BULK_1497,CUST_02366,2026-09-12T21:07:00
ORD_BULK_09742,DISH_BULK_0417,CUST_03535,2026-09-15T08:18:00
ORD_BULK_09743,DISH_BULK_0608,CUST_02307,2026-09-13T12:05:00
ORD_BULK_09744,DISH_BULK_1770,CUST_01775,2026-09-13T01:59:00
ORD_BULK_09745,DISH_BULK_2228,CUST_00022,2026-09-16T11:26:00
ORD_BULK_09746,DISH_BULK_0864,CUST_03924,2026-09-16T17:41:00
ORD_BULK_09747,DISH_BULK_0087,CUST_03037,2026-09-14T20:35:00
ORD_BULK_09748,DISH_BULK_1285,CUST_01066,2026-09-11T00:37:00
ORD_BULK_09749,DISH_BULK_0594,CUST_03609,2026-09-14T07:31:00
ORD_BULK_09750,DISH_BULK_2476,CUST_02985,2026-09-17T07:19:00
ORD_BULK_09751,DISH_BULK_2206,CUST_01332,2026-09-11T13:41:00
ORD_BULK_09752,DISH_BULK_2816,CUST_02473,2026-09-12T19:47:00
ORD_BULK_09753,DISH_BULK_2430,CUST_00922,2026-09-11T18:44:00
ORD_BULK_09754,DISH_BULK_1846,CUST_02871,2026-09-12T03:08:00
ORD_BULK_09755,DISH_BULK_1974,CUST_00739,2026-09-16T11:42:00
ORD_BULK_09756,DISH_BULK_0310,CUST_00656,2026-09-16T20:21:00
ORD_BULK_09757,DISH_BULK_0436,CUST_03368,2026-09-14T17:50:00
ORD_BULK_09758,DISH_BULK_0864,CUST_01426,2026-09-17T18:05:00
ORD_BULK_09759,DISH_BULK_0149,CUST_01223,2026-09-16T17:47:00
ORD_BULK_09760,DISH_BULK_1712,CUST_00244,2026-09-11T18:15:00
ORD_BULK_09761,DISH_BULK_1717,CUST_02944,2026-09-15T02:37:00
ORD_BULK_09762,DISH_BULK_1807,CUST_01619,2026-09-17T16:22:00
ORD_BULK_09763,DISH_BULK_1310,CUST_03376,2026-09-12T06:52:00
ORD_BULK_09764,DISH_BULK_1812,CUST_03535,2026-09-12T05:23:00
ORD_BULK_09765,DISH_BULK_2218,CUST_02640,2026-09-13T18:56:00
ORD_BULK_09766,DISH_BULK_1411,CUST_00842,2026-09-17T00:35:00
ORD_BULK_09767,DISH_BULK_1957,CUST_01085,2026-09-17T10:14:00
ORD_BULK_09768,DISH_BULK_2520,CUST_02402,2026-09-14T14:01:00
ORD_BULK_09769,DISH_BULK_0049,CUST_01855,2026-09-18T13:22:00
ORD_BULK_09770,DISH_PNR_003,CUST_02072,2026-09-16T13:07:00
ORD_BULK_09771,DISH_BULK_1735,CUST_01235,2026-09-10T08:45:00
ORD_BULK_09772,DISH_BULK_1668,CUST_03065,2026-09-15T23:12:00
ORD_BULK_09773,DISH_BULK_1442,CUST_03087,2026-09-15T00:43:00
ORD_BULK_09774,DISH_BULK_0042,CUST_00695,2026-09-10T20:10:00
ORD_BULK_09775,DISH_BULK_2188,CUST_00042,2026-09-17T21:37:00
ORD_BULK_09776,DISH_BULK_2882,CUST_03779,2026-09-11T12:12:00
ORD_BULK_09777,DISH_BULK_2268,CUST_03932,2026-09-12T06:54:00
ORD_BULK_09778,DISH_BULK_2391,CUST_00191,2026-09-12T05:18:00
ORD_BULK_09779,DISH_BULK_0716,CUST_03161,2026-09-11T05:13:00
ORD_BULK_09780,DISH_BULK_1475,CUST_03182,2026-09-13T17:43:00
ORD_BULK_09781,DISH_BULK_0929,CUST_02539,2026-09-10T16:53:00
ORD_BULK_09782,DISH_BULK_1098,CUST_01062,2026-09-16T12:03:00
ORD_BULK_09783,DISH_BULK_2298,CUST_03744,2026-09-10T17:26:00
ORD_BULK_09784,DISH_BULK_2349,CUST_00923,2026-09-12T07:20:00
ORD_BULK_09785,DISH_BULK_0596,CUST_01428,2026-09-12T12:32:00
ORD_BULK_09786,DISH_BULK_0966,CUST_00845,2026-09-12T07:19:00
ORD_BULK_09787,DISH_PNR_027,CUST_03922,2026-09-12T05:48:00
ORD_BULK_09788,DISH_BULK_0956,CUST_01465,2026-09-11T02:21:00
ORD_BULK_09789,DISH_BULK_0120,CUST_00631,2026-09-14T14:11:00
ORD_BULK_09790,DISH_BULK_2624,CUST_03299,2026-09-14T02:29:00
ORD_BULK_09791,DISH_BULK_1363,CUST_03496,2026-09-11T00:12:00
ORD_BULK_09792,DISH_BULK_0418,CUST_02533,2026-09-18T15:10:00
ORD_BULK_09793,DISH_BULK_0880,CUST_01383,2026-09-13T13:27:00
ORD_BULK_09794,DISH_BULK_1299,CUST_03262,2026-09-18T12:02:00
ORD_BULK_09795,DISH_BULK_2751,CUST_03677,2026-09-10T17:07:00
ORD_BULK_09796,DISH_BULK_0879,CUST_03504,2026-09-14T22:32:00
ORD_BULK_09797,DISH_BULK_2333,CUST_02066,2026-09-16T15:23:00
ORD_BULK_09798,DISH_BULK_2248,CUST_01167,2026-09-18T05:49:00
ORD_BULK_09799,DISH_BULK_0806,CUST_02556,2026-09-12T12:52:00
ORD_BULK_09800,DISH_BULK_0959,CUST_00790,2026-09-12T04:17:00
ORD_BULK_09801,DISH_BULK_1160,CUST_03481,2026-09-13T03:15:00
ORD_BULK_09802,DISH_BULK_1568,CUST_03765,2026-09-12T04:34:00
ORD_BULK_09803,DISH_BULK_2379,CUST_01748,2026-09-11T20:06:00
ORD_BULK_09804,DISH_PNR_030,CUST_03326,2026-09-16T10:44:00
ORD_BULK_09805,DISH_BULK_0063,CUST_01421,2026-09-16T18:05:00
ORD_BULK_09806,DISH_BULK_2159,CUST_02643,2026-09-12T22:56:00
ORD_BULK_09807,DISH_BULK_0455,CUST_00518,2026-09-13T09:34:00
ORD_BULK_09808,DISH_BULK_1060,CUST_00371,2026-09-12T04:09:00
ORD_BULK_09809,DISH_BULK_2328,CUST_00236,2026-09-15T09:19:00
ORD_BULK_09810,DISH_BULK_1319,CUST_03078,2026-09-17T03:24:00
ORD_BULK_09811,DISH_BULK_1562,CUST_01283,2026-09-17T07:02:00
ORD_BULK_09812,DISH_BULK_2416,CUST_02519,2026-09-11T20:33:00
ORD_BULK_09813,DISH_BULK_0185,CUST_00483,2026-09-11T22:57:00
ORD_BULK_09814,DISH_BULK_0948,CUST_03961,2026-09-15T23:33:00
ORD_BULK_09815,DISH_BULK_1598,CUST_00812,2026-09-11T04:32:00
ORD_BULK_09816,DISH_BULK_1924,CUST_01884,2026-09-13T20:22:00
ORD_BULK_09817,DISH_BULK_2362,CUST_01523,2026-09-13T11:52:00
ORD_BULK_09818,DISH_BULK_0609,CUST_00269,2026-09-10T12:03:00
ORD_BULK_09819,DISH_BULK_1526,CUST_00747,2026-09-17T02:33:00
ORD_BULK_09820,DISH_BULK_1052,CUST_02626,2026-09-11T09:22:00
ORD_BULK_09821,DISH_BULK_2273,CUST_00833,2026-09-15T10:22:00
ORD_BULK_09822,DISH_BULK_1354,CUST_02549,2026-09-11T10:42:00
ORD_BULK_09823,DISH_BULK_2354,CUST_00543,2026-09-12T09:22:00
ORD_BULK_09824,DISH_BULK_1574,CUST_01829,2026-09-11T04:45:00
ORD_BULK_09825,DISH_BULK_2833,CUST_00939,2026-09-11T11:16:00
ORD_BULK_09826,DISH_BULK_1926,CUST_01526,2026-09-12T23:23:00
ORD_BULK_09827,DISH_BULK_2913,CUST_01642,2026-09-11T18:58:00
ORD_BULK_09828,DISH_BULK_1688,CUST_03502,2026-09-13T10:50:00
ORD_BULK_09829,DISH_BULK_1893,CUST_01305,2026-09-12T01:16:00
ORD_BULK_09830,DISH_BULK_2689,CUST_03495,2026-09-16T02:54:00
ORD_BULK_09831,DISH_BULK_2532,CUST_03760,2026-09-14T20:51:00
ORD_BULK_09832,DISH_BULK_0985,CUST_01570,2026-09-11T12:05:00
ORD_BULK_09833,DISH_BULK_0535,CUST_02873,2026-09-10T14:56:00
ORD_BULK_09834,DISH_BULK_2496,CUST_01744,2026-09-11T16:53:00
ORD_BULK_09835,DISH_BULK_1791,CUST_03313,2026-09-12T22:24:00
ORD_BULK_09836,DISH_BULK_0062,CUST_00019,2026-09-16T19:56:00
ORD_BULK_09837,DISH_BULK_2383,CUST_00649,2026-09-17T20:10:00
ORD_BULK_09838,DISH_BULK_2137,CUST_03697,2026-09-13T09:20:00
ORD_BULK_09839,DISH_BULK_1245,CUST_03583,2026-09-11T21:31:00
ORD_BULK_09840,DISH_BULK_1061,CUST_00251,2026-09-12T12:10:00
ORD_BULK_09841,DISH_BULK_0634,CUST_02889,2026-09-11T12:54:00
ORD_BULK_09842,DISH_BULK_0211,CUST_01450,2026-09-18T04:42:00
ORD_BULK_09843,DISH_BULK_0897,CUST_03523,2026-09-14T02:37:00
ORD_BULK_09844,DISH_BULK_1406,CUST_00041,2026-09-13T22:46:00
ORD_BULK_09845,DISH_BULK_0339,CUST_01110,2026-09-12T17:18:00
ORD_BULK_09846,DISH_BULK_2902,CUST_03162,2026-09-11T22:06:00
ORD_BULK_09847,DISH_BULK_0365,CUST_02384,2026-09-17T14:43:00
ORD_BULK_09848,DISH_BULK_0384,CUST_01227,2026-09-13T00:55:00
ORD_BULK_09849,DISH_BULK_2682,CUST_03447,2026-09-10T21:28:00
ORD_BULK_09850,DISH_BULK_2073,CUST_03488,2026-09-15T08:35:00
ORD_BULK_09851,DISH_BULK_1941,CUST_03758,2026-09-17T01:27:00
ORD_BULK_09852,DISH_BULK_1842,CUST_02613,2026-09-11T22:08:00
ORD_BULK_09853,DISH_BULK_1022,CUST_01910,2026-09-17T05:19:00
ORD_BULK_09854,DISH_BULK_0473,CUST_01534,2026-09-18T05:04:00
ORD_BULK_09855,DISH_BULK_0983,CUST_03523,2026-09-11T19:51:00
ORD_BULK_09856,DISH_BULK_0582,CUST_03977,2026-09-11T09:30:00
ORD_BULK_09857,DISH_BULK_2009,CUST_02234,2026-09-13T00:30:00
ORD_BULK_09858,DISH_BULK_2854,CUST_03354,2026-09-13T05:27:00
ORD_BULK_09859,DISH_BULK_2527,CUST_03269,2026-09-18T00:25:00
ORD_BULK_09860,DISH_BULK_1270,CUST_02869,2026-09-16T11:22:00
ORD_BULK_09861,DISH_BULK_0402,CUST_02420,2026-09-12T09:14:00
ORD_BULK_09862,DISH_PNR_031,CUST_01240,2026-09-16T12:12:00
ORD_BULK_09863,DISH_BULK_1932,CUST_02018,2026-09-10T19:19:00
ORD_BULK_09864,DISH_BULK_1721,CUST_02019,2026-09-17T13:08:00
ORD_BULK_09865,DISH_BULK_1519,CUST_03398,2026-09-16T20:53:00
ORD_BULK_09866,DISH_BULK_0766,CUST_03939,2026-09-12T17:03:00
ORD_BULK_09867,DISH_BULK_0914,CUST_03103,2026-09-12T06:27:00
ORD_BULK_09868,DISH_BULK_2366,CUST_02415,2026-09-16T16:25:00
ORD_BULK_09869,DISH_BULK_1715,CUST_01452,2026-09-11T10:00:00
ORD_BULK_09870,DISH_BULK_1420,CUST_03575,2026-09-17T08:37:00
ORD_BULK_09871,DISH_BULK_0188,CUST_00680,2026-09-14T04:55:00
ORD_BULK_09872,DISH_BULK_1867,CUST_02935,2026-09-16T12:14:00
ORD_BULK_09873,DISH_BULK_2679,CUST_01188,2026-09-15T06:19:00
ORD_BULK_09874,DISH_BULK_1080,CUST_00235,2026-09-16T05:55:00
ORD_BULK_09875,DISH_BULK_1320,CUST_02608,2026-09-16T01:28:00
ORD_BULK_09876,DISH_BULK_1425,CUST_03012,2026-09-16T07:59:00
ORD_BULK_09877,DISH_BULK_2126,CUST_00787,2026-09-16T11:51:00
ORD_BULK_09878,DISH_BULK_0657,CUST_03985,2026-09-13T23:33:00
ORD_BULK_09879,DISH_BULK_2819,CUST_01791,2026-09-18T10:02:00
ORD_BULK_09880,DISH_BULK_1911,CUST_00553,2026-09-14T22:27:00
ORD_BULK_09881,DISH_BULK_0658,CUST_00074,2026-09-16T02:41:00
ORD_BULK_09882,DISH_BULK_1044,CUST_01630,2026-09-15T19:41:00
ORD_BULK_09883,DISH_BULK_0467,CUST_02698,2026-09-16T23:36:00
ORD_BULK_09884,DISH_BULK_0643,CUST_01485,2026-09-13T19:19:00
ORD_BULK_09885,DISH_BULK_0841,CUST_03532,2026-09-17T14:07:00
ORD_BULK_09886,DISH_BULK_1260,CUST_03020,2026-09-14T13:55:00
ORD_BULK_09887,DISH_BULK_0282,CUST_03219,2026-09-16T23:54:00
ORD_BULK_09888,DISH_BULK_1558,CUST_00692,2026-09-16T15:40:00
ORD_BULK_09889,DISH_BULK_0605,CUST_00708,2026-09-12T10:07:00
ORD_BULK_09890,DISH_BULK_1389,CUST_00036,2026-09-11T13:01:00
ORD_BULK_09891,DISH_BULK_2138,CUST_00752,2026-09-14T08:18:00
ORD_BULK_09892,DISH_BULK_2941,CUST_03260,2026-09-17T21:13:00
ORD_BULK_09893,DISH_BULK_2557,CUST_01662,2026-09-12T05:52:00
ORD_BULK_09894,DISH_BULK_1182,CUST_01832,2026-09-12T06:59:00
ORD_BULK_09895,DISH_BULK_2216,CUST_01685,2026-09-12T11:31:00
ORD_BULK_09896,DISH_BULK_2366,CUST_03115,2026-09-13T04:47:00
ORD_BULK_09897,DISH_BULK_0692,CUST_02647,2026-09-10T11:28:00
ORD_BULK_09898,DISH_BULK_0325,CUST_03487,2026-09-12T06:17:00
ORD_BULK_09899,DISH_BULK_0619,CUST_01007,2026-09-13T10:41:00
ORD_BULK_09900,DISH_BULK_0311,CUST_01178,2026-09-16T19:34:00
ORD_BULK_09901,DISH_BULK_2302,CUST_00717,2026-09-17T02:12:00
ORD_BULK_09902,DISH_PNR_047,CUST_03228,2026-09-10T11:40:00
ORD_BULK_09903,DISH_BULK_2434,CUST_02877,2026-09-17T18:53:00
ORD_BULK_09904,DISH_BULK_1664,CUST_01616,2026-09-12T06:29:00
ORD_BULK_09905,DISH_BULK_2795,CUST_01817,2026-09-10T18:51:00
ORD_BULK_09906,DISH_BULK_0504,CUST_01679,2026-09-14T20:49:00
ORD_BULK_09907,DISH_PNR_002,CUST_01075,2026-09-14T05:34:00
ORD_BULK_09908,DISH_BULK_0169,CUST_03944,2026-09-16T22:34:00
ORD_BULK_09909,DISH_BULK_1433,CUST_01763,2026-09-12T13:01:00
ORD_BULK_09910,DISH_BULK_0712,CUST_00274,2026-09-15T18:18:00
ORD_BULK_09911,DISH_BULK_1121,CUST_02651,2026-09-10T18:44:00
ORD_BULK_09912,DISH_BULK_0030,CUST_02938,2026-09-12T23:14:00
ORD_BULK_09913,DISH_BULK_2471,CUST_00307,2026-09-10T21:37:00
ORD_BULK_09914,DISH_BULK_0299,CUST_02355,2026-09-12T19:58:00
ORD_BULK_09915,DISH_BULK_0960,CUST_01519,2026-09-12T14:49:00
ORD_BULK_09916,DISH_BULK_2160,CUST_02537,2026-09-12T08:30:00
ORD_BULK_09917,DISH_BULK_0504,CUST_00657,2026-09-13T17:20:00
ORD_BULK_09918,DISH_BULK_1853,CUST_00384,2026-09-11T07:42:00
ORD_BULK_09919,DISH_BULK_2378,CUST_00911,2026-09-14T16:23:00
ORD_BULK_09920,DISH_PNR_024,CUST_02847,2026-09-10T20:46:00
ORD_BULK_09921,DISH_BULK_1673,CUST_03954,2026-09-10T13:48:00
ORD_BULK_09922,DISH_BULK_2120,CUST_00589,2026-09-15T13:59:00
ORD_BULK_09923,DISH_BULK_1944,CUST_02700,2026-09-10T18:10:00
ORD_BULK_09924,DISH_BULK_1266,CUST_01639,2026-09-13T12:43:00
ORD_BULK_09925,DISH_BULK_1593,CUST_00455,2026-09-18T03:04:00
ORD_BULK_09926,DISH_BULK_1666,CUST_03404,2026-09-10T22:59:00
ORD_BULK_09927,DISH_BULK_1895,CUST_03997,2026-09-15T07:02:00
ORD_BULK_09928,DISH_BULK_0485,CUST_01602,2026-09-13T12:50:00
ORD_BULK_09929,DISH_BULK_0848,CUST_02903,2026-09-16T07:33:00
ORD_BULK_09930,DISH_BULK_2875,CUST_03848,2026-09-14T08:39:00
ORD_BULK_09931,DISH_PNR_043,CUST_00061,2026-09-16T20:18:00
ORD_BULK_09932,DISH_BULK_1287,CUST_00935,2026-09-15T14:26:00
ORD_BULK_09933,DISH_BULK_0664,CUST_00819,2026-09-13T10:06:00
ORD_BULK_09934,DISH_BULK_1689,CUST_00370,2026-09-15T09:25:00
ORD_BULK_09935,DISH_BULK_1697,CUST_02700,2026-09-12T00:02:00
ORD_BULK_09936,DISH_BULK_0867,CUST_02758,2026-09-11T14:23:00
ORD_BULK_09937,DISH_BULK_0796,CUST_03553,2026-09-12T14:07:00
ORD_BULK_09938,DISH_BULK_1634,CUST_00470,2026-09-10T11:23:00
ORD_BULK_09939,DISH_BULK_2587,CUST_03838,2026-09-17T08:32:00
ORD_BULK_09940,DISH_BULK_1014,CUST_01160,2026-09-18T10:34:00
ORD_BULK_09941,DISH_BULK_0335,CUST_03953,2026-09-15T06:51:00
ORD_BULK_09942,DISH_BULK_1181,CUST_00563,2026-09-12T14:37:00
ORD_BULK_09943,DISH_BULK_2884,CUST_00407,2026-09-14T18:14:00
ORD_BULK_09944,DISH_BULK_1383,CUST_01131,2026-09-13T14:33:00
ORD_BULK_09945,DISH_BULK_0430,CUST_03750,2026-09-12T13:41:00
ORD_BULK_09946,DISH_BULK_1837,CUST_00732,2026-09-15T14:40:00
ORD_BULK_09947,DISH_BULK_1878,CUST_02698,2026-09-14T18:02:00
ORD_BULK_09948,DISH_BULK_2097,CUST_01483,2026-09-15T18:08:00
ORD_BULK_09949,DISH_BULK_1675,CUST_03664,2026-09-10T16:38:00
ORD_BULK_09950,DISH_BULK_1682,CUST_03518,2026-09-18T05:06:00
ORD_BULK_09951,DISH_BULK_0807,CUST_03237,2026-09-13T04:32:00
ORD_BULK_09952,DISH_BULK_2429,CUST_01198,2026-09-12T09:10:00
ORD_BULK_09953,DISH_BULK_2508,CUST_03993,2026-09-10T20:17:00
ORD_BULK_09954,DISH_BULK_1090,CUST_03605,2026-09-15T05:01:00
ORD_BULK_09955,DISH_BULK_0238,CUST_01939,2026-09-14T01:30:00
ORD_BULK_09956,DISH_BULK_1347,CUST_00410,2026-09-16T03:42:00
ORD_BULK_09957,DISH_BULK_2208,CUST_01808,2026-09-10T13:23:00
ORD_BULK_09958,DISH_BULK_0308,CUST_03424,2026-09-15T23:00:00
ORD_BULK_09959,DISH_BULK_2492,CUST_02522,2026-09-16T18:10:00
ORD_BULK_09960,DISH_BULK_0727,CUST_00707,2026-09-13T17:51:00
ORD_BULK_09961,DISH_BULK_2810,CUST_00749,2026-09-10T19:14:00
ORD_BULK_09962,DISH_BULK_0644,CUST_01176,2026-09-16T17:00:00
ORD_BULK_09963,DISH_BULK_0851,CUST_01824,2026-09-13T20:00:00
ORD_BULK_09964,DISH_BULK_1046,CUST_03161,2026-09-13T08:59:00
ORD_BULK_09965,DISH_BULK_0272,CUST_03149,2026-09-15T23:29:00
ORD_BULK_09966,DISH_BULK_0643,CUST_00898,2026-09-13T09:21:00
ORD_BULK_09967,DISH_BULK_1368,CUST_01755,2026-09-14T03:32:00
ORD_BULK_09968,DISH_BULK_0758,CUST_02053,2026-09-14T18:08:00
ORD_BULK_09969,DISH_BULK_2299,CUST_01047,2026-09-15T10:30:00
ORD_BULK_09970,DISH_BULK_2289,CUST_03117,2026-09-10T10:56:00
ORD_BULK_09971,DISH_BULK_0631,CUST_01471,2026-09-13T16:07:00
ORD_BULK_09972,DISH_BULK_2149,CUST_01515,2026-09-12T21:32:00
ORD_BULK_09973,DISH_BULK_1504,CUST_03450,2026-09-11T21:21:00
ORD_BULK_09974,DISH_BULK_1666,CUST_02292,2026-09-16T19:03:00
ORD_BULK_09975,DISH_BULK_0123,CUST_01151,2026-09-18T03:55:00
ORD_BULK_09976,DISH_BULK_1869,CUST_00709,2026-09-12T14:01:00
ORD_BULK_09977,DISH_BULK_2066,CUST_01778,2026-09-18T08:48:00
ORD_BULK_09978,DISH_BULK_1044,CUST_00259,2026-09-17T18:16:00
ORD_BULK_09979,DISH_BULK_0003,CUST_03922,2026-09-10T08:52:00
ORD_BULK_09980,DISH_BULK_2393,CUST_01389,2026-09-12T22:01:00
ORD_BULK_09981,DISH_BULK_2005,CUST_03582,2026-09-14T04:04:00
ORD_BULK_09982,DISH_BULK_2517,CUST_03628,2026-09-13T21:27:00
ORD_BULK_09983,DISH_BULK_1927,CUST_03039,2026-09-13T09:09:00
ORD_BULK_09984,DISH_BULK_0668,CUST_00375,2026-09-14T18:43:00
ORD_BULK_09985,DISH_BULK_2928,CUST_01141,2026-09-13T00:01:00
ORD_BULK_09986,DISH_BULK_1269,CUST_03196,2026-09-17T01:06:00
ORD_BULK_09987,DISH_BULK_2425,CUST_00066,2026-09-10T16:52:00
ORD_BULK_09988,DISH_BULK_2336,CUST_03200,2026-09-12T20:10:00
ORD_BULK_09989,DISH_BULK_1907,CUST_02186,2026-09-11T05:12:00
ORD_BULK_09990,DISH_BULK_1026,CUST_02753,2026-09-15T04:41:00
ORD_BULK_09991,DISH_BULK_0158,CUST_01249,2026-09-15T21:27:00
ORD_BULK_09992,DISH_BULK_2606,CUST_02602,2026-09-15T00:06:00
ORD_BULK_09993,DISH_BULK_0338,CUST_01203,2026-09-12T20:39:00
ORD_BULK_09994,DISH_BULK_1820,CUST_02070,2026-09-16T06:41:00
ORD_BULK_09995,DISH_BULK_1026,CUST_01130,2026-09-12T17:57:00
ORD_BULK_09996,DISH_BULK_1826,CUST_00210,2026-09-14T20:11:00
ORD_BULK_09997,DISH_BULK_2934,CUST_01537,2026-09-11T06:29:00
ORD_BULK_09998,DISH_BULK_2174,CUST_03083,2026-09-15T11:15:00
ORD_BULK_09999,DISH_BULK_2623,CUST_03945,2026-09-14T07:57:00
ORD_BULK_10000,DISH_BULK_1656,CUST_01051,2026-09-15T01:04:00
